tissue,model,train_set,test_set,mutation,observed,predicted
COADREAD_LUAD_PAAD,functional_score,genie,cosmic,T2A,0,0.4870473854591882
COADREAD_LUAD_PAAD,functional_score,genie,cosmic,T2I,0,0.4808227721540407
COADREAD_LUAD_PAAD,functional_score,genie,cosmic,T2N,0,0.6553832495364891
COADREAD_LUAD_PAAD,functional_score,genie,cosmic,T2P,0,1.899722501386884
COADREAD_LUAD_PAAD,functional_score,genie,cosmic,T2S,0,1.2808942641449397
COADREAD_LUAD_PAAD,functional_score,genie,cosmic,E3A,0,0.4349789850879471
COADREAD_LUAD_PAAD,functional_score,genie,cosmic,E3D,0,0.9138538188077046
COADREAD_LUAD_PAAD,functional_score,genie,cosmic,E3G,0,1.5455512220950798
COADREAD_LUAD_PAAD,functional_score,genie,cosmic,E3K,1,0.6929021633856532
COADREAD_LUAD_PAAD,functional_score,genie,cosmic,E3Q,0,0.9023240860997308
COADREAD_LUAD_PAAD,functional_score,genie,cosmic,E3V,0,0.6538150845201753
COADREAD_LUAD_PAAD,functional_score,genie,cosmic,Y4C,0,0.6755374177469351
COADREAD_LUAD_PAAD,functional_score,genie,cosmic,Y4D,0,0.9257118635821016
COADREAD_LUAD_PAAD,functional_score,genie,cosmic,Y4F,0,0.4819324669481695
COADREAD_LUAD_PAAD,functional_score,genie,cosmic,Y4H,0,0.758167588702427
COADREAD_LUAD_PAAD,functional_score,genie,cosmic,Y4N,0,0.94819271019922
COADREAD_LUAD_PAAD,functional_score,genie,cosmic,Y4S,0,1.5916282824734038
COADREAD_LUAD_PAAD,functional_score,genie,cosmic,K5E,1,0.4156035073429753
COADREAD_LUAD_PAAD,functional_score,genie,cosmic,K5I,0,0.628799818613835
COADREAD_LUAD_PAAD,functional_score,genie,cosmic,K5N,1,0.5112236089616182
COADREAD_LUAD_PAAD,functional_score,genie,cosmic,K5Q,0,0.7266286437837766
COADREAD_LUAD_PAAD,functional_score,genie,cosmic,K5R,2,1.6744316342874934
COADREAD_LUAD_PAAD,functional_score,genie,cosmic,K5T,0,0.4117941205829053
COADREAD_LUAD_PAAD,functional_score,genie,cosmic,L6F,0,1.7949611133351664
COADREAD_LUAD_PAAD,functional_score,genie,cosmic,L6H,1,0.4531995796491005
COADREAD_LUAD_PAAD,functional_score,genie,cosmic,L6I,0,0.9204926326833176
COADREAD_LUAD_PAAD,functional_score,genie,cosmic,L6P,0,0.8984982272579516
COADREAD_LUAD_PAAD,functional_score,genie,cosmic,L6R,0,0.29091637762684863
COADREAD_LUAD_PAAD,functional_score,genie,cosmic,L6V,0,0.599935967977998
COADREAD_LUAD_PAAD,functional_score,genie,cosmic,V7A,0,0.6420137948419254
COADREAD_LUAD_PAAD,functional_score,genie,cosmic,V7E,0,0.3192751525010657
COADREAD_LUAD_PAAD,functional_score,genie,cosmic,V7G,0,0.6282781910432201
COADREAD_LUAD_PAAD,functional_score,genie,cosmic,V7L,0,0.3695316378982149
COADREAD_LUAD_PAAD,functional_score,genie,cosmic,V7M,0,0.3825071450363953
COADREAD_LUAD_PAAD,functional_score,genie,cosmic,V8A,0,0.8360022039577654
COADREAD_LUAD_PAAD,functional_score,genie,cosmic,V8E,1,0.9194942322923544
COADREAD_LUAD_PAAD,functional_score,genie,cosmic,V8G,0,0.94734400862555
COADREAD_LUAD_PAAD,functional_score,genie,cosmic,V8I,1,0.926929798367576
COADREAD_LUAD_PAAD,functional_score,genie,cosmic,V8L,0,0.7577614139459892
COADREAD_LUAD_PAAD,functional_score,genie,cosmic,V9A,0,0.3007684867812147
COADREAD_LUAD_PAAD,functional_score,genie,cosmic,V9D,0,0.7310885013352795
COADREAD_LUAD_PAAD,functional_score,genie,cosmic,V9F,0,0.5621241256420141
COADREAD_LUAD_PAAD,functional_score,genie,cosmic,V9G,0,0.842855480213979
COADREAD_LUAD_PAAD,functional_score,genie,cosmic,V9I,0,1.0877756759822403
COADREAD_LUAD_PAAD,functional_score,genie,cosmic,V9L,0,1.1385800714240792
COADREAD_LUAD_PAAD,functional_score,genie,cosmic,G10A,0,0.7007001703200144
COADREAD_LUAD_PAAD,functional_score,genie,cosmic,G10E,1,0.20138336114224537
COADREAD_LUAD_PAAD,functional_score,genie,cosmic,G10R,1,0.4893852193189834
COADREAD_LUAD_PAAD,functional_score,genie,cosmic,G10V,1,0.16773774528221427
COADREAD_LUAD_PAAD,functional_score,genie,cosmic,A11D,0,0.5966979127949646
COADREAD_LUAD_PAAD,functional_score,genie,cosmic,A11G,0,0.4881550713223747
COADREAD_LUAD_PAAD,functional_score,genie,cosmic,A11P,1,0.4163755138865272
COADREAD_LUAD_PAAD,functional_score,genie,cosmic,A11S,0,0.5726161570155178
COADREAD_LUAD_PAAD,functional_score,genie,cosmic,A11T,1,0.44280822014752086
COADREAD_LUAD_PAAD,functional_score,genie,cosmic,A11V,1,0.48373758415406193
COADREAD_LUAD_PAAD,functional_score,genie,cosmic,G12A,837,28.49019507078333
COADREAD_LUAD_PAAD,functional_score,genie,cosmic,G12C,3082,599.9819734497175
COADREAD_LUAD_PAAD,functional_score,genie,cosmic,G12D,5534,2211.512474667617
COADREAD_LUAD_PAAD,functional_score,genie,cosmic,G12R,957,173.39669037252224
COADREAD_LUAD_PAAD,functional_score,genie,cosmic,G12S,500,62.80666655494797
COADREAD_LUAD_PAAD,functional_score,genie,cosmic,G12V,4305,2372.8272722577426
COADREAD_LUAD_PAAD,functional_score,genie,cosmic,G13A,7,0.15733474180207463
COADREAD_LUAD_PAAD,functional_score,genie,cosmic,G13C,238,74.82916686840379
COADREAD_LUAD_PAAD,functional_score,genie,cosmic,G13D,973,238.0492898599446
COADREAD_LUAD_PAAD,functional_score,genie,cosmic,G13R,20,1848.9462244476863
COADREAD_LUAD_PAAD,functional_score,genie,cosmic,G13S,12,0.7709835023643884
COADREAD_LUAD_PAAD,functional_score,genie,cosmic,G13V,14,809.2044884109677
COADREAD_LUAD_PAAD,functional_score,genie,cosmic,V14A,2,0.2980547274968322
COADREAD_LUAD_PAAD,functional_score,genie,cosmic,V14E,0,1.069056870342885
COADREAD_LUAD_PAAD,functional_score,genie,cosmic,V14G,2,1.1513571269868053
COADREAD_LUAD_PAAD,functional_score,genie,cosmic,V14I,4,1.5335292488540255
COADREAD_LUAD_PAAD,functional_score,genie,cosmic,V14L,0,2.718780669164881
COADREAD_LUAD_PAAD,functional_score,genie,cosmic,G15A,0,0.19196644817861497
COADREAD_LUAD_PAAD,functional_score,genie,cosmic,G15C,0,0.2245532620738464
COADREAD_LUAD_PAAD,functional_score,genie,cosmic,G15D,0,0.26400966011720484
COADREAD_LUAD_PAAD,functional_score,genie,cosmic,G15R,0,0.5736984876658991
COADREAD_LUAD_PAAD,functional_score,genie,cosmic,G15S,0,0.12728253784872456
COADREAD_LUAD_PAAD,functional_score,genie,cosmic,G15V,0,0.18912296704586715
COADREAD_LUAD_PAAD,functional_score,genie,cosmic,K16E,0,0.3271078511445837
COADREAD_LUAD_PAAD,functional_score,genie,cosmic,K16M,0,0.30872885252638554
COADREAD_LUAD_PAAD,functional_score,genie,cosmic,K16N,0,0.3166119662016082
COADREAD_LUAD_PAAD,functional_score,genie,cosmic,K16Q,0,0.12502094400061173
COADREAD_LUAD_PAAD,functional_score,genie,cosmic,K16R,0,0.1959335204789018
COADREAD_LUAD_PAAD,functional_score,genie,cosmic,K16T,0,2.360337845008994
COADREAD_LUAD_PAAD,functional_score,genie,cosmic,S17C,0,0.1271146574351929
COADREAD_LUAD_PAAD,functional_score,genie,cosmic,S17G,1,0.12350548865272012
COADREAD_LUAD_PAAD,functional_score,genie,cosmic,S17I,0,0.21666305618084225
COADREAD_LUAD_PAAD,functional_score,genie,cosmic,S17N,0,0.1973934855181891
COADREAD_LUAD_PAAD,functional_score,genie,cosmic,S17R,0,0.16126837578602066
COADREAD_LUAD_PAAD,functional_score,genie,cosmic,S17T,0,0.1049290289993457
COADREAD_LUAD_PAAD,functional_score,genie,cosmic,A18D,1,5.14059763511218
COADREAD_LUAD_PAAD,functional_score,genie,cosmic,A18G,0,0.8838579127964937
COADREAD_LUAD_PAAD,functional_score,genie,cosmic,A18P,0,0.300618762256587
COADREAD_LUAD_PAAD,functional_score,genie,cosmic,A18S,0,0.177240590567721
COADREAD_LUAD_PAAD,functional_score,genie,cosmic,A18T,1,0.7681463048325067
COADREAD_LUAD_PAAD,functional_score,genie,cosmic,A18V,1,2.113065853716254
COADREAD_LUAD_PAAD,functional_score,genie,cosmic,L19F,12,20.778192408263653
COADREAD_LUAD_PAAD,functional_score,genie,cosmic,L19M,0,0.33901586460018585
COADREAD_LUAD_PAAD,functional_score,genie,cosmic,L19S,0,0.3311611280194121
COADREAD_LUAD_PAAD,functional_score,genie,cosmic,L19V,0,0.26511832048010514
COADREAD_LUAD_PAAD,functional_score,genie,cosmic,L19W,0,0.2950248466857223
COADREAD_LUAD_PAAD,functional_score,genie,cosmic,T20A,0,0.8519989244425327
COADREAD_LUAD_PAAD,functional_score,genie,cosmic,T20K,0,0.17305199194877674
COADREAD_LUAD_PAAD,functional_score,genie,cosmic,T20M,1,0.8555607560305016
COADREAD_LUAD_PAAD,functional_score,genie,cosmic,T20P,0,0.3002757216163787
COADREAD_LUAD_PAAD,functional_score,genie,cosmic,T20R,0,0.08349805021006167
COADREAD_LUAD_PAAD,functional_score,genie,cosmic,T20S,0,0.9488143838160654
COADREAD_LUAD_PAAD,functional_score,genie,cosmic,I21K,0,0.22660881987537487
COADREAD_LUAD_PAAD,functional_score,genie,cosmic,I21L,0,0.4410117781250718
COADREAD_LUAD_PAAD,functional_score,genie,cosmic,I21M,0,0.2944734275094145
COADREAD_LUAD_PAAD,functional_score,genie,cosmic,I21R,0,1.907795884458684
COADREAD_LUAD_PAAD,functional_score,genie,cosmic,I21T,0,0.6837761593258889
COADREAD_LUAD_PAAD,functional_score,genie,cosmic,I21V,0,0.6909971451919371
COADREAD_LUAD_PAAD,functional_score,genie,cosmic,Q22E,0,4.129119960652369
COADREAD_LUAD_PAAD,functional_score,genie,cosmic,Q22H,1,0.5113853121286652
COADREAD_LUAD_PAAD,functional_score,genie,cosmic,Q22K,4,2.985283038006606
COADREAD_LUAD_PAAD,functional_score,genie,cosmic,Q22L,1,1.244004505816715
COADREAD_LUAD_PAAD,functional_score,genie,cosmic,Q22P,0,0.429339892856186
COADREAD_LUAD_PAAD,functional_score,genie,cosmic,Q22R,1,0.3805923294339591
COADREAD_LUAD_PAAD,functional_score,genie,cosmic,L23I,0,0.4424048997142821
COADREAD_LUAD_PAAD,functional_score,genie,cosmic,L23P,0,0.5332787853676489
COADREAD_LUAD_PAAD,functional_score,genie,cosmic,L23Q,0,0.9030894995229812
COADREAD_LUAD_PAAD,functional_score,genie,cosmic,L23R,0,22.20054925770479
COADREAD_LUAD_PAAD,functional_score,genie,cosmic,L23V,0,0.6368672581201724
COADREAD_LUAD_PAAD,functional_score,genie,cosmic,I24F,0,1.2350810455798646
COADREAD_LUAD_PAAD,functional_score,genie,cosmic,I24L,0,0.742525177341583
COADREAD_LUAD_PAAD,functional_score,genie,cosmic,I24M,0,0.4861688309681645
COADREAD_LUAD_PAAD,functional_score,genie,cosmic,I24N,0,2.175242072005886
COADREAD_LUAD_PAAD,functional_score,genie,cosmic,I24S,0,0.7168909426874511
COADREAD_LUAD_PAAD,functional_score,genie,cosmic,I24T,0,0.3860399816435504
COADREAD_LUAD_PAAD,functional_score,genie,cosmic,I24V,0,0.2535405596965327
COADREAD_LUAD_PAAD,functional_score,genie,cosmic,Q25E,0,0.4390532883884406
COADREAD_LUAD_PAAD,functional_score,genie,cosmic,Q25H,0,1.032534248008405
COADREAD_LUAD_PAAD,functional_score,genie,cosmic,Q25K,0,0.286376826003555
COADREAD_LUAD_PAAD,functional_score,genie,cosmic,Q25L,0,0.3151725305101636
COADREAD_LUAD_PAAD,functional_score,genie,cosmic,Q25P,0,0.1789127006978521
COADREAD_LUAD_PAAD,functional_score,genie,cosmic,Q25R,0,0.35979602120203774
COADREAD_LUAD_PAAD,functional_score,genie,cosmic,N26D,0,0.7796196418442414
COADREAD_LUAD_PAAD,functional_score,genie,cosmic,N26H,0,0.8188814580095387
COADREAD_LUAD_PAAD,functional_score,genie,cosmic,N26I,0,0.649827245255702
COADREAD_LUAD_PAAD,functional_score,genie,cosmic,N26K,0,0.5028603479672626
COADREAD_LUAD_PAAD,functional_score,genie,cosmic,N26S,0,0.3725498053846716
COADREAD_LUAD_PAAD,functional_score,genie,cosmic,N26T,0,1.025988533739932
COADREAD_LUAD_PAAD,functional_score,genie,cosmic,N26Y,0,1.1956442955432738
COADREAD_LUAD_PAAD,functional_score,genie,cosmic,H27D,0,0.20805968312315887
COADREAD_LUAD_PAAD,functional_score,genie,cosmic,H27L,0,0.7396615702086833
COADREAD_LUAD_PAAD,functional_score,genie,cosmic,H27N,0,0.6263193795239508
COADREAD_LUAD_PAAD,functional_score,genie,cosmic,H27P,0,0.22814640761322288
COADREAD_LUAD_PAAD,functional_score,genie,cosmic,H27Q,0,0.6361267234159196
COADREAD_LUAD_PAAD,functional_score,genie,cosmic,H27R,0,0.5372706191509453
COADREAD_LUAD_PAAD,functional_score,genie,cosmic,H27Y,0,1.0645472789737729
COADREAD_LUAD_PAAD,functional_score,genie,cosmic,F28C,0,0.9191371960712024
COADREAD_LUAD_PAAD,functional_score,genie,cosmic,F28I,0,2.3371545394702395
COADREAD_LUAD_PAAD,functional_score,genie,cosmic,F28L,1,0.2728661973370464
COADREAD_LUAD_PAAD,functional_score,genie,cosmic,F28S,0,0.4391060475683564
COADREAD_LUAD_PAAD,functional_score,genie,cosmic,F28V,0,1.0350618811936123
COADREAD_LUAD_PAAD,functional_score,genie,cosmic,F28Y,0,0.5952522809610382
COADREAD_LUAD_PAAD,functional_score,genie,cosmic,V29A,0,0.44142910178638056
COADREAD_LUAD_PAAD,functional_score,genie,cosmic,V29E,0,0.8611555642576735
COADREAD_LUAD_PAAD,functional_score,genie,cosmic,V29G,0,1.1753894568227852
COADREAD_LUAD_PAAD,functional_score,genie,cosmic,V29L,0,0.6774593522714789
COADREAD_LUAD_PAAD,functional_score,genie,cosmic,V29M,0,0.6358397297265662
COADREAD_LUAD_PAAD,functional_score,genie,cosmic,D30A,0,0.6368759586910551
COADREAD_LUAD_PAAD,functional_score,genie,cosmic,D30E,0,0.7859345645667533
COADREAD_LUAD_PAAD,functional_score,genie,cosmic,D30G,0,0.7006727021939703
COADREAD_LUAD_PAAD,functional_score,genie,cosmic,D30H,0,1.1798234863587107
COADREAD_LUAD_PAAD,functional_score,genie,cosmic,D30N,0,0.641718106835813
COADREAD_LUAD_PAAD,functional_score,genie,cosmic,D30V,0,0.6239921608279613
COADREAD_LUAD_PAAD,functional_score,genie,cosmic,D30Y,0,1.041536994671033
COADREAD_LUAD_PAAD,functional_score,genie,cosmic,E31A,0,0.5629683820344882
COADREAD_LUAD_PAAD,functional_score,genie,cosmic,E31D,0,0.3729128160053946
COADREAD_LUAD_PAAD,functional_score,genie,cosmic,E31G,0,0.24649562808430672
COADREAD_LUAD_PAAD,functional_score,genie,cosmic,E31K,2,0.5115683847133856
COADREAD_LUAD_PAAD,functional_score,genie,cosmic,E31Q,0,0.558466283286781
COADREAD_LUAD_PAAD,functional_score,genie,cosmic,E31V,0,0.3913494357238866
COADREAD_LUAD_PAAD,functional_score,genie,cosmic,Y32C,0,0.40253099182101537
COADREAD_LUAD_PAAD,functional_score,genie,cosmic,Y32D,0,0.3304940325124877
COADREAD_LUAD_PAAD,functional_score,genie,cosmic,Y32F,0,0.2674243230799498
COADREAD_LUAD_PAAD,functional_score,genie,cosmic,Y32H,0,0.4441978738362488
COADREAD_LUAD_PAAD,functional_score,genie,cosmic,Y32N,0,0.6338175709820864
COADREAD_LUAD_PAAD,functional_score,genie,cosmic,Y32S,0,0.2560618284923039
COADREAD_LUAD_PAAD,functional_score,genie,cosmic,D33A,0,0.7279291911695561
COADREAD_LUAD_PAAD,functional_score,genie,cosmic,D33E,3,2.700323734726062
COADREAD_LUAD_PAAD,functional_score,genie,cosmic,D33G,0,0.3498401907968494
COADREAD_LUAD_PAAD,functional_score,genie,cosmic,D33H,0,0.28062795483797703
COADREAD_LUAD_PAAD,functional_score,genie,cosmic,D33N,0,0.24432534252404112
COADREAD_LUAD_PAAD,functional_score,genie,cosmic,D33V,0,0.4719338672042592
COADREAD_LUAD_PAAD,functional_score,genie,cosmic,D33Y,0,0.22847178773859503
COADREAD_LUAD_PAAD,functional_score,genie,cosmic,P34A,0,0.4989457392002734
COADREAD_LUAD_PAAD,functional_score,genie,cosmic,P34L,1,3.733817218298196
COADREAD_LUAD_PAAD,functional_score,genie,cosmic,P34Q,0,1.4941948533323233
COADREAD_LUAD_PAAD,functional_score,genie,cosmic,P34R,0,2.109777927924563
COADREAD_LUAD_PAAD,functional_score,genie,cosmic,P34S,1,0.8258939989303131
COADREAD_LUAD_PAAD,functional_score,genie,cosmic,P34T,0,0.7750280651631013
COADREAD_LUAD_PAAD,functional_score,genie,cosmic,T35A,0,0.37379761975902065
COADREAD_LUAD_PAAD,functional_score,genie,cosmic,T35I,0,0.38904011762141966
COADREAD_LUAD_PAAD,functional_score,genie,cosmic,T35K,0,0.89997236482278
COADREAD_LUAD_PAAD,functional_score,genie,cosmic,T35P,0,0.7007960725770885
COADREAD_LUAD_PAAD,functional_score,genie,cosmic,T35R,0,0.291230450766477
COADREAD_LUAD_PAAD,functional_score,genie,cosmic,T35S,0,0.5740252339151456
COADREAD_LUAD_PAAD,functional_score,genie,cosmic,I36K,0,0.2769224900678102
COADREAD_LUAD_PAAD,functional_score,genie,cosmic,I36L,0,0.3360213460053476
COADREAD_LUAD_PAAD,functional_score,genie,cosmic,I36M,0,0.8839707733178771
COADREAD_LUAD_PAAD,functional_score,genie,cosmic,I36R,0,0.4642086301714117
COADREAD_LUAD_PAAD,functional_score,genie,cosmic,I36T,0,0.6516403414374843
COADREAD_LUAD_PAAD,functional_score,genie,cosmic,I36V,0,0.3623289023327687
COADREAD_LUAD_PAAD,functional_score,genie,cosmic,E37A,0,0.33247805211257664
COADREAD_LUAD_PAAD,functional_score,genie,cosmic,E37D,0,2.752015342637533
COADREAD_LUAD_PAAD,functional_score,genie,cosmic,E37G,0,0.33104592947275074
COADREAD_LUAD_PAAD,functional_score,genie,cosmic,E37K,0,0.35959161590045224
COADREAD_LUAD_PAAD,functional_score,genie,cosmic,E37Q,0,0.6039178975309233
COADREAD_LUAD_PAAD,functional_score,genie,cosmic,E37V,0,0.23813812803982304
COADREAD_LUAD_PAAD,functional_score,genie,cosmic,D38A,0,0.22007289227843607
COADREAD_LUAD_PAAD,functional_score,genie,cosmic,D38E,0,0.5429094290430653
COADREAD_LUAD_PAAD,functional_score,genie,cosmic,D38G,0,0.22899374752579088
COADREAD_LUAD_PAAD,functional_score,genie,cosmic,D38H,0,0.21578970860432745
COADREAD_LUAD_PAAD,functional_score,genie,cosmic,D38N,0,0.33532729916963544
COADREAD_LUAD_PAAD,functional_score,genie,cosmic,D38V,0,0.11335512988986106
COADREAD_LUAD_PAAD,functional_score,genie,cosmic,D38Y,0,0.3609254408980542
COADREAD_LUAD_PAAD,functional_score,genie,cosmic,S39A,0,0.13720087980297924
COADREAD_LUAD_PAAD,functional_score,genie,cosmic,S39C,0,6.14013448007744
COADREAD_LUAD_PAAD,functional_score,genie,cosmic,S39F,0,0.282765026482306
COADREAD_LUAD_PAAD,functional_score,genie,cosmic,S39P,0,1.0803051830732602
COADREAD_LUAD_PAAD,functional_score,genie,cosmic,S39T,0,0.44936000855806446
COADREAD_LUAD_PAAD,functional_score,genie,cosmic,S39Y,0,0.5621769473182149
COADREAD_LUAD_PAAD,functional_score,genie,cosmic,Y40C,0,0.2670548282797951
COADREAD_LUAD_PAAD,functional_score,genie,cosmic,Y40D,0,0.30551723234011485
COADREAD_LUAD_PAAD,functional_score,genie,cosmic,Y40F,0,0.4466314091737082
COADREAD_LUAD_PAAD,functional_score,genie,cosmic,Y40H,0,0.35964163115181397
COADREAD_LUAD_PAAD,functional_score,genie,cosmic,Y40N,0,0.18465521161635257
COADREAD_LUAD_PAAD,functional_score,genie,cosmic,Y40S,0,0.33863069669887014
COADREAD_LUAD_PAAD,functional_score,genie,cosmic,R41G,0,0.35877842232954427
COADREAD_LUAD_PAAD,functional_score,genie,cosmic,R41K,0,0.524866356897506
COADREAD_LUAD_PAAD,functional_score,genie,cosmic,R41M,0,1.038256936513185
COADREAD_LUAD_PAAD,functional_score,genie,cosmic,R41S,0,0.8042852116535227
COADREAD_LUAD_PAAD,functional_score,genie,cosmic,R41T,0,0.45828908279528535
COADREAD_LUAD_PAAD,functional_score,genie,cosmic,R41W,0,0.349626909653696
COADREAD_LUAD_PAAD,functional_score,genie,cosmic,K42E,0,0.4377128525415708
COADREAD_LUAD_PAAD,functional_score,genie,cosmic,K42M,0,0.4084845346550576
COADREAD_LUAD_PAAD,functional_score,genie,cosmic,K42N,0,0.2454224146118041
COADREAD_LUAD_PAAD,functional_score,genie,cosmic,K42Q,0,0.6483551915226287
COADREAD_LUAD_PAAD,functional_score,genie,cosmic,K42R,0,0.2881595942572593
COADREAD_LUAD_PAAD,functional_score,genie,cosmic,K42T,0,0.3108184025157689
COADREAD_LUAD_PAAD,functional_score,genie,cosmic,Q43E,0,0.3412380308985431
COADREAD_LUAD_PAAD,functional_score,genie,cosmic,Q43H,0,0.46131761423595946
COADREAD_LUAD_PAAD,functional_score,genie,cosmic,Q43K,0,0.6043690403479927
COADREAD_LUAD_PAAD,functional_score,genie,cosmic,Q43L,0,0.6513059956359293
COADREAD_LUAD_PAAD,functional_score,genie,cosmic,Q43P,0,0.392684117065208
COADREAD_LUAD_PAAD,functional_score,genie,cosmic,Q43R,0,0.4460958524773028
COADREAD_LUAD_PAAD,functional_score,genie,cosmic,V44A,0,0.7484724108534176
COADREAD_LUAD_PAAD,functional_score,genie,cosmic,V44E,1,0.2575900359872638
COADREAD_LUAD_PAAD,functional_score,genie,cosmic,V44G,0,0.550893985941107
COADREAD_LUAD_PAAD,functional_score,genie,cosmic,V44I,0,0.8205203725578603
COADREAD_LUAD_PAAD,functional_score,genie,cosmic,V44L,0,1.5752198039279264
COADREAD_LUAD_PAAD,functional_score,genie,cosmic,V45A,0,0.4367149321440422
COADREAD_LUAD_PAAD,functional_score,genie,cosmic,V45E,0,0.32153167296101143
COADREAD_LUAD_PAAD,functional_score,genie,cosmic,V45G,0,0.5350134216902656
COADREAD_LUAD_PAAD,functional_score,genie,cosmic,V45I,0,0.5190224407861248
COADREAD_LUAD_PAAD,functional_score,genie,cosmic,V45L,0,0.42738508628133454
COADREAD_LUAD_PAAD,functional_score,genie,cosmic,I46F,0,0.698781165824363
COADREAD_LUAD_PAAD,functional_score,genie,cosmic,I46L,0,0.7579159189751861
COADREAD_LUAD_PAAD,functional_score,genie,cosmic,I46M,0,0.6510937091444079
COADREAD_LUAD_PAAD,functional_score,genie,cosmic,I46N,0,0.4971888508053621
COADREAD_LUAD_PAAD,functional_score,genie,cosmic,I46S,0,0.5026493537860228
COADREAD_LUAD_PAAD,functional_score,genie,cosmic,I46T,0,1.0896827667463134
COADREAD_LUAD_PAAD,functional_score,genie,cosmic,I46V,0,0.3471224665798755
COADREAD_LUAD_PAAD,functional_score,genie,cosmic,D47A,0,0.8269859460182667
COADREAD_LUAD_PAAD,functional_score,genie,cosmic,D47E,0,0.7673395863843415
COADREAD_LUAD_PAAD,functional_score,genie,cosmic,D47G,0,1.3057246841942634
COADREAD_LUAD_PAAD,functional_score,genie,cosmic,D47H,0,0.602184072423174
COADREAD_LUAD_PAAD,functional_score,genie,cosmic,D47N,0,0.47251384455762896
COADREAD_LUAD_PAAD,functional_score,genie,cosmic,D47V,0,1.685088116223502
COADREAD_LUAD_PAAD,functional_score,genie,cosmic,D47Y,0,0.7180991779524775
COADREAD_LUAD_PAAD,functional_score,genie,cosmic,G48A,1,0.3734332193953185
COADREAD_LUAD_PAAD,functional_score,genie,cosmic,G48E,0,0.5073736505254491
COADREAD_LUAD_PAAD,functional_score,genie,cosmic,G48R,0,0.7780917350235537
COADREAD_LUAD_PAAD,functional_score,genie,cosmic,G48V,0,0.5453247820074021
COADREAD_LUAD_PAAD,functional_score,genie,cosmic,E49A,0,0.6742077787208973
COADREAD_LUAD_PAAD,functional_score,genie,cosmic,E49D,0,0.5242004138896432
COADREAD_LUAD_PAAD,functional_score,genie,cosmic,E49G,0,0.29948986233202984
COADREAD_LUAD_PAAD,functional_score,genie,cosmic,E49K,2,0.8540204146844373
COADREAD_LUAD_PAAD,functional_score,genie,cosmic,E49Q,0,0.5437358792961106
COADREAD_LUAD_PAAD,functional_score,genie,cosmic,E49V,0,1.1148890639709963
COADREAD_LUAD_PAAD,functional_score,genie,cosmic,T50A,0,0.3018155482544036
COADREAD_LUAD_PAAD,functional_score,genie,cosmic,T50I,1,0.5307733828037994
COADREAD_LUAD_PAAD,functional_score,genie,cosmic,T50N,0,0.7198969577287548
COADREAD_LUAD_PAAD,functional_score,genie,cosmic,T50P,0,0.7696117897895768
COADREAD_LUAD_PAAD,functional_score,genie,cosmic,T50S,0,0.1876277640707645
COADREAD_LUAD_PAAD,functional_score,genie,cosmic,C51F,0,0.2077263501569817
COADREAD_LUAD_PAAD,functional_score,genie,cosmic,C51G,0,1.4715332719345136
COADREAD_LUAD_PAAD,functional_score,genie,cosmic,C51R,2,0.3642604453084681
COADREAD_LUAD_PAAD,functional_score,genie,cosmic,C51S,0,0.5011347599889391
COADREAD_LUAD_PAAD,functional_score,genie,cosmic,C51W,0,1.839577572571722
COADREAD_LUAD_PAAD,functional_score,genie,cosmic,C51Y,0,0.4279708150101838
COADREAD_LUAD_PAAD,functional_score,genie,cosmic,L52F,0,0.441552388686486
COADREAD_LUAD_PAAD,functional_score,genie,cosmic,L52H,0,0.547017692999584
COADREAD_LUAD_PAAD,functional_score,genie,cosmic,L52I,0,0.7949860804336847
COADREAD_LUAD_PAAD,functional_score,genie,cosmic,L52P,0,0.4174918881258454
COADREAD_LUAD_PAAD,functional_score,genie,cosmic,L52R,0,0.36712769952424035
COADREAD_LUAD_PAAD,functional_score,genie,cosmic,L52V,0,0.6409372125792985
COADREAD_LUAD_PAAD,functional_score,genie,cosmic,L53F,0,0.3387805009227885
COADREAD_LUAD_PAAD,functional_score,genie,cosmic,L53M,0,0.8394609050357902
COADREAD_LUAD_PAAD,functional_score,genie,cosmic,L53S,0,1.162122557115838
COADREAD_LUAD_PAAD,functional_score,genie,cosmic,L53V,0,0.8887208613489421
COADREAD_LUAD_PAAD,functional_score,genie,cosmic,L53W,0,0.867883404168863
COADREAD_LUAD_PAAD,functional_score,genie,cosmic,D54A,0,0.29970917640079336
COADREAD_LUAD_PAAD,functional_score,genie,cosmic,D54E,0,0.8680702804807371
COADREAD_LUAD_PAAD,functional_score,genie,cosmic,D54G,0,0.34307800631073365
COADREAD_LUAD_PAAD,functional_score,genie,cosmic,D54H,0,0.3570137369723815
COADREAD_LUAD_PAAD,functional_score,genie,cosmic,D54N,0,0.7936757835008607
COADREAD_LUAD_PAAD,functional_score,genie,cosmic,D54V,0,0.8311374712876997
COADREAD_LUAD_PAAD,functional_score,genie,cosmic,D54Y,0,0.792878215599265
COADREAD_LUAD_PAAD,functional_score,genie,cosmic,I55F,0,1.5820547144728685
COADREAD_LUAD_PAAD,functional_score,genie,cosmic,I55L,0,0.60554243471222
COADREAD_LUAD_PAAD,functional_score,genie,cosmic,I55M,0,0.5497691848163581
COADREAD_LUAD_PAAD,functional_score,genie,cosmic,I55N,0,1.440797603156809
COADREAD_LUAD_PAAD,functional_score,genie,cosmic,I55S,0,1.4158473004502392
COADREAD_LUAD_PAAD,functional_score,genie,cosmic,I55T,0,0.4024538824564097
COADREAD_LUAD_PAAD,functional_score,genie,cosmic,I55V,0,0.430938458600484
COADREAD_LUAD_PAAD,functional_score,genie,cosmic,L56F,0,0.392349095445065
COADREAD_LUAD_PAAD,functional_score,genie,cosmic,L56H,0,0.38566169271605055
COADREAD_LUAD_PAAD,functional_score,genie,cosmic,L56I,0,3.772919125602842
COADREAD_LUAD_PAAD,functional_score,genie,cosmic,L56P,0,0.08058114471158212
COADREAD_LUAD_PAAD,functional_score,genie,cosmic,L56R,0,0.3986123153586942
COADREAD_LUAD_PAAD,functional_score,genie,cosmic,L56V,0,1.9188526075140535
COADREAD_LUAD_PAAD,functional_score,genie,cosmic,D57A,0,0.5002767109691955
COADREAD_LUAD_PAAD,functional_score,genie,cosmic,D57E,0,0.2524471313504518
COADREAD_LUAD_PAAD,functional_score,genie,cosmic,D57G,0,0.8597839610111495
COADREAD_LUAD_PAAD,functional_score,genie,cosmic,D57H,0,0.15094340517419716
COADREAD_LUAD_PAAD,functional_score,genie,cosmic,D57N,4,0.18809683532640656
COADREAD_LUAD_PAAD,functional_score,genie,cosmic,D57V,0,0.4482803977002558
COADREAD_LUAD_PAAD,functional_score,genie,cosmic,D57Y,0,0.2282930080198214
COADREAD_LUAD_PAAD,functional_score,genie,cosmic,T58A,0,1.445174453517917
COADREAD_LUAD_PAAD,functional_score,genie,cosmic,T58I,1,1.2817882413148314
COADREAD_LUAD_PAAD,functional_score,genie,cosmic,T58K,0,1.3705881355667011
COADREAD_LUAD_PAAD,functional_score,genie,cosmic,T58P,0,0.6583779776794669
COADREAD_LUAD_PAAD,functional_score,genie,cosmic,T58R,0,2.968556452426382
COADREAD_LUAD_PAAD,functional_score,genie,cosmic,T58S,0,2.1257325453843428
COADREAD_LUAD_PAAD,functional_score,genie,cosmic,A59E,2,1.275505549781831
COADREAD_LUAD_PAAD,functional_score,genie,cosmic,A59G,1,0.6245652587073228
COADREAD_LUAD_PAAD,functional_score,genie,cosmic,A59P,0,0.7526791869332686
COADREAD_LUAD_PAAD,functional_score,genie,cosmic,A59S,0,1.215252673567535
COADREAD_LUAD_PAAD,functional_score,genie,cosmic,A59T,7,2.0217416439159637
COADREAD_LUAD_PAAD,functional_score,genie,cosmic,A59V,0,3.8401644336724288
COADREAD_LUAD_PAAD,functional_score,genie,cosmic,G60A,0,0.42054140296391984
COADREAD_LUAD_PAAD,functional_score,genie,cosmic,G60C,0,0.5882920073859075
COADREAD_LUAD_PAAD,functional_score,genie,cosmic,G60D,0,1.0877079017027502
COADREAD_LUAD_PAAD,functional_score,genie,cosmic,G60R,0,0.8131976755328373
COADREAD_LUAD_PAAD,functional_score,genie,cosmic,G60S,0,3.8824770959089743
COADREAD_LUAD_PAAD,functional_score,genie,cosmic,G60V,0,0.9690902245082887
COADREAD_LUAD_PAAD,functional_score,genie,cosmic,Q61E,4,1.270408263748148
COADREAD_LUAD_PAAD,functional_score,genie,cosmic,Q61H,194,41.161679877597486
COADREAD_LUAD_PAAD,functional_score,genie,cosmic,Q61K,31,261.81068031578724
COADREAD_LUAD_PAAD,functional_score,genie,cosmic,Q61L,40,1406.6259330485802
COADREAD_LUAD_PAAD,functional_score,genie,cosmic,Q61P,4,2.603742292341854
COADREAD_LUAD_PAAD,functional_score,genie,cosmic,Q61R,45,835.3913087227031
COADREAD_LUAD_PAAD,functional_score,genie,cosmic,E62A,0,0.5533686673452687
COADREAD_LUAD_PAAD,functional_score,genie,cosmic,E62D,1,0.31783870033697287
COADREAD_LUAD_PAAD,functional_score,genie,cosmic,E62G,0,1.5383454377302457
COADREAD_LUAD_PAAD,functional_score,genie,cosmic,E62K,0,3.547230862979076
COADREAD_LUAD_PAAD,functional_score,genie,cosmic,E62Q,1,0.47206111566120834
COADREAD_LUAD_PAAD,functional_score,genie,cosmic,E62V,0,0.4278969963983121
COADREAD_LUAD_PAAD,functional_score,genie,cosmic,E63A,0,0.3718233868557827
COADREAD_LUAD_PAAD,functional_score,genie,cosmic,E63D,0,0.9301711410036024
COADREAD_LUAD_PAAD,functional_score,genie,cosmic,E63G,0,0.5768274755939098
COADREAD_LUAD_PAAD,functional_score,genie,cosmic,E63K,1,1.542533113919535
COADREAD_LUAD_PAAD,functional_score,genie,cosmic,E63Q,0,0.9046272619453752
COADREAD_LUAD_PAAD,functional_score,genie,cosmic,E63V,0,0.40222496707462824
COADREAD_LUAD_PAAD,functional_score,genie,cosmic,Y64C,0,0.7335464446460409
COADREAD_LUAD_PAAD,functional_score,genie,cosmic,Y64D,1,0.9255951340802204
COADREAD_LUAD_PAAD,functional_score,genie,cosmic,Y64F,0,0.40702251361204667
COADREAD_LUAD_PAAD,functional_score,genie,cosmic,Y64H,1,0.7616106152539027
COADREAD_LUAD_PAAD,functional_score,genie,cosmic,Y64N,0,0.6692353452903093
COADREAD_LUAD_PAAD,functional_score,genie,cosmic,Y64S,0,0.6512551636825085
COADREAD_LUAD_PAAD,functional_score,genie,cosmic,S65C,0,1.2983147230312513
COADREAD_LUAD_PAAD,functional_score,genie,cosmic,S65G,0,0.44289550105257214
COADREAD_LUAD_PAAD,functional_score,genie,cosmic,S65I,0,1.3632027171145131
COADREAD_LUAD_PAAD,functional_score,genie,cosmic,S65N,1,0.908288169730695
COADREAD_LUAD_PAAD,functional_score,genie,cosmic,S65R,0,0.5489679349186566
COADREAD_LUAD_PAAD,functional_score,genie,cosmic,S65T,0,0.5919123039187248
COADREAD_LUAD_PAAD,functional_score,genie,cosmic,A66E,0,0.5028600506628881
COADREAD_LUAD_PAAD,functional_score,genie,cosmic,A66G,0,0.31512693497607647
COADREAD_LUAD_PAAD,functional_score,genie,cosmic,A66P,0,0.25655981534958183
COADREAD_LUAD_PAAD,functional_score,genie,cosmic,A66S,0,0.8224653532432653
COADREAD_LUAD_PAAD,functional_score,genie,cosmic,A66T,0,0.5858112853465735
COADREAD_LUAD_PAAD,functional_score,genie,cosmic,A66V,0,0.412593991633364
COADREAD_LUAD_PAAD,functional_score,genie,cosmic,M67I,0,0.8629040151432147
COADREAD_LUAD_PAAD,functional_score,genie,cosmic,M67K,0,0.223650288609009
COADREAD_LUAD_PAAD,functional_score,genie,cosmic,M67L,1,0.3932059808994589
COADREAD_LUAD_PAAD,functional_score,genie,cosmic,M67R,0,0.6573541788268165
COADREAD_LUAD_PAAD,functional_score,genie,cosmic,M67T,0,0.902776005999795
COADREAD_LUAD_PAAD,functional_score,genie,cosmic,M67V,0,0.7125457489857908
COADREAD_LUAD_PAAD,functional_score,genie,cosmic,R68G,0,0.412735544471253
COADREAD_LUAD_PAAD,functional_score,genie,cosmic,R68K,0,0.46360226697854784
COADREAD_LUAD_PAAD,functional_score,genie,cosmic,R68M,0,1.3970788017774027
COADREAD_LUAD_PAAD,functional_score,genie,cosmic,R68S,4,0.6411056027146584
COADREAD_LUAD_PAAD,functional_score,genie,cosmic,R68T,0,0.2128367773086832
COADREAD_LUAD_PAAD,functional_score,genie,cosmic,R68W,0,0.7489666707720405
COADREAD_LUAD_PAAD,functional_score,genie,cosmic,D69A,0,0.7063344144440976
COADREAD_LUAD_PAAD,functional_score,genie,cosmic,D69E,0,0.4107445328757085
COADREAD_LUAD_PAAD,functional_score,genie,cosmic,D69G,0,1.0305804883338574
COADREAD_LUAD_PAAD,functional_score,genie,cosmic,D69H,0,0.2668925668170688
COADREAD_LUAD_PAAD,functional_score,genie,cosmic,D69N,0,1.1255712683335353
COADREAD_LUAD_PAAD,functional_score,genie,cosmic,D69V,0,0.9577092151078536
COADREAD_LUAD_PAAD,functional_score,genie,cosmic,D69Y,0,0.4283999058969295
COADREAD_LUAD_PAAD,functional_score,genie,cosmic,Q70E,0,0.6202669745513428
COADREAD_LUAD_PAAD,functional_score,genie,cosmic,Q70H,0,1.395999987638274
COADREAD_LUAD_PAAD,functional_score,genie,cosmic,Q70K,0,0.5409047332895623
COADREAD_LUAD_PAAD,functional_score,genie,cosmic,Q70L,0,0.5584560989788508
COADREAD_LUAD_PAAD,functional_score,genie,cosmic,Q70P,1,0.48796516757366715
COADREAD_LUAD_PAAD,functional_score,genie,cosmic,Q70R,0,1.380604482904093
COADREAD_LUAD_PAAD,functional_score,genie,cosmic,Y71C,1,0.8154188118192247
COADREAD_LUAD_PAAD,functional_score,genie,cosmic,Y71D,0,0.6192548151172238
COADREAD_LUAD_PAAD,functional_score,genie,cosmic,Y71F,0,1.0263984875008378
COADREAD_LUAD_PAAD,functional_score,genie,cosmic,Y71H,0,1.326430449229368
COADREAD_LUAD_PAAD,functional_score,genie,cosmic,Y71N,0,0.2623359510333315
COADREAD_LUAD_PAAD,functional_score,genie,cosmic,Y71S,0,0.7864835766543502
COADREAD_LUAD_PAAD,functional_score,genie,cosmic,M72I,0,0.4844109774643917
COADREAD_LUAD_PAAD,functional_score,genie,cosmic,M72K,0,0.5162426111666141
COADREAD_LUAD_PAAD,functional_score,genie,cosmic,M72L,0,0.6915992297168483
COADREAD_LUAD_PAAD,functional_score,genie,cosmic,M72R,0,0.2595376411746625
COADREAD_LUAD_PAAD,functional_score,genie,cosmic,M72T,0,0.6061973732627366
COADREAD_LUAD_PAAD,functional_score,genie,cosmic,M72V,1,0.7880829556678758
COADREAD_LUAD_PAAD,functional_score,genie,cosmic,R73G,0,1.5803181213957984
COADREAD_LUAD_PAAD,functional_score,genie,cosmic,R73K,0,0.29336568471956526
COADREAD_LUAD_PAAD,functional_score,genie,cosmic,R73M,0,0.935724193238959
COADREAD_LUAD_PAAD,functional_score,genie,cosmic,R73S,0,0.9544683133224856
COADREAD_LUAD_PAAD,functional_score,genie,cosmic,R73T,0,1.365677214573743
COADREAD_LUAD_PAAD,functional_score,genie,cosmic,R73W,0,0.5187443451269104
COADREAD_LUAD_PAAD,functional_score,genie,cosmic,T74A,1,1.1445872798908474
COADREAD_LUAD_PAAD,functional_score,genie,cosmic,T74I,0,0.7436445551670074
COADREAD_LUAD_PAAD,functional_score,genie,cosmic,T74N,0,0.5559174016541492
COADREAD_LUAD_PAAD,functional_score,genie,cosmic,T74P,0,0.3094995037145622
COADREAD_LUAD_PAAD,functional_score,genie,cosmic,T74S,0,1.0456301580918672
COADREAD_LUAD_PAAD,functional_score,genie,cosmic,G75A,0,0.2993501019270836
COADREAD_LUAD_PAAD,functional_score,genie,cosmic,G75E,0,0.303192790084893
COADREAD_LUAD_PAAD,functional_score,genie,cosmic,G75R,0,0.18760645752611435
COADREAD_LUAD_PAAD,functional_score,genie,cosmic,G75V,0,0.4830643267775562
COADREAD_LUAD_PAAD,functional_score,genie,cosmic,G75W,0,0.4677453953401304
COADREAD_LUAD_PAAD,functional_score,genie,cosmic,E76A,0,0.8085843480465363
COADREAD_LUAD_PAAD,functional_score,genie,cosmic,E76D,0,0.9845480730988218
COADREAD_LUAD_PAAD,functional_score,genie,cosmic,E76G,0,0.1982293872220112
COADREAD_LUAD_PAAD,functional_score,genie,cosmic,E76K,0,0.1737705590891257
COADREAD_LUAD_PAAD,functional_score,genie,cosmic,E76Q,0,0.7198540792505332
COADREAD_LUAD_PAAD,functional_score,genie,cosmic,E76V,0,0.6939852678670699
COADREAD_LUAD_PAAD,functional_score,genie,cosmic,G77A,0,0.542861200422513
COADREAD_LUAD_PAAD,functional_score,genie,cosmic,G77C,0,0.9319388301058306
COADREAD_LUAD_PAAD,functional_score,genie,cosmic,G77D,0,1.2051533202208888
COADREAD_LUAD_PAAD,functional_score,genie,cosmic,G77R,0,0.754878927354014
COADREAD_LUAD_PAAD,functional_score,genie,cosmic,G77S,0,0.621852404543357
COADREAD_LUAD_PAAD,functional_score,genie,cosmic,G77V,0,1.5525146132558891
COADREAD_LUAD_PAAD,functional_score,genie,cosmic,F78C,0,0.4719728870635826
COADREAD_LUAD_PAAD,functional_score,genie,cosmic,F78I,0,0.4310744397314669
COADREAD_LUAD_PAAD,functional_score,genie,cosmic,F78L,0,0.4936886708357704
COADREAD_LUAD_PAAD,functional_score,genie,cosmic,F78S,0,0.24696546872973713
COADREAD_LUAD_PAAD,functional_score,genie,cosmic,F78V,0,0.22039812835906877
COADREAD_LUAD_PAAD,functional_score,genie,cosmic,F78Y,0,0.46954402027925135
COADREAD_LUAD_PAAD,functional_score,genie,cosmic,L79F,0,0.4747188638464704
COADREAD_LUAD_PAAD,functional_score,genie,cosmic,L79H,0,0.7980088455655294
COADREAD_LUAD_PAAD,functional_score,genie,cosmic,L79I,0,0.6387357045516213
COADREAD_LUAD_PAAD,functional_score,genie,cosmic,L79P,0,0.5030324393871534
COADREAD_LUAD_PAAD,functional_score,genie,cosmic,L79R,0,0.666480097234664
COADREAD_LUAD_PAAD,functional_score,genie,cosmic,L79V,0,0.8089939986986053
COADREAD_LUAD_PAAD,functional_score,genie,cosmic,C80F,0,0.7307058161595343
COADREAD_LUAD_PAAD,functional_score,genie,cosmic,C80G,0,0.631962819692653
COADREAD_LUAD_PAAD,functional_score,genie,cosmic,C80R,0,0.8903601249984622
COADREAD_LUAD_PAAD,functional_score,genie,cosmic,C80S,0,0.9687045061139564
COADREAD_LUAD_PAAD,functional_score,genie,cosmic,C80W,0,0.5305665850160927
COADREAD_LUAD_PAAD,functional_score,genie,cosmic,C80Y,0,0.6645556930892039
COADREAD_LUAD_PAAD,functional_score,genie,cosmic,V81A,0,0.8304462984586191
COADREAD_LUAD_PAAD,functional_score,genie,cosmic,V81E,0,0.8220448050951331
COADREAD_LUAD_PAAD,functional_score,genie,cosmic,V81G,0,0.7619432478397651
COADREAD_LUAD_PAAD,functional_score,genie,cosmic,V81I,0,0.3978051983377924
COADREAD_LUAD_PAAD,functional_score,genie,cosmic,V81L,0,1.3899680269923909
COADREAD_LUAD_PAAD,functional_score,genie,cosmic,F82C,0,0.7085185833836191
COADREAD_LUAD_PAAD,functional_score,genie,cosmic,F82I,0,0.6627986572899803
COADREAD_LUAD_PAAD,functional_score,genie,cosmic,F82L,0,0.6658851745428602
COADREAD_LUAD_PAAD,functional_score,genie,cosmic,F82S,0,1.4779058578035258
COADREAD_LUAD_PAAD,functional_score,genie,cosmic,F82V,0,0.9380209631301192
COADREAD_LUAD_PAAD,functional_score,genie,cosmic,F82Y,0,0.7859787184637039
COADREAD_LUAD_PAAD,functional_score,genie,cosmic,A83D,0,0.4373043362304213
COADREAD_LUAD_PAAD,functional_score,genie,cosmic,A83G,0,0.8926093818098998
COADREAD_LUAD_PAAD,functional_score,genie,cosmic,A83P,0,0.7594750302893934
COADREAD_LUAD_PAAD,functional_score,genie,cosmic,A83S,0,0.2414680510105869
COADREAD_LUAD_PAAD,functional_score,genie,cosmic,A83T,0,0.4940894051262058
COADREAD_LUAD_PAAD,functional_score,genie,cosmic,A83V,0,0.9673882517233594
COADREAD_LUAD_PAAD,functional_score,genie,cosmic,I84K,0,1.0050620357378317
COADREAD_LUAD_PAAD,functional_score,genie,cosmic,I84L,0,1.0607460666193984
COADREAD_LUAD_PAAD,functional_score,genie,cosmic,I84M,2,1.478218681141303
COADREAD_LUAD_PAAD,functional_score,genie,cosmic,I84R,0,3.751471426580992
COADREAD_LUAD_PAAD,functional_score,genie,cosmic,I84T,0,0.8033401660862423
COADREAD_LUAD_PAAD,functional_score,genie,cosmic,I84V,0,3.44598834681398
COADREAD_LUAD_PAAD,functional_score,genie,cosmic,N85D,0,1.4152265302359208
COADREAD_LUAD_PAAD,functional_score,genie,cosmic,N85H,0,1.1349079399531803
COADREAD_LUAD_PAAD,functional_score,genie,cosmic,N85I,0,0.3895857581290307
COADREAD_LUAD_PAAD,functional_score,genie,cosmic,N85K,0,0.3273040308860113
COADREAD_LUAD_PAAD,functional_score,genie,cosmic,N85S,0,1.710359815889686
COADREAD_LUAD_PAAD,functional_score,genie,cosmic,N85T,0,1.224623535182545
COADREAD_LUAD_PAAD,functional_score,genie,cosmic,N85Y,0,0.27492853335841755
COADREAD_LUAD_PAAD,functional_score,genie,cosmic,N86D,0,2.439685299278656
COADREAD_LUAD_PAAD,functional_score,genie,cosmic,N86H,0,0.9331194088490914
COADREAD_LUAD_PAAD,functional_score,genie,cosmic,N86I,0,0.7958346743620971
COADREAD_LUAD_PAAD,functional_score,genie,cosmic,N86K,0,0.6081727910576469
COADREAD_LUAD_PAAD,functional_score,genie,cosmic,N86S,0,0.7847637535148374
COADREAD_LUAD_PAAD,functional_score,genie,cosmic,N86T,0,0.7642588361446417
COADREAD_LUAD_PAAD,functional_score,genie,cosmic,N86Y,0,0.5872286939806414
COADREAD_LUAD_PAAD,functional_score,genie,cosmic,T87A,0,2.103906616689758
COADREAD_LUAD_PAAD,functional_score,genie,cosmic,T87I,0,0.1119183727458982
COADREAD_LUAD_PAAD,functional_score,genie,cosmic,T87N,0,0.5141527905666444
COADREAD_LUAD_PAAD,functional_score,genie,cosmic,T87P,0,0.9825554147339968
COADREAD_LUAD_PAAD,functional_score,genie,cosmic,T87S,0,0.4364564398613845
COADREAD_LUAD_PAAD,functional_score,genie,cosmic,K88E,0,1.2349147089498242
COADREAD_LUAD_PAAD,functional_score,genie,cosmic,K88I,0,0.7784630661233257
COADREAD_LUAD_PAAD,functional_score,genie,cosmic,K88N,0,0.5327951249128917
COADREAD_LUAD_PAAD,functional_score,genie,cosmic,K88Q,0,0.9725186167283854
COADREAD_LUAD_PAAD,functional_score,genie,cosmic,K88R,0,1.3239047418321055
COADREAD_LUAD_PAAD,functional_score,genie,cosmic,K88T,0,1.3330612393251562
COADREAD_LUAD_PAAD,functional_score,genie,cosmic,S89A,0,1.2784475996846338
COADREAD_LUAD_PAAD,functional_score,genie,cosmic,S89L,0,1.087131893380228
COADREAD_LUAD_PAAD,functional_score,genie,cosmic,S89P,0,0.366376026569569
COADREAD_LUAD_PAAD,functional_score,genie,cosmic,S89T,0,0.4811475517282534
COADREAD_LUAD_PAAD,functional_score,genie,cosmic,F90C,0,1.0871556597132372
COADREAD_LUAD_PAAD,functional_score,genie,cosmic,F90I,0,0.46778850022283247
COADREAD_LUAD_PAAD,functional_score,genie,cosmic,F90L,0,1.0394314173085906
COADREAD_LUAD_PAAD,functional_score,genie,cosmic,F90S,0,1.3694294761700083
COADREAD_LUAD_PAAD,functional_score,genie,cosmic,F90V,0,0.775175822200655
COADREAD_LUAD_PAAD,functional_score,genie,cosmic,F90Y,0,1.1113243686624736
COADREAD_LUAD_PAAD,functional_score,genie,cosmic,E91A,0,1.3057554024665927
COADREAD_LUAD_PAAD,functional_score,genie,cosmic,E91D,0,0.8163208724062211
COADREAD_LUAD_PAAD,functional_score,genie,cosmic,E91G,0,1.7530423433810849
COADREAD_LUAD_PAAD,functional_score,genie,cosmic,E91K,0,0.04288163824272508
COADREAD_LUAD_PAAD,functional_score,genie,cosmic,E91Q,0,1.0032208533193097
COADREAD_LUAD_PAAD,functional_score,genie,cosmic,E91V,0,1.2550786308387172
COADREAD_LUAD_PAAD,functional_score,genie,cosmic,D92A,0,2.3236249360276617
COADREAD_LUAD_PAAD,functional_score,genie,cosmic,D92E,0,0.6504766833301909
COADREAD_LUAD_PAAD,functional_score,genie,cosmic,D92G,0,2.113062427079644
COADREAD_LUAD_PAAD,functional_score,genie,cosmic,D92H,0,1.21143533305022
COADREAD_LUAD_PAAD,functional_score,genie,cosmic,D92N,0,1.6280430944658852
COADREAD_LUAD_PAAD,functional_score,genie,cosmic,D92V,0,1.629181018758428
COADREAD_LUAD_PAAD,functional_score,genie,cosmic,D92Y,0,0.21824512253205836
COADREAD_LUAD_PAAD,functional_score,genie,cosmic,I93F,0,2.7166611666063947
COADREAD_LUAD_PAAD,functional_score,genie,cosmic,I93L,0,0.5998696755238865
COADREAD_LUAD_PAAD,functional_score,genie,cosmic,I93M,0,0.8429774256012402
COADREAD_LUAD_PAAD,functional_score,genie,cosmic,I93N,0,0.41340589504304615
COADREAD_LUAD_PAAD,functional_score,genie,cosmic,I93S,0,0.4832066013261668
COADREAD_LUAD_PAAD,functional_score,genie,cosmic,I93T,0,1.5822240397426584
COADREAD_LUAD_PAAD,functional_score,genie,cosmic,I93V,0,1.5680071021569149
COADREAD_LUAD_PAAD,functional_score,genie,cosmic,H94D,0,0.06390456454900295
COADREAD_LUAD_PAAD,functional_score,genie,cosmic,H94L,0,1.3547728538451635
COADREAD_LUAD_PAAD,functional_score,genie,cosmic,H94N,0,0.20640398421897105
COADREAD_LUAD_PAAD,functional_score,genie,cosmic,H94P,0,1.288612624875604
COADREAD_LUAD_PAAD,functional_score,genie,cosmic,H94Q,0,0.5290030533159128
COADREAD_LUAD_PAAD,functional_score,genie,cosmic,H94R,0,2.2482120909494085
COADREAD_LUAD_PAAD,functional_score,genie,cosmic,H94Y,0,0.4323904117782595
COADREAD_LUAD_PAAD,functional_score,genie,cosmic,H95D,0,1.474439669574136
COADREAD_LUAD_PAAD,functional_score,genie,cosmic,H95L,0,0.8472120023522294
COADREAD_LUAD_PAAD,functional_score,genie,cosmic,H95N,0,1.9696900173807157
COADREAD_LUAD_PAAD,functional_score,genie,cosmic,H95P,0,2.174198649872007
COADREAD_LUAD_PAAD,functional_score,genie,cosmic,H95Q,0,0.6451672338232377
COADREAD_LUAD_PAAD,functional_score,genie,cosmic,H95R,0,0.7200993706935983
COADREAD_LUAD_PAAD,functional_score,genie,cosmic,H95Y,0,0.12600366637425012
COADREAD_LUAD_PAAD,functional_score,genie,cosmic,Y96C,0,1.20393029075679
COADREAD_LUAD_PAAD,functional_score,genie,cosmic,Y96D,0,1.278095730874138
COADREAD_LUAD_PAAD,functional_score,genie,cosmic,Y96F,0,0.8664920484170128
COADREAD_LUAD_PAAD,functional_score,genie,cosmic,Y96H,0,0.5530758050583013
COADREAD_LUAD_PAAD,functional_score,genie,cosmic,Y96N,0,1.438641765658316
COADREAD_LUAD_PAAD,functional_score,genie,cosmic,Y96S,0,2.616543208339258
COADREAD_LUAD_PAAD,functional_score,genie,cosmic,R97G,0,1.2295678782896369
COADREAD_LUAD_PAAD,functional_score,genie,cosmic,R97I,0,1.2261903794734106
COADREAD_LUAD_PAAD,functional_score,genie,cosmic,R97K,0,0.3376236925955021
COADREAD_LUAD_PAAD,functional_score,genie,cosmic,R97S,0,1.2257572864699602
COADREAD_LUAD_PAAD,functional_score,genie,cosmic,R97T,0,1.3121874907931388
COADREAD_LUAD_PAAD,functional_score,genie,cosmic,E98A,0,1.3480241044152164
COADREAD_LUAD_PAAD,functional_score,genie,cosmic,E98D,0,1.1623040812891874
COADREAD_LUAD_PAAD,functional_score,genie,cosmic,E98G,0,2.3764947705082324
COADREAD_LUAD_PAAD,functional_score,genie,cosmic,E98K,0,0.2023256353376291
COADREAD_LUAD_PAAD,functional_score,genie,cosmic,E98Q,0,1.5468286924128551
COADREAD_LUAD_PAAD,functional_score,genie,cosmic,E98V,0,0.975682994173928
COADREAD_LUAD_PAAD,functional_score,genie,cosmic,Q99E,0,1.2343536879528123
COADREAD_LUAD_PAAD,functional_score,genie,cosmic,Q99H,0,0.3427642329725235
COADREAD_LUAD_PAAD,functional_score,genie,cosmic,Q99K,0,0.1823716463754166
COADREAD_LUAD_PAAD,functional_score,genie,cosmic,Q99L,0,0.852732781600897
COADREAD_LUAD_PAAD,functional_score,genie,cosmic,Q99P,0,0.5024028892764725
COADREAD_LUAD_PAAD,functional_score,genie,cosmic,Q99R,0,2.7371780131858445
COADREAD_LUAD_PAAD,functional_score,genie,cosmic,I100F,0,0.5139867475595926
COADREAD_LUAD_PAAD,functional_score,genie,cosmic,I100L,0,2.40734670176433
COADREAD_LUAD_PAAD,functional_score,genie,cosmic,I100M,0,1.1835047081846897
COADREAD_LUAD_PAAD,functional_score,genie,cosmic,I100N,0,1.3626524014835066
COADREAD_LUAD_PAAD,functional_score,genie,cosmic,I100S,0,0.6219368148935789
COADREAD_LUAD_PAAD,functional_score,genie,cosmic,I100T,0,3.3336250826009564
COADREAD_LUAD_PAAD,functional_score,genie,cosmic,I100V,0,0.8841740858950932
COADREAD_LUAD_PAAD,functional_score,genie,cosmic,K101E,0,0.6993727046009418
COADREAD_LUAD_PAAD,functional_score,genie,cosmic,K101I,0,0.8357829856268937
COADREAD_LUAD_PAAD,functional_score,genie,cosmic,K101N,0,1.1255133448318146
COADREAD_LUAD_PAAD,functional_score,genie,cosmic,K101Q,0,0.8756868304809562
COADREAD_LUAD_PAAD,functional_score,genie,cosmic,K101R,0,0.3290235968044692
COADREAD_LUAD_PAAD,functional_score,genie,cosmic,K101T,0,1.404744835979631
COADREAD_LUAD_PAAD,functional_score,genie,cosmic,R102G,0,1.75960497312212
COADREAD_LUAD_PAAD,functional_score,genie,cosmic,R102I,0,0.4825259167171328
COADREAD_LUAD_PAAD,functional_score,genie,cosmic,R102K,0,0.7498050999059985
COADREAD_LUAD_PAAD,functional_score,genie,cosmic,R102S,0,1.431644703283423
COADREAD_LUAD_PAAD,functional_score,genie,cosmic,R102T,0,1.027096262650654
COADREAD_LUAD_PAAD,functional_score,genie,cosmic,V103A,0,1.0952154589061525
COADREAD_LUAD_PAAD,functional_score,genie,cosmic,V103D,0,0.49967675820515434
COADREAD_LUAD_PAAD,functional_score,genie,cosmic,V103F,0,0.3265130850246529
COADREAD_LUAD_PAAD,functional_score,genie,cosmic,V103G,0,0.7536409798609801
COADREAD_LUAD_PAAD,functional_score,genie,cosmic,V103I,0,0.2447833069253525
COADREAD_LUAD_PAAD,functional_score,genie,cosmic,V103L,0,0.4891611276899447
COADREAD_LUAD_PAAD,functional_score,genie,cosmic,K104E,0,0.21779127659963227
COADREAD_LUAD_PAAD,functional_score,genie,cosmic,K104M,0,0.5081855999078174
COADREAD_LUAD_PAAD,functional_score,genie,cosmic,K104N,1,0.9578467398411022
COADREAD_LUAD_PAAD,functional_score,genie,cosmic,K104Q,0,0.2013489412687544
COADREAD_LUAD_PAAD,functional_score,genie,cosmic,K104R,0,1.1903948705516922
COADREAD_LUAD_PAAD,functional_score,genie,cosmic,K104T,0,0.47699833763518473
COADREAD_LUAD_PAAD,functional_score,genie,cosmic,D105A,0,0.3810223921067135
COADREAD_LUAD_PAAD,functional_score,genie,cosmic,D105E,0,1.0168516921688155
COADREAD_LUAD_PAAD,functional_score,genie,cosmic,D105G,0,1.2589289185081023
COADREAD_LUAD_PAAD,functional_score,genie,cosmic,D105H,0,1.2032186296391756
COADREAD_LUAD_PAAD,functional_score,genie,cosmic,D105N,0,0.5641083398727471
COADREAD_LUAD_PAAD,functional_score,genie,cosmic,D105V,0,1.5777324030034403
COADREAD_LUAD_PAAD,functional_score,genie,cosmic,D105Y,0,0.24100710335312495
COADREAD_LUAD_PAAD,functional_score,genie,cosmic,S106A,0,0.6297846888569085
COADREAD_LUAD_PAAD,functional_score,genie,cosmic,S106C,0,0.9382734028069798
COADREAD_LUAD_PAAD,functional_score,genie,cosmic,S106F,0,0.8668432873667039
COADREAD_LUAD_PAAD,functional_score,genie,cosmic,S106P,0,0.6948150687001527
COADREAD_LUAD_PAAD,functional_score,genie,cosmic,S106T,0,0.9348558204577904
COADREAD_LUAD_PAAD,functional_score,genie,cosmic,S106Y,0,0.80452328360798675
COADREAD_LUAD_PAAD,functional_score,genie,cosmic,E107A,0,0.5465633520035544
COADREAD_LUAD_PAAD,functional_score,genie,cosmic,E107D,0,0.2971374554944954
COADREAD_LUAD_PAAD,functional_score,genie,cosmic,E107G,0,0.4509168147659168
COADREAD_LUAD_PAAD,functional_score,genie,cosmic,E107K,1,0.738141592946905
COADREAD_LUAD_PAAD,functional_score,genie,cosmic,E107Q,0,0.4893152977822035
COADREAD_LUAD_PAAD,functional_score,genie,cosmic,E107V,0,1.191668537502376
COADREAD_LUAD_PAAD,functional_score,genie,cosmic,D108A,0,1.0322480100532208
COADREAD_LUAD_PAAD,functional_score,genie,cosmic,D108E,0,0.8164923898167022
COADREAD_LUAD_PAAD,functional_score,genie,cosmic,D108G,0,0.4857640494239017
COADREAD_LUAD_PAAD,functional_score,genie,cosmic,D108H,0,2.246820571347417
COADREAD_LUAD_PAAD,functional_score,genie,cosmic,D108N,2,1.0712349892891193
COADREAD_LUAD_PAAD,functional_score,genie,cosmic,D108V,0,0.5898666576820574
COADREAD_LUAD_PAAD,functional_score,genie,cosmic,D108Y,0,0.9164131050589716
COADREAD_LUAD_PAAD,functional_score,genie,cosmic,V109A,0,0.4730842198927688
COADREAD_LUAD_PAAD,functional_score,genie,cosmic,V109E,0,0.804972677482599
COADREAD_LUAD_PAAD,functional_score,genie,cosmic,V109G,0,0.27841736938333617
COADREAD_LUAD_PAAD,functional_score,genie,cosmic,V109I,0,0.9147008358427746
COADREAD_LUAD_PAAD,functional_score,genie,cosmic,V109L,0,0.5721208519269946
COADREAD_LUAD_PAAD,functional_score,genie,cosmic,P110A,0,0.5449556453386504
COADREAD_LUAD_PAAD,functional_score,genie,cosmic,P110H,0,2.3755375554648523
COADREAD_LUAD_PAAD,functional_score,genie,cosmic,P110L,0,1.2006374554006818
COADREAD_LUAD_PAAD,functional_score,genie,cosmic,P110R,0,0.5206845392448637
COADREAD_LUAD_PAAD,functional_score,genie,cosmic,P110S,0,1.847354712117533
COADREAD_LUAD_PAAD,functional_score,genie,cosmic,P110T,0,0.7481954513123518
COADREAD_LUAD_PAAD,functional_score,genie,cosmic,M111I,0,0.918568016996546
COADREAD_LUAD_PAAD,functional_score,genie,cosmic,M111K,0,0.9692527575662756
COADREAD_LUAD_PAAD,functional_score,genie,cosmic,M111L,1,0.5455382770217778
COADREAD_LUAD_PAAD,functional_score,genie,cosmic,M111R,0,1.6908214919725468
COADREAD_LUAD_PAAD,functional_score,genie,cosmic,M111T,0,0.40991245350214145
COADREAD_LUAD_PAAD,functional_score,genie,cosmic,M111V,0,0.6459051503707764
COADREAD_LUAD_PAAD,functional_score,genie,cosmic,V112A,0,0.9966200763450858
COADREAD_LUAD_PAAD,functional_score,genie,cosmic,V112E,0,0.23219673829637155
COADREAD_LUAD_PAAD,functional_score,genie,cosmic,V112G,0,0.8590658958040072
COADREAD_LUAD_PAAD,functional_score,genie,cosmic,V112L,0,0.6073865939338474
COADREAD_LUAD_PAAD,functional_score,genie,cosmic,V112M,0,1.0865482139186964
COADREAD_LUAD_PAAD,functional_score,genie,cosmic,L113M,0,0.8155374631676112
COADREAD_LUAD_PAAD,functional_score,genie,cosmic,L113P,0,0.35804500185495125
COADREAD_LUAD_PAAD,functional_score,genie,cosmic,L113Q,0,0.26802651837091046
COADREAD_LUAD_PAAD,functional_score,genie,cosmic,L113R,0,1.353392632503247
COADREAD_LUAD_PAAD,functional_score,genie,cosmic,L113V,0,1.5339337890085136
COADREAD_LUAD_PAAD,functional_score,genie,cosmic,V114A,0,1.4230097507835209
COADREAD_LUAD_PAAD,functional_score,genie,cosmic,V114D,0,0.8072045125632403
COADREAD_LUAD_PAAD,functional_score,genie,cosmic,V114F,0,0.2823404299708584
COADREAD_LUAD_PAAD,functional_score,genie,cosmic,V114G,0,0.38090621451673234
COADREAD_LUAD_PAAD,functional_score,genie,cosmic,V114I,0,1.560465925956768
COADREAD_LUAD_PAAD,functional_score,genie,cosmic,V114L,0,2.0807523733451943
COADREAD_LUAD_PAAD,functional_score,genie,cosmic,G115A,0,1.6221572735289769
COADREAD_LUAD_PAAD,functional_score,genie,cosmic,G115C,0,0.7287422008993942
COADREAD_LUAD_PAAD,functional_score,genie,cosmic,G115D,0,1.760981415789609
COADREAD_LUAD_PAAD,functional_score,genie,cosmic,G115R,0,1.221879165173457
COADREAD_LUAD_PAAD,functional_score,genie,cosmic,G115S,0,1.1336959222711085
COADREAD_LUAD_PAAD,functional_score,genie,cosmic,G115V,0,0.7706438583058758
COADREAD_LUAD_PAAD,functional_score,genie,cosmic,N116D,0,0.38398838461707424
COADREAD_LUAD_PAAD,functional_score,genie,cosmic,N116H,0,9.612251242315928
COADREAD_LUAD_PAAD,functional_score,genie,cosmic,N116I,0,3.4821616124541954
COADREAD_LUAD_PAAD,functional_score,genie,cosmic,N116K,0,0.5185818907272127
COADREAD_LUAD_PAAD,functional_score,genie,cosmic,N116S,0,1.3694353810196032
COADREAD_LUAD_PAAD,functional_score,genie,cosmic,N116T,0,4.529017902581871
COADREAD_LUAD_PAAD,functional_score,genie,cosmic,N116Y,0,0.4468801958267961
COADREAD_LUAD_PAAD,functional_score,genie,cosmic,K117E,0,6.9993701331866705
COADREAD_LUAD_PAAD,functional_score,genie,cosmic,K117I,0,18.05057151221039
COADREAD_LUAD_PAAD,functional_score,genie,cosmic,K117N,13,1206.795988770905
COADREAD_LUAD_PAAD,functional_score,genie,cosmic,K117Q,0,2.962772150891336
COADREAD_LUAD_PAAD,functional_score,genie,cosmic,K117R,5,122.0102504720931
COADREAD_LUAD_PAAD,functional_score,genie,cosmic,K117T,0,3.8575513035348217
COADREAD_LUAD_PAAD,functional_score,genie,cosmic,C118F,0,0.595141965831643
COADREAD_LUAD_PAAD,functional_score,genie,cosmic,C118G,0,1.6918711892010658
COADREAD_LUAD_PAAD,functional_score,genie,cosmic,C118R,0,0.8105868180507732
COADREAD_LUAD_PAAD,functional_score,genie,cosmic,C118S,1,0.5148291171018168
COADREAD_LUAD_PAAD,functional_score,genie,cosmic,C118W,0,0.47925006804007586
COADREAD_LUAD_PAAD,functional_score,genie,cosmic,C118Y,0,0.6288882733260985
COADREAD_LUAD_PAAD,functional_score,genie,cosmic,D119A,0,4.782431294728381
COADREAD_LUAD_PAAD,functional_score,genie,cosmic,D119E,0,2.3930231747613706
COADREAD_LUAD_PAAD,functional_score,genie,cosmic,D119G,0,4.33075369612205
COADREAD_LUAD_PAAD,functional_score,genie,cosmic,D119H,0,72.58108558705914
COADREAD_LUAD_PAAD,functional_score,genie,cosmic,D119N,0,1.8506721849930456
COADREAD_LUAD_PAAD,functional_score,genie,cosmic,D119V,0,0.6372870521905958
COADREAD_LUAD_PAAD,functional_score,genie,cosmic,D119Y,0,0.40019786459481765
COADREAD_LUAD_PAAD,functional_score,genie,cosmic,L120F,0,2.4862568090235655
COADREAD_LUAD_PAAD,functional_score,genie,cosmic,L120M,0,1.5781762651843247
COADREAD_LUAD_PAAD,functional_score,genie,cosmic,L120S,0,1.3374455573341824
COADREAD_LUAD_PAAD,functional_score,genie,cosmic,L120V,0,1.789335214649638
COADREAD_LUAD_PAAD,functional_score,genie,cosmic,L120W,0,1.8899151243559584
COADREAD_LUAD_PAAD,functional_score,genie,cosmic,P121A,0,0.963008652065134
COADREAD_LUAD_PAAD,functional_score,genie,cosmic,P121H,0,0.5356179576580543
COADREAD_LUAD_PAAD,functional_score,genie,cosmic,P121L,0,0.8888897629947492
COADREAD_LUAD_PAAD,functional_score,genie,cosmic,P121R,0,0.40996301611399105
COADREAD_LUAD_PAAD,functional_score,genie,cosmic,P121S,0,1.5442030277755634
COADREAD_LUAD_PAAD,functional_score,genie,cosmic,P121T,0,0.8535125846538749
COADREAD_LUAD_PAAD,functional_score,genie,cosmic,S122A,0,0.92756375035593
COADREAD_LUAD_PAAD,functional_score,genie,cosmic,S122C,0,0.7563832695457522
COADREAD_LUAD_PAAD,functional_score,genie,cosmic,S122F,0,1.8232025329964627
COADREAD_LUAD_PAAD,functional_score,genie,cosmic,S122P,0,1.6802404991484654
COADREAD_LUAD_PAAD,functional_score,genie,cosmic,S122T,0,0.5807762502144957
COADREAD_LUAD_PAAD,functional_score,genie,cosmic,S122Y,0,0.9775828936602584
COADREAD_LUAD_PAAD,functional_score,genie,cosmic,R123G,0,0.7236341823361174
COADREAD_LUAD_PAAD,functional_score,genie,cosmic,R123I,0,0.7231433571826417
COADREAD_LUAD_PAAD,functional_score,genie,cosmic,R123K,0,0.6762667582035939
COADREAD_LUAD_PAAD,functional_score,genie,cosmic,R123S,0,0.4682130592719518
COADREAD_LUAD_PAAD,functional_score,genie,cosmic,R123T,0,0.8945037607321796
COADREAD_LUAD_PAAD,functional_score,genie,cosmic,T124A,0,1.7035649984552512
COADREAD_LUAD_PAAD,functional_score,genie,cosmic,T124I,0,0.9383400998988468
COADREAD_LUAD_PAAD,functional_score,genie,cosmic,T124K,0,2.0839588201843373
COADREAD_LUAD_PAAD,functional_score,genie,cosmic,T124P,0,0.8421246106293477
COADREAD_LUAD_PAAD,functional_score,genie,cosmic,T124R,0,0.25801323197855847
COADREAD_LUAD_PAAD,functional_score,genie,cosmic,T124S,0,0.6030858794684364
COADREAD_LUAD_PAAD,functional_score,genie,cosmic,V125A,0,0.7054869270349011
COADREAD_LUAD_PAAD,functional_score,genie,cosmic,V125E,0,0.5292800789369526
COADREAD_LUAD_PAAD,functional_score,genie,cosmic,V125G,0,0.96625428851277
COADREAD_LUAD_PAAD,functional_score,genie,cosmic,V125I,1,1.0002194653596137
COADREAD_LUAD_PAAD,functional_score,genie,cosmic,V125L,0,0.29181382843484377
COADREAD_LUAD_PAAD,functional_score,genie,cosmic,D126A,0,1.155181916780774
COADREAD_LUAD_PAAD,functional_score,genie,cosmic,D126E,1,0.8019746814434993
COADREAD_LUAD_PAAD,functional_score,genie,cosmic,D126G,0,1.0022434229732862
COADREAD_LUAD_PAAD,functional_score,genie,cosmic,D126H,0,0.2651119628473194
COADREAD_LUAD_PAAD,functional_score,genie,cosmic,D126N,0,0.4224438599556351
COADREAD_LUAD_PAAD,functional_score,genie,cosmic,D126V,0,0.8733687407532459
COADREAD_LUAD_PAAD,functional_score,genie,cosmic,D126Y,0,0.6575748939061146
COADREAD_LUAD_PAAD,functional_score,genie,cosmic,T127A,0,1.151129886308348
COADREAD_LUAD_PAAD,functional_score,genie,cosmic,T127I,0,0.5633010567455914
COADREAD_LUAD_PAAD,functional_score,genie,cosmic,T127K,0,1.7797664256111652
COADREAD_LUAD_PAAD,functional_score,genie,cosmic,T127P,0,0.5580960940992822
COADREAD_LUAD_PAAD,functional_score,genie,cosmic,T127R,0,2.70194979403194
COADREAD_LUAD_PAAD,functional_score,genie,cosmic,T127S,0,0.23487887010483877
COADREAD_LUAD_PAAD,functional_score,genie,cosmic,K128E,0,1.8400168248875952
COADREAD_LUAD_PAAD,functional_score,genie,cosmic,K128I,0,0.6109944636444419
COADREAD_LUAD_PAAD,functional_score,genie,cosmic,K128N,0,0.5542033173986635
COADREAD_LUAD_PAAD,functional_score,genie,cosmic,K128Q,0,0.9846696008536736
COADREAD_LUAD_PAAD,functional_score,genie,cosmic,K128R,0,0.4914559630283984
COADREAD_LUAD_PAAD,functional_score,genie,cosmic,K128T,0,0.7581109077691134
COADREAD_LUAD_PAAD,functional_score,genie,cosmic,Q129E,0,0.7645444433343278
COADREAD_LUAD_PAAD,functional_score,genie,cosmic,Q129H,0,0.530138723741122
COADREAD_LUAD_PAAD,functional_score,genie,cosmic,Q129K,0,1.0501512104079476
COADREAD_LUAD_PAAD,functional_score,genie,cosmic,Q129L,0,0.6655873095591188
COADREAD_LUAD_PAAD,functional_score,genie,cosmic,Q129P,0,0.298968901005245
COADREAD_LUAD_PAAD,functional_score,genie,cosmic,Q129R,0,0.6613090844793541
COADREAD_LUAD_PAAD,functional_score,genie,cosmic,A130D,0,3.580988904536096
COADREAD_LUAD_PAAD,functional_score,genie,cosmic,A130G,0,0.7209395695063421
COADREAD_LUAD_PAAD,functional_score,genie,cosmic,A130P,0,0.48806873831591
COADREAD_LUAD_PAAD,functional_score,genie,cosmic,A130S,0,0.5200909118903955
COADREAD_LUAD_PAAD,functional_score,genie,cosmic,A130T,0,1.6635706884717012
COADREAD_LUAD_PAAD,functional_score,genie,cosmic,A130V,1,1.1346123629865954
COADREAD_LUAD_PAAD,functional_score,genie,cosmic,Q131E,0,1.31065385564322
COADREAD_LUAD_PAAD,functional_score,genie,cosmic,Q131H,0,0.7688102841185379
COADREAD_LUAD_PAAD,functional_score,genie,cosmic,Q131K,0,0.6539256675714166
COADREAD_LUAD_PAAD,functional_score,genie,cosmic,Q131L,0,0.7181975393455176
COADREAD_LUAD_PAAD,functional_score,genie,cosmic,Q131P,0,0.5889274748854055
COADREAD_LUAD_PAAD,functional_score,genie,cosmic,Q131R,0,0.6688126238495011
COADREAD_LUAD_PAAD,functional_score,genie,cosmic,D132A,0,0.9293270623707884
COADREAD_LUAD_PAAD,functional_score,genie,cosmic,D132E,0,0.7304332345934529
COADREAD_LUAD_PAAD,functional_score,genie,cosmic,D132G,0,1.003480280037207
COADREAD_LUAD_PAAD,functional_score,genie,cosmic,D132H,0,1.4261263564458388
COADREAD_LUAD_PAAD,functional_score,genie,cosmic,D132N,0,0.3431218150501032
COADREAD_LUAD_PAAD,functional_score,genie,cosmic,D132V,0,0.5928470533608375
COADREAD_LUAD_PAAD,functional_score,genie,cosmic,D132Y,0,1.66013427321193
COADREAD_LUAD_PAAD,functional_score,genie,cosmic,L133F,0,0.5899554992645752
COADREAD_LUAD_PAAD,functional_score,genie,cosmic,L133I,0,1.1201887866396585
COADREAD_LUAD_PAAD,functional_score,genie,cosmic,L133S,0,0.35740907262363714
COADREAD_LUAD_PAAD,functional_score,genie,cosmic,L133V,0,1.5353292869316726
COADREAD_LUAD_PAAD,functional_score,genie,cosmic,A134E,0,0.8596423911693991
COADREAD_LUAD_PAAD,functional_score,genie,cosmic,A134G,0,0.31359738682418214
COADREAD_LUAD_PAAD,functional_score,genie,cosmic,A134P,0,0.3185624998786338
COADREAD_LUAD_PAAD,functional_score,genie,cosmic,A134S,0,0.7963708639330569
COADREAD_LUAD_PAAD,functional_score,genie,cosmic,A134T,0,1.0316623438308798
COADREAD_LUAD_PAAD,functional_score,genie,cosmic,A134V,0,1.2110810557426954
COADREAD_LUAD_PAAD,functional_score,genie,cosmic,R135G,0,1.2267362375503277
COADREAD_LUAD_PAAD,functional_score,genie,cosmic,R135I,0,1.6751987279692242
COADREAD_LUAD_PAAD,functional_score,genie,cosmic,R135K,0,0.6475167152328543
COADREAD_LUAD_PAAD,functional_score,genie,cosmic,R135S,0,0.6287886040544948
COADREAD_LUAD_PAAD,functional_score,genie,cosmic,R135T,0,1.0730379167105923
COADREAD_LUAD_PAAD,functional_score,genie,cosmic,S136C,0,0.7661029602316949
COADREAD_LUAD_PAAD,functional_score,genie,cosmic,S136G,0,0.7829681338101881
COADREAD_LUAD_PAAD,functional_score,genie,cosmic,S136I,0,0.4930674677109632
COADREAD_LUAD_PAAD,functional_score,genie,cosmic,S136N,0,0.7142411247923
COADREAD_LUAD_PAAD,functional_score,genie,cosmic,S136R,0,1.6708218264343992
COADREAD_LUAD_PAAD,functional_score,genie,cosmic,S136T,0,0.4023171428127331
COADREAD_LUAD_PAAD,functional_score,genie,cosmic,Y137C,0,1.1038018578820827
COADREAD_LUAD_PAAD,functional_score,genie,cosmic,Y137D,0,0.8033294214445547
COADREAD_LUAD_PAAD,functional_score,genie,cosmic,Y137F,0,0.7430742806908125
COADREAD_LUAD_PAAD,functional_score,genie,cosmic,Y137H,0,1.2049453354136352
COADREAD_LUAD_PAAD,functional_score,genie,cosmic,Y137N,0,1.0369026346803871
COADREAD_LUAD_PAAD,functional_score,genie,cosmic,Y137S,0,0.30275380140116465
COADREAD_LUAD_PAAD,functional_score,genie,cosmic,G138A,0,0.46948306059079575
COADREAD_LUAD_PAAD,functional_score,genie,cosmic,G138E,1,0.6086981541368215
COADREAD_LUAD_PAAD,functional_score,genie,cosmic,G138R,0,0.6442100401246071
COADREAD_LUAD_PAAD,functional_score,genie,cosmic,G138V,0,1.1065479876539688
COADREAD_LUAD_PAAD,functional_score,genie,cosmic,I139F,0,0.5679916404695163
COADREAD_LUAD_PAAD,functional_score,genie,cosmic,I139L,0,0.4092242730825784
COADREAD_LUAD_PAAD,functional_score,genie,cosmic,I139M,0,0.818150866189446
COADREAD_LUAD_PAAD,functional_score,genie,cosmic,I139N,0,0.6333099443739706
COADREAD_LUAD_PAAD,functional_score,genie,cosmic,I139S,0,0.31307601663910956
COADREAD_LUAD_PAAD,functional_score,genie,cosmic,I139T,0,1.17554356770866
COADREAD_LUAD_PAAD,functional_score,genie,cosmic,I139V,0,0.8715268358365162
COADREAD_LUAD_PAAD,functional_score,genie,cosmic,P140A,0,2.659266048733886
COADREAD_LUAD_PAAD,functional_score,genie,cosmic,P140H,0,1.2252042180136649
COADREAD_LUAD_PAAD,functional_score,genie,cosmic,P140L,0,1.28766576567996
COADREAD_LUAD_PAAD,functional_score,genie,cosmic,P140R,0,0.6744080232968167
COADREAD_LUAD_PAAD,functional_score,genie,cosmic,P140S,0,0.6705176312325699
COADREAD_LUAD_PAAD,functional_score,genie,cosmic,P140T,0,2.229207752746686
COADREAD_LUAD_PAAD,functional_score,genie,cosmic,F141C,0,1.5174992649037815
COADREAD_LUAD_PAAD,functional_score,genie,cosmic,F141I,0,0.8122243754279802
COADREAD_LUAD_PAAD,functional_score,genie,cosmic,F141L,0,1.5211631523656743
COADREAD_LUAD_PAAD,functional_score,genie,cosmic,F141S,0,6.9339123080957
COADREAD_LUAD_PAAD,functional_score,genie,cosmic,F141V,0,2.338693894611285
COADREAD_LUAD_PAAD,functional_score,genie,cosmic,F141Y,0,1.694246001583649
COADREAD_LUAD_PAAD,functional_score,genie,cosmic,I142F,0,0.781129534098599
COADREAD_LUAD_PAAD,functional_score,genie,cosmic,I142L,0,0.964155726434557
COADREAD_LUAD_PAAD,functional_score,genie,cosmic,I142M,0,1.520787555095756
COADREAD_LUAD_PAAD,functional_score,genie,cosmic,I142N,0,0.6576900322542657
COADREAD_LUAD_PAAD,functional_score,genie,cosmic,I142S,0,1.9506763786438872
COADREAD_LUAD_PAAD,functional_score,genie,cosmic,I142T,0,1.2938525780561505
COADREAD_LUAD_PAAD,functional_score,genie,cosmic,I142V,0,0.5494149876988537
COADREAD_LUAD_PAAD,functional_score,genie,cosmic,E143A,0,1.334397460675265
COADREAD_LUAD_PAAD,functional_score,genie,cosmic,E143D,0,1.4797597707440415
COADREAD_LUAD_PAAD,functional_score,genie,cosmic,E143G,0,1.389636417264655
COADREAD_LUAD_PAAD,functional_score,genie,cosmic,E143K,0,0.6315589712561649
COADREAD_LUAD_PAAD,functional_score,genie,cosmic,E143Q,0,2.2666719501145804
COADREAD_LUAD_PAAD,functional_score,genie,cosmic,E143V,0,0.6625592635870713
COADREAD_LUAD_PAAD,functional_score,genie,cosmic,T144A,0,1.0659354925949571
COADREAD_LUAD_PAAD,functional_score,genie,cosmic,T144I,0,2.8560443590346285
COADREAD_LUAD_PAAD,functional_score,genie,cosmic,T144K,0,0.4979182864636512
COADREAD_LUAD_PAAD,functional_score,genie,cosmic,T144P,0,0.39336149712598106
COADREAD_LUAD_PAAD,functional_score,genie,cosmic,T144R,0,0.6738812740855628
COADREAD_LUAD_PAAD,functional_score,genie,cosmic,T144S,0,0.46959424641352326
COADREAD_LUAD_PAAD,functional_score,genie,cosmic,S145A,0,2.3940848357960647
COADREAD_LUAD_PAAD,functional_score,genie,cosmic,S145L,1,0.5991504517105576
COADREAD_LUAD_PAAD,functional_score,genie,cosmic,S145P,0,0.9050497734419304
COADREAD_LUAD_PAAD,functional_score,genie,cosmic,S145T,0,2.4124870792683386
COADREAD_LUAD_PAAD,functional_score,genie,cosmic,A146E,0,0.2392620092666217
COADREAD_LUAD_PAAD,functional_score,genie,cosmic,A146G,0,5.582504144074303
COADREAD_LUAD_PAAD,functional_score,genie,cosmic,A146P,3,455.9317928179328
COADREAD_LUAD_PAAD,functional_score,genie,cosmic,A146S,1,5.990549541499819
COADREAD_LUAD_PAAD,functional_score,genie,cosmic,A146T,75,167.41499569035724
COADREAD_LUAD_PAAD,functional_score,genie,cosmic,A146V,19,68.72370383288995
COADREAD_LUAD_PAAD,functional_score,genie,cosmic,K147E,0,8.214668116451893
COADREAD_LUAD_PAAD,functional_score,genie,cosmic,K147M,0,1.135069411357103
COADREAD_LUAD_PAAD,functional_score,genie,cosmic,K147N,0,3.911700803987386
COADREAD_LUAD_PAAD,functional_score,genie,cosmic,K147Q,0,1.9870914780517603
COADREAD_LUAD_PAAD,functional_score,genie,cosmic,K147R,0,0.7185458835516705
COADREAD_LUAD_PAAD,functional_score,genie,cosmic,K147T,1,4.024539345978875
COADREAD_LUAD_PAAD,functional_score,genie,cosmic,T148A,0,0.7754052817257056
COADREAD_LUAD_PAAD,functional_score,genie,cosmic,T148I,0,0.5057719878714192
COADREAD_LUAD_PAAD,functional_score,genie,cosmic,T148K,0,0.8455229519388077
COADREAD_LUAD_PAAD,functional_score,genie,cosmic,T148P,0,3.4425248574493037
COADREAD_LUAD_PAAD,functional_score,genie,cosmic,T148R,0,1.058121077070756
COADREAD_LUAD_PAAD,functional_score,genie,cosmic,T148S,0,0.8233327517555177
COADREAD_LUAD_PAAD,functional_score,genie,cosmic,R149G,0,0.8228862622268953
COADREAD_LUAD_PAAD,functional_score,genie,cosmic,R149I,0,0.8430638283159291
COADREAD_LUAD_PAAD,functional_score,genie,cosmic,R149K,0,0.888828589418089
COADREAD_LUAD_PAAD,functional_score,genie,cosmic,R149S,0,0.9929476712384796
COADREAD_LUAD_PAAD,functional_score,genie,cosmic,R149T,0,0.44205870554223786
COADREAD_LUAD_PAAD,functional_score,genie,cosmic,Q150E,0,1.21516775228264
COADREAD_LUAD_PAAD,functional_score,genie,cosmic,Q150H,0,0.7785473360225661
COADREAD_LUAD_PAAD,functional_score,genie,cosmic,Q150K,0,0.5799897775568404
COADREAD_LUAD_PAAD,functional_score,genie,cosmic,Q150L,0,0.733332109607787
COADREAD_LUAD_PAAD,functional_score,genie,cosmic,Q150P,0,1.3335771306377138
COADREAD_LUAD_PAAD,functional_score,genie,cosmic,Q150R,0,1.3125270163369982
COADREAD_LUAD_PAAD,functional_score,genie,cosmic,G151A,0,1.7574385455127852
COADREAD_LUAD_PAAD,functional_score,genie,cosmic,G151C,0,0.8881577805829302
COADREAD_LUAD_PAAD,functional_score,genie,cosmic,G151D,0,0.508445439400694
COADREAD_LUAD_PAAD,functional_score,genie,cosmic,G151R,0,0.8090398669956026
COADREAD_LUAD_PAAD,functional_score,genie,cosmic,G151S,0,1.5978821099491765
COADREAD_LUAD_PAAD,functional_score,genie,cosmic,G151V,0,0.9213038287399348
COADREAD_LUAD_PAAD,functional_score,genie,cosmic,V152A,0,0.7568591391848909
COADREAD_LUAD_PAAD,functional_score,genie,cosmic,V152D,0,1.6308943568656755
COADREAD_LUAD_PAAD,functional_score,genie,cosmic,V152F,0,1.1118964933889912
COADREAD_LUAD_PAAD,functional_score,genie,cosmic,V152G,0,1.0039291667152168
COADREAD_LUAD_PAAD,functional_score,genie,cosmic,V152I,0,1.0313992613036236
COADREAD_LUAD_PAAD,functional_score,genie,cosmic,V152L,0,0.3180519285236272
COADREAD_LUAD_PAAD,functional_score,genie,cosmic,D153A,0,0.5954461257839699
COADREAD_LUAD_PAAD,functional_score,genie,cosmic,D153E,0,0.42407536841122384
COADREAD_LUAD_PAAD,functional_score,genie,cosmic,D153G,0,0.9338064630063
COADREAD_LUAD_PAAD,functional_score,genie,cosmic,D153H,0,1.251415227929549
COADREAD_LUAD_PAAD,functional_score,genie,cosmic,D153N,0,0.7823079584833624
COADREAD_LUAD_PAAD,functional_score,genie,cosmic,D153V,0,1.0566081112372152
COADREAD_LUAD_PAAD,functional_score,genie,cosmic,D153Y,0,0.6062487586885337
COADREAD_LUAD_PAAD,functional_score,genie,cosmic,D154A,0,0.63733532694704
COADREAD_LUAD_PAAD,functional_score,genie,cosmic,D154E,0,0.9491192582522175
COADREAD_LUAD_PAAD,functional_score,genie,cosmic,D154G,0,0.7623241342669602
COADREAD_LUAD_PAAD,functional_score,genie,cosmic,D154H,0,0.6498913178314147
COADREAD_LUAD_PAAD,functional_score,genie,cosmic,D154N,0,0.703434498664225
COADREAD_LUAD_PAAD,functional_score,genie,cosmic,D154V,0,2.433504579585318
COADREAD_LUAD_PAAD,functional_score,genie,cosmic,D154Y,0,1.3013779540058323
COADREAD_LUAD_PAAD,functional_score,genie,cosmic,A155D,1,1.218071196676735
COADREAD_LUAD_PAAD,functional_score,genie,cosmic,A155G,0,1.1759491573676055
COADREAD_LUAD_PAAD,functional_score,genie,cosmic,A155P,0,3.633965779626505
COADREAD_LUAD_PAAD,functional_score,genie,cosmic,A155S,0,0.6028886595764349
COADREAD_LUAD_PAAD,functional_score,genie,cosmic,A155T,0,1.2533463771311673
COADREAD_LUAD_PAAD,functional_score,genie,cosmic,A155V,0,7.982816057004324
COADREAD_LUAD_PAAD,functional_score,genie,cosmic,F156C,0,2.3240954904357776
COADREAD_LUAD_PAAD,functional_score,genie,cosmic,F156I,0,2.8360772260078626
COADREAD_LUAD_PAAD,functional_score,genie,cosmic,F156L,0,10.923468237726471
COADREAD_LUAD_PAAD,functional_score,genie,cosmic,F156S,0,4.0447380509705635
COADREAD_LUAD_PAAD,functional_score,genie,cosmic,F156V,0,3.8850870768887096
COADREAD_LUAD_PAAD,functional_score,genie,cosmic,F156Y,0,0.9203996462523673
COADREAD_LUAD_PAAD,functional_score,genie,cosmic,Y157C,0,1.5604730153773263
COADREAD_LUAD_PAAD,functional_score,genie,cosmic,Y157D,0,2.0423465423383713
COADREAD_LUAD_PAAD,functional_score,genie,cosmic,Y157F,0,1.591836217638422
COADREAD_LUAD_PAAD,functional_score,genie,cosmic,Y157H,0,0.506248740934201
COADREAD_LUAD_PAAD,functional_score,genie,cosmic,Y157N,0,1.2302021271553965
COADREAD_LUAD_PAAD,functional_score,genie,cosmic,Y157S,0,1.2834125087079904
COADREAD_LUAD_PAAD,functional_score,genie,cosmic,T158A,0,1.3109686054321867
COADREAD_LUAD_PAAD,functional_score,genie,cosmic,T158I,0,0.8906607227446246
COADREAD_LUAD_PAAD,functional_score,genie,cosmic,T158K,0,0.5378683920749006
COADREAD_LUAD_PAAD,functional_score,genie,cosmic,T158P,0,0.6795801740108357
COADREAD_LUAD_PAAD,functional_score,genie,cosmic,T158R,0,1.3153861899330364
COADREAD_LUAD_PAAD,functional_score,genie,cosmic,T158S,0,5.084524521370488
COADREAD_LUAD_PAAD,functional_score,genie,cosmic,L159F,0,1.97779213414354
COADREAD_LUAD_PAAD,functional_score,genie,cosmic,L159I,0,0.9145775338743868
COADREAD_LUAD_PAAD,functional_score,genie,cosmic,L159S,0,0.9737389948914807
COADREAD_LUAD_PAAD,functional_score,genie,cosmic,L159V,0,2.5459948744843475
COADREAD_LUAD_PAAD,functional_score,genie,cosmic,V160A,0,0.5086771509018163
COADREAD_LUAD_PAAD,functional_score,genie,cosmic,V160D,0,0.375084441058544
COADREAD_LUAD_PAAD,functional_score,genie,cosmic,V160F,0,0.9372296019581132
COADREAD_LUAD_PAAD,functional_score,genie,cosmic,V160G,0,0.8056418743083398
COADREAD_LUAD_PAAD,functional_score,genie,cosmic,V160I,0,1.1376579745357402
COADREAD_LUAD_PAAD,functional_score,genie,cosmic,V160L,0,0.9736973211459468
COADREAD_LUAD_PAAD,functional_score,genie,cosmic,R161G,0,0.8977321050991176
COADREAD_LUAD_PAAD,functional_score,genie,cosmic,R161L,0,1.7022750507748658
COADREAD_LUAD_PAAD,functional_score,genie,cosmic,R161P,0,1.810952154928947
COADREAD_LUAD_PAAD,functional_score,genie,cosmic,R161Q,0,0.802835493346123
COADREAD_LUAD_PAAD,functional_score,genie,cosmic,E162A,0,2.794167523387237
COADREAD_LUAD_PAAD,functional_score,genie,cosmic,E162D,0,1.1858942067214633
COADREAD_LUAD_PAAD,functional_score,genie,cosmic,E162G,0,4.009156895494512
COADREAD_LUAD_PAAD,functional_score,genie,cosmic,E162K,0,0.7680806736072939
COADREAD_LUAD_PAAD,functional_score,genie,cosmic,E162Q,0,1.0192430328826383
COADREAD_LUAD_PAAD,functional_score,genie,cosmic,E162V,0,0.7769962782868635
COADREAD_LUAD_PAAD,functional_score,genie,cosmic,I163F,0,1.0430981506307722
COADREAD_LUAD_PAAD,functional_score,genie,cosmic,I163L,0,1.7594071262905009
COADREAD_LUAD_PAAD,functional_score,genie,cosmic,I163M,0,1.463250733579002
COADREAD_LUAD_PAAD,functional_score,genie,cosmic,I163N,0,0.7444048789421275
COADREAD_LUAD_PAAD,functional_score,genie,cosmic,I163S,1,1.1748874821199726
COADREAD_LUAD_PAAD,functional_score,genie,cosmic,I163T,0,0.710099288263049
COADREAD_LUAD_PAAD,functional_score,genie,cosmic,I163V,0,1.0722941400214114
COADREAD_LUAD_PAAD,functional_score,genie,cosmic,R164G,0,2.5085129388602696
COADREAD_LUAD_PAAD,functional_score,genie,cosmic,R164L,0,0.6008858029303424
COADREAD_LUAD_PAAD,functional_score,genie,cosmic,R164P,0,0.5934960606221343
COADREAD_LUAD_PAAD,functional_score,genie,cosmic,R164Q,0,1.1326070840122475
COADREAD_LUAD_PAAD,functional_score,genie,cosmic,K165E,0,0.59134564802874
COADREAD_LUAD_PAAD,functional_score,genie,cosmic,K165I,0,2.1475984677475677
COADREAD_LUAD_PAAD,functional_score,genie,cosmic,K165N,0,1.0272865192430145
COADREAD_LUAD_PAAD,functional_score,genie,cosmic,K165Q,0,1.3656035150539791
COADREAD_LUAD_PAAD,functional_score,genie,cosmic,K165R,0,2.741760231736403
COADREAD_LUAD_PAAD,functional_score,genie,cosmic,K165T,0,0.6002337856105463
COADREAD_LUAD_PAAD,functional_score,genie,cosmic,H166D,0,1.3002613857704703
COADREAD_LUAD_PAAD,functional_score,genie,cosmic,H166L,0,0.8740767907799055
COADREAD_LUAD_PAAD,functional_score,genie,cosmic,H166N,0,0.2543718193134029
COADREAD_LUAD_PAAD,functional_score,genie,cosmic,H166P,0,0.5683554827059046
COADREAD_LUAD_PAAD,functional_score,genie,cosmic,H166Q,0,0.855812472951129
COADREAD_LUAD_PAAD,functional_score,genie,cosmic,H166R,0,0.9581656941400312
COADREAD_LUAD_PAAD,functional_score,genie,cosmic,H166Y,0,0.8599840241030137
COADREAD_LUAD_PAAD,functional_score,genie,cosmic,K167E,0,1.175977735904162
COADREAD_LUAD_PAAD,functional_score,genie,cosmic,K167I,0,0.6096369119342612
COADREAD_LUAD_PAAD,functional_score,genie,cosmic,K167N,0,1.5700547924436408
COADREAD_LUAD_PAAD,functional_score,genie,cosmic,K167Q,0,0.6059487163000339
COADREAD_LUAD_PAAD,functional_score,genie,cosmic,K167R,0,1.403793025245019
COADREAD_LUAD_PAAD,functional_score,genie,cosmic,K167T,0,1.4121104371543285
COADREAD_LUAD_PAAD,functional_score,genie,cosmic,E168A,0,0.8222162030100509
COADREAD_LUAD_PAAD,functional_score,genie,cosmic,E168D,0,0.7751170580157576
COADREAD_LUAD_PAAD,functional_score,genie,cosmic,E168G,0,1.6981410305192868
COADREAD_LUAD_PAAD,functional_score,genie,cosmic,E168K,0,1.1405710385901544
COADREAD_LUAD_PAAD,functional_score,genie,cosmic,E168Q,0,6.226892283797964
COADREAD_LUAD_PAAD,functional_score,genie,cosmic,E168V,0,3.2874510495731086
COADREAD_LUAD_PAAD,functional_score,genie,cosmic,K169E,0,0.49471942027820454
COADREAD_LUAD_PAAD,functional_score,genie,cosmic,K169M,0,1.117298736814663
COADREAD_LUAD_PAAD,functional_score,genie,cosmic,K169N,0,1.3920827424340825
COADREAD_LUAD_PAAD,functional_score,genie,cosmic,K169Q,0,0.8496594674710944
COADREAD_LUAD_PAAD,functional_score,genie,cosmic,K169R,0,0.7445687425199262
COADREAD_LUAD_PAAD,functional_score,genie,cosmic,K169T,0,1.7538974231456457
COADREAD_LUAD_PAAD,functional_score,genie,cosmic,M170I,0,1.0214933854873152
COADREAD_LUAD_PAAD,functional_score,genie,cosmic,M170K,0,0.8220713374089331
COADREAD_LUAD_PAAD,functional_score,genie,cosmic,M170L,0,0.8431973903573982
COADREAD_LUAD_PAAD,functional_score,genie,cosmic,M170R,0,1.613653589394199
COADREAD_LUAD_PAAD,functional_score,genie,cosmic,M170T,0,0.42931680806004985
COADREAD_LUAD_PAAD,functional_score,genie,cosmic,M170V,0,1.1009960221617174
COADREAD_LUAD_PAAD,functional_score,genie,cosmic,S171C,0,1.0707675309380162
COADREAD_LUAD_PAAD,functional_score,genie,cosmic,S171G,0,0.7840301167468122
COADREAD_LUAD_PAAD,functional_score,genie,cosmic,S171I,0,0.7632992729559486
COADREAD_LUAD_PAAD,functional_score,genie,cosmic,S171N,0,1.5799346036730202
COADREAD_LUAD_PAAD,functional_score,genie,cosmic,S171R,0,1.3491452396873878
COADREAD_LUAD_PAAD,functional_score,genie,cosmic,S171T,0,0.8061530717126948
COADREAD_LUAD_PAAD,functional_score,genie,cosmic,K172E,0,1.6959671633769409
COADREAD_LUAD_PAAD,functional_score,genie,cosmic,K172I,0,0.7707818166381409
COADREAD_LUAD_PAAD,functional_score,genie,cosmic,K172N,0,2.712704174114243
COADREAD_LUAD_PAAD,functional_score,genie,cosmic,K172Q,0,0.9347791735910084
COADREAD_LUAD_PAAD,functional_score,genie,cosmic,K172R,0,1.0406474377312085
COADREAD_LUAD_PAAD,functional_score,genie,cosmic,K172T,0,0.8408674743228747
COADREAD_LUAD_PAAD,functional_score,genie,cosmic,D173A,0,3.139013895189947
COADREAD_LUAD_PAAD,functional_score,genie,cosmic,D173E,0,1.338197362035653
COADREAD_LUAD_PAAD,functional_score,genie,cosmic,D173G,0,1.1501955817972662
COADREAD_LUAD_PAAD,functional_score,genie,cosmic,D173H,0,1.1769942851827833
COADREAD_LUAD_PAAD,functional_score,genie,cosmic,D173N,0,1.0449057335583931
COADREAD_LUAD_PAAD,functional_score,genie,cosmic,D173V,0,0.7868758700713574
COADREAD_LUAD_PAAD,functional_score,genie,cosmic,D173Y,0,0.7344680804716951
COADREAD_LUAD_PAAD,functional_score,genie,cosmic,G174A,0,0.5387241457058196
COADREAD_LUAD_PAAD,functional_score,genie,cosmic,G174C,0,2.3072600984612386
COADREAD_LUAD_PAAD,functional_score,genie,cosmic,G174D,0,1.2583681063015246
COADREAD_LUAD_PAAD,functional_score,genie,cosmic,G174R,0,0.9570960970082568
COADREAD_LUAD_PAAD,functional_score,genie,cosmic,G174S,0,1.0048860288211672
COADREAD_LUAD_PAAD,functional_score,genie,cosmic,G174V,0,0.7976643547809915
COADREAD_LUAD_PAAD,functional_score,genie,cosmic,K175E,0,1.748429685111304
COADREAD_LUAD_PAAD,functional_score,genie,cosmic,K175I,0,2.0726350201149417
COADREAD_LUAD_PAAD,functional_score,genie,cosmic,K175N,0,1.3556436100044575
COADREAD_LUAD_PAAD,functional_score,genie,cosmic,K175Q,0,0.5090906658884278
COADREAD_LUAD_PAAD,functional_score,genie,cosmic,K175R,0,2.0827881447110297
COADREAD_LUAD_PAAD,functional_score,genie,cosmic,K175T,0,1.677082238255682
COADREAD_LUAD_PAAD,functional_score,genie,cosmic,K176E,0,1.0518905200832571
COADREAD_LUAD_PAAD,functional_score,genie,cosmic,K176M,0,1.1864832781123704
COADREAD_LUAD_PAAD,functional_score,genie,cosmic,K176N,0,0.42751391698532254
COADREAD_LUAD_PAAD,functional_score,genie,cosmic,K176Q,0,0.9160947463803638
COADREAD_LUAD_PAAD,functional_score,genie,cosmic,K176R,0,3.5169631849132816
COADREAD_LUAD_PAAD,functional_score,genie,cosmic,K176T,0,1.114791790193097
COADREAD_LUAD_PAAD,functional_score,genie,cosmic,K177E,0,6.267833960981317
COADREAD_LUAD_PAAD,functional_score,genie,cosmic,K177M,0,0.4961693808020381
COADREAD_LUAD_PAAD,functional_score,genie,cosmic,K177N,0,2.259315269046835
COADREAD_LUAD_PAAD,functional_score,genie,cosmic,K177Q,0,1.102959503807544
COADREAD_LUAD_PAAD,functional_score,genie,cosmic,K177R,0,1.768560600852611
COADREAD_LUAD_PAAD,functional_score,genie,cosmic,K177T,0,0.9077673196808111
COADREAD_LUAD_PAAD,functional_score,genie,cosmic,K178E,0,1.4965068743708902
COADREAD_LUAD_PAAD,functional_score,genie,cosmic,K178I,0,0.5606272186457902
COADREAD_LUAD_PAAD,functional_score,genie,cosmic,K178N,0,0.6859233362382182
COADREAD_LUAD_PAAD,functional_score,genie,cosmic,K178Q,0,1.4984570830416122
COADREAD_LUAD_PAAD,functional_score,genie,cosmic,K178R,0,1.1320038640999048
COADREAD_LUAD_PAAD,functional_score,genie,cosmic,K178T,0,1.1224897612524696
COADREAD_LUAD_PAAD,functional_score,genie,cosmic,K179E,0,1.0939710941843863
COADREAD_LUAD_PAAD,functional_score,genie,cosmic,K179M,0,0.49102069678478377
COADREAD_LUAD_PAAD,functional_score,genie,cosmic,K179N,0,1.100595914355422
COADREAD_LUAD_PAAD,functional_score,genie,cosmic,K179Q,0,2.296871840057355
COADREAD_LUAD_PAAD,functional_score,genie,cosmic,K179R,0,1.3580186078929235
COADREAD_LUAD_PAAD,functional_score,genie,cosmic,K179T,0,2.0853081616241766
COADREAD_LUAD_PAAD,functional_score,genie,cosmic,K180E,0,0.52344890865720906
COADREAD_LUAD_PAAD,functional_score,genie,cosmic,K180M,0,0.9859364683106416
COADREAD_LUAD_PAAD,functional_score,genie,cosmic,K180N,0,2.622200981539921
COADREAD_LUAD_PAAD,functional_score,genie,cosmic,K180Q,0,0.7134623883747997
COADREAD_LUAD_PAAD,functional_score,genie,cosmic,K180R,0,1.0559185378047284
COADREAD_LUAD_PAAD,functional_score,genie,cosmic,K180T,0,1.5143480159165843
COADREAD_LUAD_PAAD,functional_score,genie,cosmic,S181A,0,0.7597309135955003
COADREAD_LUAD_PAAD,functional_score,genie,cosmic,S181L,0,0.8846688133103096
COADREAD_LUAD_PAAD,functional_score,genie,cosmic,S181P,0,1.2667551087997744
COADREAD_LUAD_PAAD,functional_score,genie,cosmic,S181T,0,0.4298401717694835
COADREAD_LUAD_PAAD,functional_score,genie,cosmic,K182E,0,1.0898639625240854
COADREAD_LUAD_PAAD,functional_score,genie,cosmic,K182M,0,1.10976153664987
COADREAD_LUAD_PAAD,functional_score,genie,cosmic,K182N,0,1.1849639464763333
COADREAD_LUAD_PAAD,functional_score,genie,cosmic,K182Q,0,1.404867091442725
COADREAD_LUAD_PAAD,functional_score,genie,cosmic,K182R,0,1.310017531287683
COADREAD_LUAD_PAAD,functional_score,genie,cosmic,K182T,0,2.055731995992404
COADREAD_LUAD_PAAD,functional_score,genie,cosmic,T183A,0,0.26198189007146083
COADREAD_LUAD_PAAD,functional_score,genie,cosmic,T183I,0,0.49438489177506617
COADREAD_LUAD_PAAD,functional_score,genie,cosmic,T183K,0,0.43634760634303554
COADREAD_LUAD_PAAD,functional_score,genie,cosmic,T183P,0,1.2330613085144289
COADREAD_LUAD_PAAD,functional_score,genie,cosmic,T183R,0,1.1895307506038046
COADREAD_LUAD_PAAD,functional_score,genie,cosmic,T183S,0,0.6633291431663713
COADREAD_LUAD_PAAD,functional_score,genie,cosmic,K184E,0,0.9563975440753096
COADREAD_LUAD_PAAD,functional_score,genie,cosmic,K184M,0,0.6362499295965626
COADREAD_LUAD_PAAD,functional_score,genie,cosmic,K184N,0,0.9651232147972554
COADREAD_LUAD_PAAD,functional_score,genie,cosmic,K184Q,0,0.4601262895883237
COADREAD_LUAD_PAAD,functional_score,genie,cosmic,K184R,0,0.6233332956353592
COADREAD_LUAD_PAAD,functional_score,genie,cosmic,K184T,0,1.5797290490319458
COADREAD_LUAD_PAAD,functional_score,genie,cosmic,C185F,0,0.7155809469720005
COADREAD_LUAD_PAAD,functional_score,genie,cosmic,C185G,0,0.24874447367239383
COADREAD_LUAD_PAAD,functional_score,genie,cosmic,C185R,0,0.5978727168717802
COADREAD_LUAD_PAAD,functional_score,genie,cosmic,C185S,0,0.6447153789602863
COADREAD_LUAD_PAAD,functional_score,genie,cosmic,C185W,0,0.25273772855350624
COADREAD_LUAD_PAAD,functional_score,genie,cosmic,C185Y,0,0.745794787158191
COADREAD_LUAD_PAAD,functional_score,genie,cosmic,V186A,0,0.7777303946105013
COADREAD_LUAD_PAAD,functional_score,genie,cosmic,V186E,0,0.918613502052192
COADREAD_LUAD_PAAD,functional_score,genie,cosmic,V186G,0,0.4153563119909131
COADREAD_LUAD_PAAD,functional_score,genie,cosmic,V186I,0,1.6504493499060229
COADREAD_LUAD_PAAD,functional_score,genie,cosmic,V186L,0,0.8965629729844194
COADREAD_LUAD_PAAD,functional_score,genie,cosmic,I187F,0,0.8192091262681009
COADREAD_LUAD_PAAD,functional_score,genie,cosmic,I187L,0,0.6668483938036983
COADREAD_LUAD_PAAD,functional_score,genie,cosmic,I187M,0,1.0228487470451764
COADREAD_LUAD_PAAD,functional_score,genie,cosmic,I187N,0,0.7809659777618271
COADREAD_LUAD_PAAD,functional_score,genie,cosmic,I187S,0,0.3760441283864767
COADREAD_LUAD_PAAD,functional_score,genie,cosmic,I187T,0,1.0000597089606909
COADREAD_LUAD_PAAD,functional_score,genie,cosmic,I187V,0,0.7181688279185028
COADREAD_LUAD_PAAD,functional_score,genie,cosmic,M188I,0,1.3017532119356747
COADREAD_LUAD_PAAD,functional_score,genie,cosmic,M188K,0,1.1992750310778977
COADREAD_LUAD_PAAD,functional_score,genie,cosmic,M188L,0,1.854808538748356
COADREAD_LUAD_PAAD,functional_score,genie,cosmic,M188R,0,1.3968194255316355
COADREAD_LUAD_PAAD,functional_score,genie,cosmic,M188T,0,3.1162397092030747
COADREAD_LUAD_PAAD,functional_score,genie,cosmic,M188V,0,0.6937137948964769
COADREAD_LUAD_PAAD,mutational_signatures,genie,cosmic,T2A,0,0.5186575610094774
COADREAD_LUAD_PAAD,mutational_signatures,genie,cosmic,T2I,0,16.693551158941315
COADREAD_LUAD_PAAD,mutational_signatures,genie,cosmic,T2N,0,22.660657988738983
COADREAD_LUAD_PAAD,mutational_signatures,genie,cosmic,T2P,0,3.604586416054542
COADREAD_LUAD_PAAD,mutational_signatures,genie,cosmic,T2S,0,0.541618519889465
COADREAD_LUAD_PAAD,mutational_signatures,genie,cosmic,E3A,0,1.758529016804453
COADREAD_LUAD_PAAD,mutational_signatures,genie,cosmic,E3D,0,4.394327014010978e-6
COADREAD_LUAD_PAAD,mutational_signatures,genie,cosmic,E3G,0,0.0054651441269188
COADREAD_LUAD_PAAD,mutational_signatures,genie,cosmic,E3K,1,2.220446049250313e-16
COADREAD_LUAD_PAAD,mutational_signatures,genie,cosmic,E3Q,0,0.4272272177349135
COADREAD_LUAD_PAAD,mutational_signatures,genie,cosmic,E3V,0,13.08014929964353
COADREAD_LUAD_PAAD,mutational_signatures,genie,cosmic,Y4C,0,0.41405599733542175
COADREAD_LUAD_PAAD,mutational_signatures,genie,cosmic,Y4D,0,0.011090543304124383
COADREAD_LUAD_PAAD,mutational_signatures,genie,cosmic,Y4F,0,1.1476663217288024e-4
COADREAD_LUAD_PAAD,mutational_signatures,genie,cosmic,Y4H,0,0.39373939405798486
COADREAD_LUAD_PAAD,mutational_signatures,genie,cosmic,Y4N,0,1.12767286272881e-4
COADREAD_LUAD_PAAD,mutational_signatures,genie,cosmic,Y4S,0,0.01247582893174248
COADREAD_LUAD_PAAD,mutational_signatures,genie,cosmic,K5E,1,0.03412566195808293
COADREAD_LUAD_PAAD,mutational_signatures,genie,cosmic,K5I,0,0.6348819254963517
COADREAD_LUAD_PAAD,mutational_signatures,genie,cosmic,K5N,1,4.574831726456397
COADREAD_LUAD_PAAD,mutational_signatures,genie,cosmic,K5Q,0,0.0010036643605698865
COADREAD_LUAD_PAAD,mutational_signatures,genie,cosmic,K5R,2,8.48110528490695e-6
COADREAD_LUAD_PAAD,mutational_signatures,genie,cosmic,K5T,0,0.5176845380634791
COADREAD_LUAD_PAAD,mutational_signatures,genie,cosmic,L6F,0,16.178440466533143
COADREAD_LUAD_PAAD,mutational_signatures,genie,cosmic,L6H,1,15.536255523241534
COADREAD_LUAD_PAAD,mutational_signatures,genie,cosmic,L6I,0,23.191267496375197
COADREAD_LUAD_PAAD,mutational_signatures,genie,cosmic,L6P,0,6.959071171498817e-11
COADREAD_LUAD_PAAD,mutational_signatures,genie,cosmic,L6R,0,21.392534079483024
COADREAD_LUAD_PAAD,mutational_signatures,genie,cosmic,L6V,0,0.6140163554152103
COADREAD_LUAD_PAAD,mutational_signatures,genie,cosmic,V7A,0,0.1761785763455861
COADREAD_LUAD_PAAD,mutational_signatures,genie,cosmic,V7E,0,15.610174173948277
COADREAD_LUAD_PAAD,mutational_signatures,genie,cosmic,V7G,0,0.0028592504190620457
COADREAD_LUAD_PAAD,mutational_signatures,genie,cosmic,V7L,0,1.0153436545015369e-7
COADREAD_LUAD_PAAD,mutational_signatures,genie,cosmic,V7M,0,1.1737811876489093
COADREAD_LUAD_PAAD,mutational_signatures,genie,cosmic,V8A,0,0.183667065026667
COADREAD_LUAD_PAAD,mutational_signatures,genie,cosmic,V8E,1,4.217452789712958
COADREAD_LUAD_PAAD,mutational_signatures,genie,cosmic,V8G,0,3.401668043922781
COADREAD_LUAD_PAAD,mutational_signatures,genie,cosmic,V8I,1,312.89727887103214
COADREAD_LUAD_PAAD,mutational_signatures,genie,cosmic,V8L,0,42.32219126754996
COADREAD_LUAD_PAAD,mutational_signatures,genie,cosmic,V9A,0,0.9726330655189712
COADREAD_LUAD_PAAD,mutational_signatures,genie,cosmic,V9D,0,43.36636702669544
COADREAD_LUAD_PAAD,mutational_signatures,genie,cosmic,V9F,0,22.09318376132092
COADREAD_LUAD_PAAD,mutational_signatures,genie,cosmic,V9G,0,1.5539751354203613
COADREAD_LUAD_PAAD,mutational_signatures,genie,cosmic,V9I,0,16.216219510797202
COADREAD_LUAD_PAAD,mutational_signatures,genie,cosmic,V9L,0,0.6352795248718713
COADREAD_LUAD_PAAD,mutational_signatures,genie,cosmic,G10A,0,0.5568546230230522
COADREAD_LUAD_PAAD,mutational_signatures,genie,cosmic,G10E,1,2.220446049250313e-16
COADREAD_LUAD_PAAD,mutational_signatures,genie,cosmic,G10R,1,9.053765045683278
COADREAD_LUAD_PAAD,mutational_signatures,genie,cosmic,G10V,1,25.12271124188595
COADREAD_LUAD_PAAD,mutational_signatures,genie,cosmic,A11D,0,3.4595924134935983
COADREAD_LUAD_PAAD,mutational_signatures,genie,cosmic,A11G,0,1.2626890724548927
COADREAD_LUAD_PAAD,mutational_signatures,genie,cosmic,A11P,1,1.1858209494618988
COADREAD_LUAD_PAAD,mutational_signatures,genie,cosmic,A11S,0,3.4633517021772255
COADREAD_LUAD_PAAD,mutational_signatures,genie,cosmic,A11T,1,20.230717947282866
COADREAD_LUAD_PAAD,mutational_signatures,genie,cosmic,A11V,1,25.431865482661085
COADREAD_LUAD_PAAD,mutational_signatures,genie,cosmic,G12A,837,2.1946563920351148
COADREAD_LUAD_PAAD,mutational_signatures,genie,cosmic,G12C,3082,331.6531996703415
COADREAD_LUAD_PAAD,mutational_signatures,genie,cosmic,G12D,5534,319.7063400692111
COADREAD_LUAD_PAAD,mutational_signatures,genie,cosmic,G12R,957,4.969956955677736
COADREAD_LUAD_PAAD,mutational_signatures,genie,cosmic,G12S,500,27.662675348432177
COADREAD_LUAD_PAAD,mutational_signatures,genie,cosmic,G12V,4305,296.2290362853167
COADREAD_LUAD_PAAD,mutational_signatures,genie,cosmic,G13A,7,3.0759993163787187
COADREAD_LUAD_PAAD,mutational_signatures,genie,cosmic,G13C,238,217.6713291906679
COADREAD_LUAD_PAAD,mutational_signatures,genie,cosmic,G13D,973,131.75761078811462
COADREAD_LUAD_PAAD,mutational_signatures,genie,cosmic,G13R,20,5.340822211382306
COADREAD_LUAD_PAAD,mutational_signatures,genie,cosmic,G13S,12,35.32607120115843
COADREAD_LUAD_PAAD,mutational_signatures,genie,cosmic,G13V,14,6.350072724528195
COADREAD_LUAD_PAAD,mutational_signatures,genie,cosmic,V14A,2,0.183667065026667
COADREAD_LUAD_PAAD,mutational_signatures,genie,cosmic,V14E,0,4.217452789712958
COADREAD_LUAD_PAAD,mutational_signatures,genie,cosmic,V14G,2,3.401668043922781
COADREAD_LUAD_PAAD,mutational_signatures,genie,cosmic,V14I,4,3.5224837463444356e-5
COADREAD_LUAD_PAAD,mutational_signatures,genie,cosmic,V14L,0,3.904829506230509
COADREAD_LUAD_PAAD,mutational_signatures,genie,cosmic,G15A,0,3.0759993163787187
COADREAD_LUAD_PAAD,mutational_signatures,genie,cosmic,G15C,0,2.220446049250313e-16
COADREAD_LUAD_PAAD,mutational_signatures,genie,cosmic,G15D,0,131.75761078811462
COADREAD_LUAD_PAAD,mutational_signatures,genie,cosmic,G15R,0,1.4767269915850318
COADREAD_LUAD_PAAD,mutational_signatures,genie,cosmic,G15S,0,7.457911197958515
COADREAD_LUAD_PAAD,mutational_signatures,genie,cosmic,G15V,0,6.350072724528195
COADREAD_LUAD_PAAD,mutational_signatures,genie,cosmic,K16E,0,0.0948910370712516
COADREAD_LUAD_PAAD,mutational_signatures,genie,cosmic,K16M,0,15.536255523241534
COADREAD_LUAD_PAAD,mutational_signatures,genie,cosmic,K16N,0,3.3233097877251734e-4
COADREAD_LUAD_PAAD,mutational_signatures,genie,cosmic,K16Q,0,1.2219384020965722
COADREAD_LUAD_PAAD,mutational_signatures,genie,cosmic,K16R,0,6.959071171498817e-11
COADREAD_LUAD_PAAD,mutational_signatures,genie,cosmic,K16T,0,21.392534079483024
COADREAD_LUAD_PAAD,mutational_signatures,genie,cosmic,S17C,0,3.673610537101141
COADREAD_LUAD_PAAD,mutational_signatures,genie,cosmic,S17G,1,4.716596466113509e-8
COADREAD_LUAD_PAAD,mutational_signatures,genie,cosmic,S17I,0,22.660657988738983
COADREAD_LUAD_PAAD,mutational_signatures,genie,cosmic,S17N,0,16.693551158941315
COADREAD_LUAD_PAAD,mutational_signatures,genie,cosmic,S17R,0,6.381089940464014e-4
COADREAD_LUAD_PAAD,mutational_signatures,genie,cosmic,S17T,0,0.6539499845191399
COADREAD_LUAD_PAAD,mutational_signatures,genie,cosmic,A18D,1,6.350072724528195
COADREAD_LUAD_PAAD,mutational_signatures,genie,cosmic,A18G,0,3.0759993163787187
COADREAD_LUAD_PAAD,mutational_signatures,genie,cosmic,A18P,0,3.6582972287655897
COADREAD_LUAD_PAAD,mutational_signatures,genie,cosmic,A18S,0,0.16446175241449737
COADREAD_LUAD_PAAD,mutational_signatures,genie,cosmic,A18T,1,2.6537483353721347
COADREAD_LUAD_PAAD,mutational_signatures,genie,cosmic,A18V,1,131.75761078811462
COADREAD_LUAD_PAAD,mutational_signatures,genie,cosmic,L19F,12,7.500083242062867e-4
COADREAD_LUAD_PAAD,mutational_signatures,genie,cosmic,L19M,0,15.536255523241534
COADREAD_LUAD_PAAD,mutational_signatures,genie,cosmic,L19S,0,0.09651310684507386
COADREAD_LUAD_PAAD,mutational_signatures,genie,cosmic,L19V,0,14.390484098755362
COADREAD_LUAD_PAAD,mutational_signatures,genie,cosmic,L19W,0,1.2582703243056113
COADREAD_LUAD_PAAD,mutational_signatures,genie,cosmic,T20A,0,0.6915958133065814
COADREAD_LUAD_PAAD,mutational_signatures,genie,cosmic,T20K,0,7.607331035234838
COADREAD_LUAD_PAAD,mutational_signatures,genie,cosmic,T20M,1,3.573619473699687e-5
COADREAD_LUAD_PAAD,mutational_signatures,genie,cosmic,T20P,0,3.7847033627244664
COADREAD_LUAD_PAAD,mutational_signatures,genie,cosmic,T20R,0,7.692974106572964
COADREAD_LUAD_PAAD,mutational_signatures,genie,cosmic,T20S,0,12.225448779473249
COADREAD_LUAD_PAAD,mutational_signatures,genie,cosmic,I21K,0,1.1476663217288024e-4
COADREAD_LUAD_PAAD,mutational_signatures,genie,cosmic,I21L,0,2.575746281934419
COADREAD_LUAD_PAAD,mutational_signatures,genie,cosmic,I21M,0,0.183667065026667
COADREAD_LUAD_PAAD,mutational_signatures,genie,cosmic,I21R,0,0.01247582893174248
COADREAD_LUAD_PAAD,mutational_signatures,genie,cosmic,I21T,0,0.41405599733542175
COADREAD_LUAD_PAAD,mutational_signatures,genie,cosmic,I21V,0,0.11353376286142942
COADREAD_LUAD_PAAD,mutational_signatures,genie,cosmic,Q22E,0,0.34199239556570493
COADREAD_LUAD_PAAD,mutational_signatures,genie,cosmic,Q22H,1,0.29655098831555504
COADREAD_LUAD_PAAD,mutational_signatures,genie,cosmic,Q22K,4,4.764886808013509e-6
COADREAD_LUAD_PAAD,mutational_signatures,genie,cosmic,Q22L,1,29.389840774834553
COADREAD_LUAD_PAAD,mutational_signatures,genie,cosmic,Q22P,0,0.7368998831191449
COADREAD_LUAD_PAAD,mutational_signatures,genie,cosmic,Q22R,1,1.507048073479157e-5
COADREAD_LUAD_PAAD,mutational_signatures,genie,cosmic,L23I,0,3.064287137724559
COADREAD_LUAD_PAAD,mutational_signatures,genie,cosmic,L23P,0,0.01118646536087203
COADREAD_LUAD_PAAD,mutational_signatures,genie,cosmic,L23Q,0,34.62762353886299
COADREAD_LUAD_PAAD,mutational_signatures,genie,cosmic,L23R,0,0.18924578068877684
COADREAD_LUAD_PAAD,mutational_signatures,genie,cosmic,L23V,0,1.0748129985759047
COADREAD_LUAD_PAAD,mutational_signatures,genie,cosmic,I24F,0,5.530398392745828e-4
COADREAD_LUAD_PAAD,mutational_signatures,genie,cosmic,I24L,0,0.08612716628818315
COADREAD_LUAD_PAAD,mutational_signatures,genie,cosmic,I24M,0,1.758529016804453
COADREAD_LUAD_PAAD,mutational_signatures,genie,cosmic,I24N,0,6.446547669496054e-4
COADREAD_LUAD_PAAD,mutational_signatures,genie,cosmic,I24S,0,0.10041235590156784
COADREAD_LUAD_PAAD,mutational_signatures,genie,cosmic,I24T,0,1.7928597827666952
COADREAD_LUAD_PAAD,mutational_signatures,genie,cosmic,I24V,0,1.651660845068325
COADREAD_LUAD_PAAD,mutational_signatures,genie,cosmic,Q25E,0,0.4163385838004725
COADREAD_LUAD_PAAD,mutational_signatures,genie,cosmic,Q25H,0,3.3233097877251734e-4
COADREAD_LUAD_PAAD,mutational_signatures,genie,cosmic,Q25K,0,0.017864919222762645
COADREAD_LUAD_PAAD,mutational_signatures,genie,cosmic,Q25L,0,29.389840774834553
COADREAD_LUAD_PAAD,mutational_signatures,genie,cosmic,Q25P,0,0.7368998831191449
COADREAD_LUAD_PAAD,mutational_signatures,genie,cosmic,Q25R,0,1.507048073479157e-5
COADREAD_LUAD_PAAD,mutational_signatures,genie,cosmic,N26D,0,0.005134408226989325
COADREAD_LUAD_PAAD,mutational_signatures,genie,cosmic,N26H,0,1.7293402439194192
COADREAD_LUAD_PAAD,mutational_signatures,genie,cosmic,N26I,0,6.446547669496054e-4
COADREAD_LUAD_PAAD,mutational_signatures,genie,cosmic,N26K,0,2.7006479537982218
COADREAD_LUAD_PAAD,mutational_signatures,genie,cosmic,N26S,0,1.7928597827666952
COADREAD_LUAD_PAAD,mutational_signatures,genie,cosmic,N26T,0,0.10041235590156784
COADREAD_LUAD_PAAD,mutational_signatures,genie,cosmic,N26Y,0,12.97605290316511
COADREAD_LUAD_PAAD,mutational_signatures,genie,cosmic,H27D,0,0.4272272177349135
COADREAD_LUAD_PAAD,mutational_signatures,genie,cosmic,H27L,0,2.68386508432517
COADREAD_LUAD_PAAD,mutational_signatures,genie,cosmic,H27N,0,0.02358913046499006
COADREAD_LUAD_PAAD,mutational_signatures,genie,cosmic,H27P,0,0.4995284748140474
COADREAD_LUAD_PAAD,mutational_signatures,genie,cosmic,H27Q,0,4.394327014010978e-6
COADREAD_LUAD_PAAD,mutational_signatures,genie,cosmic,H27R,0,0.04415373431515493
COADREAD_LUAD_PAAD,mutational_signatures,genie,cosmic,H27Y,0,2.220446049250313e-16
COADREAD_LUAD_PAAD,mutational_signatures,genie,cosmic,F28C,0,0.5176845380634791
COADREAD_LUAD_PAAD,mutational_signatures,genie,cosmic,F28I,0,0.601542544493208
COADREAD_LUAD_PAAD,mutational_signatures,genie,cosmic,F28L,1,8.592233327284004e-8
COADREAD_LUAD_PAAD,mutational_signatures,genie,cosmic,F28S,0,8.48110528490695e-6
COADREAD_LUAD_PAAD,mutational_signatures,genie,cosmic,F28V,0,0.3753158532577968
COADREAD_LUAD_PAAD,mutational_signatures,genie,cosmic,F28Y,0,0.6348819254963517
COADREAD_LUAD_PAAD,mutational_signatures,genie,cosmic,V29A,0,0.1761785763455861
COADREAD_LUAD_PAAD,mutational_signatures,genie,cosmic,V29E,0,15.610174173948277
COADREAD_LUAD_PAAD,mutational_signatures,genie,cosmic,V29G,0,0.0028592504190620457
COADREAD_LUAD_PAAD,mutational_signatures,genie,cosmic,V29L,0,1.0153436545015369e-7
COADREAD_LUAD_PAAD,mutational_signatures,genie,cosmic,V29M,0,1.1737811876489093
COADREAD_LUAD_PAAD,mutational_signatures,genie,cosmic,D30A,0,3.746772249630373
COADREAD_LUAD_PAAD,mutational_signatures,genie,cosmic,D30E,0,3.9728722787713338
COADREAD_LUAD_PAAD,mutational_signatures,genie,cosmic,D30G,0,0.625591507948049
COADREAD_LUAD_PAAD,mutational_signatures,genie,cosmic,D30H,0,0.5564002414456899
COADREAD_LUAD_PAAD,mutational_signatures,genie,cosmic,D30N,0,2.220446049250313e-16
COADREAD_LUAD_PAAD,mutational_signatures,genie,cosmic,D30V,0,12.217290293195324
COADREAD_LUAD_PAAD,mutational_signatures,genie,cosmic,D30Y,0,23.817570590026524
COADREAD_LUAD_PAAD,mutational_signatures,genie,cosmic,E31A,0,1.758529016804453
COADREAD_LUAD_PAAD,mutational_signatures,genie,cosmic,E31D,0,4.394327014010978e-6
COADREAD_LUAD_PAAD,mutational_signatures,genie,cosmic,E31G,0,0.0054651441269188
COADREAD_LUAD_PAAD,mutational_signatures,genie,cosmic,E31K,2,4.388823424602093
COADREAD_LUAD_PAAD,mutational_signatures,genie,cosmic,E31Q,0,8.743087199458198
COADREAD_LUAD_PAAD,mutational_signatures,genie,cosmic,E31V,0,13.08014929964353
COADREAD_LUAD_PAAD,mutational_signatures,genie,cosmic,Y32C,0,0.41405599733542175
COADREAD_LUAD_PAAD,mutational_signatures,genie,cosmic,Y32D,0,0.01136491835063718
COADREAD_LUAD_PAAD,mutational_signatures,genie,cosmic,Y32F,0,1.1476663217288024e-4
COADREAD_LUAD_PAAD,mutational_signatures,genie,cosmic,Y32H,0,0.36357665842032816
COADREAD_LUAD_PAAD,mutational_signatures,genie,cosmic,Y32N,0,1.1045165587750648e-4
COADREAD_LUAD_PAAD,mutational_signatures,genie,cosmic,Y32S,0,0.01247582893174248
COADREAD_LUAD_PAAD,mutational_signatures,genie,cosmic,D33A,0,1.5736532642657153
COADREAD_LUAD_PAAD,mutational_signatures,genie,cosmic,D33E,3,2.7006479537982218
COADREAD_LUAD_PAAD,mutational_signatures,genie,cosmic,D33G,0,0.12920831195633464
COADREAD_LUAD_PAAD,mutational_signatures,genie,cosmic,D33H,0,0.4288575573611525
COADREAD_LUAD_PAAD,mutational_signatures,genie,cosmic,D33N,0,2.220446049250313e-16
COADREAD_LUAD_PAAD,mutational_signatures,genie,cosmic,D33V,0,25.28022356487866
COADREAD_LUAD_PAAD,mutational_signatures,genie,cosmic,D33Y,0,0.02279329958901898
COADREAD_LUAD_PAAD,mutational_signatures,genie,cosmic,P34A,0,0.5258474761673116
COADREAD_LUAD_PAAD,mutational_signatures,genie,cosmic,P34L,1,27.618762070323186
COADREAD_LUAD_PAAD,mutational_signatures,genie,cosmic,P34Q,0,347.22848922762313
COADREAD_LUAD_PAAD,mutational_signatures,genie,cosmic,P34R,0,5.399680993586537
COADREAD_LUAD_PAAD,mutational_signatures,genie,cosmic,P34S,1,2.220446049250313e-16
COADREAD_LUAD_PAAD,mutational_signatures,genie,cosmic,P34T,0,24.082103842807705
COADREAD_LUAD_PAAD,mutational_signatures,genie,cosmic,T35A,0,0.8845315242520942
COADREAD_LUAD_PAAD,mutational_signatures,genie,cosmic,T35I,0,1.1737811876489093
COADREAD_LUAD_PAAD,mutational_signatures,genie,cosmic,T35K,0,5.334976082308549e-6
COADREAD_LUAD_PAAD,mutational_signatures,genie,cosmic,T35P,0,1.3814888829479737
COADREAD_LUAD_PAAD,mutational_signatures,genie,cosmic,T35R,0,0.3687402232329246
COADREAD_LUAD_PAAD,mutational_signatures,genie,cosmic,T35S,0,43.816508278030014
COADREAD_LUAD_PAAD,mutational_signatures,genie,cosmic,I36K,0,1.1476663217288024e-4
COADREAD_LUAD_PAAD,mutational_signatures,genie,cosmic,I36L,0,3.2059755950976074e-6
COADREAD_LUAD_PAAD,mutational_signatures,genie,cosmic,I36M,0,0.01118646536087203
COADREAD_LUAD_PAAD,mutational_signatures,genie,cosmic,I36R,0,0.01247582893174248
COADREAD_LUAD_PAAD,mutational_signatures,genie,cosmic,I36T,0,0.41405599733542175
COADREAD_LUAD_PAAD,mutational_signatures,genie,cosmic,I36V,0,1.5464602411085613
COADREAD_LUAD_PAAD,mutational_signatures,genie,cosmic,E37A,0,3.2714367893589835
COADREAD_LUAD_PAAD,mutational_signatures,genie,cosmic,E37D,0,2.220446049250313e-16
COADREAD_LUAD_PAAD,mutational_signatures,genie,cosmic,E37G,0,1.042202982360204e-7
COADREAD_LUAD_PAAD,mutational_signatures,genie,cosmic,E37K,0,2.220446049250313e-16
COADREAD_LUAD_PAAD,mutational_signatures,genie,cosmic,E37Q,0,0.010361797191136524
COADREAD_LUAD_PAAD,mutational_signatures,genie,cosmic,E37V,0,3.725383114087709
COADREAD_LUAD_PAAD,mutational_signatures,genie,cosmic,D38A,0,1.5736532642657153
COADREAD_LUAD_PAAD,mutational_signatures,genie,cosmic,D38E,0,4.394327014010978e-6
COADREAD_LUAD_PAAD,mutational_signatures,genie,cosmic,D38G,0,0.12920831195633464
COADREAD_LUAD_PAAD,mutational_signatures,genie,cosmic,D38H,0,0.5417051454512822
COADREAD_LUAD_PAAD,mutational_signatures,genie,cosmic,D38N,0,2.220446049250313e-16
COADREAD_LUAD_PAAD,mutational_signatures,genie,cosmic,D38V,0,25.28022356487866
COADREAD_LUAD_PAAD,mutational_signatures,genie,cosmic,D38Y,0,25.31353685250249
COADREAD_LUAD_PAAD,mutational_signatures,genie,cosmic,S39A,0,1.59178616924282
COADREAD_LUAD_PAAD,mutational_signatures,genie,cosmic,S39C,0,0.5568546230230522
COADREAD_LUAD_PAAD,mutational_signatures,genie,cosmic,S39F,0,2.220446049250313e-16
COADREAD_LUAD_PAAD,mutational_signatures,genie,cosmic,S39P,0,0.0019886462609314975
COADREAD_LUAD_PAAD,mutational_signatures,genie,cosmic,S39T,0,13.17625819126306
COADREAD_LUAD_PAAD,mutational_signatures,genie,cosmic,S39Y,0,25.12271124188595
COADREAD_LUAD_PAAD,mutational_signatures,genie,cosmic,Y40C,0,0.183667065026667
COADREAD_LUAD_PAAD,mutational_signatures,genie,cosmic,Y40D,0,0.1801353536747185
COADREAD_LUAD_PAAD,mutational_signatures,genie,cosmic,Y40F,0,4.217452789712958
COADREAD_LUAD_PAAD,mutational_signatures,genie,cosmic,Y40H,0,0.009705695011035092
COADREAD_LUAD_PAAD,mutational_signatures,genie,cosmic,Y40N,0,34.521369423706695
COADREAD_LUAD_PAAD,mutational_signatures,genie,cosmic,Y40S,0,3.401668043922781
COADREAD_LUAD_PAAD,mutational_signatures,genie,cosmic,R41G,0,1.3628925339465488e-5
COADREAD_LUAD_PAAD,mutational_signatures,genie,cosmic,R41K,0,6.416533863079735
COADREAD_LUAD_PAAD,mutational_signatures,genie,cosmic,R41M,0,2.220446049250313e-16
COADREAD_LUAD_PAAD,mutational_signatures,genie,cosmic,R41S,0,0.9496998159141364
COADREAD_LUAD_PAAD,mutational_signatures,genie,cosmic,R41T,0,1.680814762003191
COADREAD_LUAD_PAAD,mutational_signatures,genie,cosmic,R41W,0,29.389840774834553
COADREAD_LUAD_PAAD,mutational_signatures,genie,cosmic,K42E,0,0.0046602732225548595
COADREAD_LUAD_PAAD,mutational_signatures,genie,cosmic,K42M,0,15.536255523241534
COADREAD_LUAD_PAAD,mutational_signatures,genie,cosmic,K42N,0,0.29655098831555504
COADREAD_LUAD_PAAD,mutational_signatures,genie,cosmic,K42Q,0,1.7321155424436774
COADREAD_LUAD_PAAD,mutational_signatures,genie,cosmic,K42R,0,6.959071171498817e-11
COADREAD_LUAD_PAAD,mutational_signatures,genie,cosmic,K42T,0,21.392534079483024
COADREAD_LUAD_PAAD,mutational_signatures,genie,cosmic,Q43E,0,3.860070308954584
COADREAD_LUAD_PAAD,mutational_signatures,genie,cosmic,Q43H,0,22.562468118956716
COADREAD_LUAD_PAAD,mutational_signatures,genie,cosmic,Q43K,0,0.2711535436446951
COADREAD_LUAD_PAAD,mutational_signatures,genie,cosmic,Q43L,0,2.42810416672869
COADREAD_LUAD_PAAD,mutational_signatures,genie,cosmic,Q43P,0,1.2582703243056113
COADREAD_LUAD_PAAD,mutational_signatures,genie,cosmic,Q43R,0,0.09651310684507386
COADREAD_LUAD_PAAD,mutational_signatures,genie,cosmic,V44A,0,0.183667065026667
COADREAD_LUAD_PAAD,mutational_signatures,genie,cosmic,V44E,1,4.217452789712958
COADREAD_LUAD_PAAD,mutational_signatures,genie,cosmic,V44G,0,3.401668043922781
COADREAD_LUAD_PAAD,mutational_signatures,genie,cosmic,V44I,0,16.73197390688926
COADREAD_LUAD_PAAD,mutational_signatures,genie,cosmic,V44L,0,0.9225665251555696
COADREAD_LUAD_PAAD,mutational_signatures,genie,cosmic,V45A,0,0.183667065026667
COADREAD_LUAD_PAAD,mutational_signatures,genie,cosmic,V45E,0,4.217452789712958
COADREAD_LUAD_PAAD,mutational_signatures,genie,cosmic,V45G,0,3.401668043922781
COADREAD_LUAD_PAAD,mutational_signatures,genie,cosmic,V45I,0,14.779933866977071
COADREAD_LUAD_PAAD,mutational_signatures,genie,cosmic,V45L,0,0.84409550306300285
COADREAD_LUAD_PAAD,mutational_signatures,genie,cosmic,I46F,0,5.725483032493838e-4
COADREAD_LUAD_PAAD,mutational_signatures,genie,cosmic,I46L,0,0.07925700889736396
COADREAD_LUAD_PAAD,mutational_signatures,genie,cosmic,I46M,0,1.2582703243056113
COADREAD_LUAD_PAAD,mutational_signatures,genie,cosmic,I46N,0,6.446547669496054e-4
COADREAD_LUAD_PAAD,mutational_signatures,genie,cosmic,I46S,0,0.10041235590156784
COADREAD_LUAD_PAAD,mutational_signatures,genie,cosmic,I46T,0,1.7928597827666952
COADREAD_LUAD_PAAD,mutational_signatures,genie,cosmic,I46V,0,1.6443881223408552
COADREAD_LUAD_PAAD,mutational_signatures,genie,cosmic,D47A,0,1.5736532642657153
COADREAD_LUAD_PAAD,mutational_signatures,genie,cosmic,D47E,0,0.09101206065734176
COADREAD_LUAD_PAAD,mutational_signatures,genie,cosmic,D47G,0,0.12920831195633464
COADREAD_LUAD_PAAD,mutational_signatures,genie,cosmic,D47H,0,0.4330930498949126
COADREAD_LUAD_PAAD,mutational_signatures,genie,cosmic,D47N,0,2.220446049250313e-16
COADREAD_LUAD_PAAD,mutational_signatures,genie,cosmic,D47V,0,25.28022356487866
COADREAD_LUAD_PAAD,mutational_signatures,genie,cosmic,D47Y,0,0.023801522037372225
COADREAD_LUAD_PAAD,mutational_signatures,genie,cosmic,G48A,1,0.5568546230230522
COADREAD_LUAD_PAAD,mutational_signatures,genie,cosmic,G48E,0,2.220446049250313e-16
COADREAD_LUAD_PAAD,mutational_signatures,genie,cosmic,G48R,0,9.053765045683278
COADREAD_LUAD_PAAD,mutational_signatures,genie,cosmic,G48V,0,25.12271124188595
COADREAD_LUAD_PAAD,mutational_signatures,genie,cosmic,E49A,0,1.758529016804453
COADREAD_LUAD_PAAD,mutational_signatures,genie,cosmic,E49D,0,0.022311880479241313
COADREAD_LUAD_PAAD,mutational_signatures,genie,cosmic,E49G,0,0.0054651441269188
COADREAD_LUAD_PAAD,mutational_signatures,genie,cosmic,E49K,2,2.220446049250313e-16
COADREAD_LUAD_PAAD,mutational_signatures,genie,cosmic,E49Q,0,0.010560507643126738
COADREAD_LUAD_PAAD,mutational_signatures,genie,cosmic,E49V,0,13.08014929964353
COADREAD_LUAD_PAAD,mutational_signatures,genie,cosmic,T50A,0,0.900888421341031
COADREAD_LUAD_PAAD,mutational_signatures,genie,cosmic,T50I,1,319.7063400692111
COADREAD_LUAD_PAAD,mutational_signatures,genie,cosmic,T50N,0,296.2290362853167
COADREAD_LUAD_PAAD,mutational_signatures,genie,cosmic,T50P,0,1.160618471855674
COADREAD_LUAD_PAAD,mutational_signatures,genie,cosmic,T50S,0,5.717503646383814
COADREAD_LUAD_PAAD,mutational_signatures,genie,cosmic,C51F,0,5.334976082308549e-6
COADREAD_LUAD_PAAD,mutational_signatures,genie,cosmic,C51G,0,0.7058372935479506
COADREAD_LUAD_PAAD,mutational_signatures,genie,cosmic,C51R,2,1.2631928979439864e-5
COADREAD_LUAD_PAAD,mutational_signatures,genie,cosmic,C51S,0,0.7298626832146566
COADREAD_LUAD_PAAD,mutational_signatures,genie,cosmic,C51W,0,3.746772249630373
COADREAD_LUAD_PAAD,mutational_signatures,genie,cosmic,C51Y,0,1.1737811876489093
COADREAD_LUAD_PAAD,mutational_signatures,genie,cosmic,L52F,0,2.220446049250313e-16
COADREAD_LUAD_PAAD,mutational_signatures,genie,cosmic,L52H,0,3.725383114087709
COADREAD_LUAD_PAAD,mutational_signatures,genie,cosmic,L52I,0,0.028603550847284713
COADREAD_LUAD_PAAD,mutational_signatures,genie,cosmic,L52P,0,1.042202982360204e-7
COADREAD_LUAD_PAAD,mutational_signatures,genie,cosmic,L52R,0,3.2714367893589835
COADREAD_LUAD_PAAD,mutational_signatures,genie,cosmic,L52V,0,0.003815611707836976
COADREAD_LUAD_PAAD,mutational_signatures,genie,cosmic,L53F,0,127.28038238942835
COADREAD_LUAD_PAAD,mutational_signatures,genie,cosmic,L53M,0,15.536255523241534
COADREAD_LUAD_PAAD,mutational_signatures,genie,cosmic,L53S,0,0.09651310684507386
COADREAD_LUAD_PAAD,mutational_signatures,genie,cosmic,L53V,0,16.824250494564275
COADREAD_LUAD_PAAD,mutational_signatures,genie,cosmic,L53W,0,1.2582703243056113
COADREAD_LUAD_PAAD,mutational_signatures,genie,cosmic,D54A,0,1.5736532642657153
COADREAD_LUAD_PAAD,mutational_signatures,genie,cosmic,D54E,0,9.719928409059137e-8
COADREAD_LUAD_PAAD,mutational_signatures,genie,cosmic,D54G,0,0.12920831195633464
COADREAD_LUAD_PAAD,mutational_signatures,genie,cosmic,D54H,0,0.5482404176980455
COADREAD_LUAD_PAAD,mutational_signatures,genie,cosmic,D54N,0,2.220446049250313e-16
COADREAD_LUAD_PAAD,mutational_signatures,genie,cosmic,D54V,0,25.28022356487866
COADREAD_LUAD_PAAD,mutational_signatures,genie,cosmic,D54Y,0,24.962589000256724
COADREAD_LUAD_PAAD,mutational_signatures,genie,cosmic,I55F,0,1.0706672065939084e-4
COADREAD_LUAD_PAAD,mutational_signatures,genie,cosmic,I55L,0,0.00998908783313519
COADREAD_LUAD_PAAD,mutational_signatures,genie,cosmic,I55M,0,1.758529016804453
COADREAD_LUAD_PAAD,mutational_signatures,genie,cosmic,I55N,0,6.446547669496054e-4
COADREAD_LUAD_PAAD,mutational_signatures,genie,cosmic,I55S,0,0.10041235590156784
COADREAD_LUAD_PAAD,mutational_signatures,genie,cosmic,I55T,0,1.7928597827666952
COADREAD_LUAD_PAAD,mutational_signatures,genie,cosmic,I55V,0,0.3652533902291604
COADREAD_LUAD_PAAD,mutational_signatures,genie,cosmic,L56F,0,2.220446049250313e-16
COADREAD_LUAD_PAAD,mutational_signatures,genie,cosmic,L56H,0,3.725383114087709
COADREAD_LUAD_PAAD,mutational_signatures,genie,cosmic,L56I,0,2.2655425376748277
COADREAD_LUAD_PAAD,mutational_signatures,genie,cosmic,L56P,0,1.042202982360204e-7
COADREAD_LUAD_PAAD,mutational_signatures,genie,cosmic,L56R,0,3.2714367893589835
COADREAD_LUAD_PAAD,mutational_signatures,genie,cosmic,L56V,0,0.010527998563390413
COADREAD_LUAD_PAAD,mutational_signatures,genie,cosmic,D57A,0,3.746772249630373
COADREAD_LUAD_PAAD,mutational_signatures,genie,cosmic,D57E,0,1.3354603818967045e-7
COADREAD_LUAD_PAAD,mutational_signatures,genie,cosmic,D57G,0,0.625591507948049
COADREAD_LUAD_PAAD,mutational_signatures,genie,cosmic,D57H,0,8.654362552271497
COADREAD_LUAD_PAAD,mutational_signatures,genie,cosmic,D57N,4,6.495876660704577
COADREAD_LUAD_PAAD,mutational_signatures,genie,cosmic,D57V,0,12.217290293195324
COADREAD_LUAD_PAAD,mutational_signatures,genie,cosmic,D57Y,0,15.555761272045014
COADREAD_LUAD_PAAD,mutational_signatures,genie,cosmic,T58A,0,0.1299119160573779
COADREAD_LUAD_PAAD,mutational_signatures,genie,cosmic,T58I,1,1.1737811876489093
COADREAD_LUAD_PAAD,mutational_signatures,genie,cosmic,T58K,0,5.334976082308549e-6
COADREAD_LUAD_PAAD,mutational_signatures,genie,cosmic,T58P,0,0.0024790749020106545
COADREAD_LUAD_PAAD,mutational_signatures,genie,cosmic,T58R,0,0.3687402232329246
COADREAD_LUAD_PAAD,mutational_signatures,genie,cosmic,T58S,0,15.861053717140772
COADREAD_LUAD_PAAD,mutational_signatures,genie,cosmic,A59E,2,0.2957718211921447
COADREAD_LUAD_PAAD,mutational_signatures,genie,cosmic,A59G,1,3.9941998269845977
COADREAD_LUAD_PAAD,mutational_signatures,genie,cosmic,A59P,0,1.1858209494618994
COADREAD_LUAD_PAAD,mutational_signatures,genie,cosmic,A59S,0,3.4633517021772255
COADREAD_LUAD_PAAD,mutational_signatures,genie,cosmic,A59T,7,20.230717947282866
COADREAD_LUAD_PAAD,mutational_signatures,genie,cosmic,A59V,0,26.090377222715336
COADREAD_LUAD_PAAD,mutational_signatures,genie,cosmic,G60A,0,2.1946563920351148
COADREAD_LUAD_PAAD,mutational_signatures,genie,cosmic,G60C,0,2.220446049250313e-16
COADREAD_LUAD_PAAD,mutational_signatures,genie,cosmic,G60D,0,319.7063400692111
COADREAD_LUAD_PAAD,mutational_signatures,genie,cosmic,G60R,0,1.6285320162164072
COADREAD_LUAD_PAAD,mutational_signatures,genie,cosmic,G60S,0,6.323200195474359
COADREAD_LUAD_PAAD,mutational_signatures,genie,cosmic,G60V,0,296.2290362853167
COADREAD_LUAD_PAAD,mutational_signatures,genie,cosmic,Q61E,4,0.3917050319090818
COADREAD_LUAD_PAAD,mutational_signatures,genie,cosmic,Q61H,194,22.562468118956716
COADREAD_LUAD_PAAD,mutational_signatures,genie,cosmic,Q61K,31,0.021954135409549862
COADREAD_LUAD_PAAD,mutational_signatures,genie,cosmic,Q61L,40,2.42810416672869
COADREAD_LUAD_PAAD,mutational_signatures,genie,cosmic,Q61P,4,1.2582703243056113
COADREAD_LUAD_PAAD,mutational_signatures,genie,cosmic,Q61R,45,0.09651310684507386
COADREAD_LUAD_PAAD,mutational_signatures,genie,cosmic,E62A,0,3.2714367893589835
COADREAD_LUAD_PAAD,mutational_signatures,genie,cosmic,E62D,1,2.220446049250313e-16
COADREAD_LUAD_PAAD,mutational_signatures,genie,cosmic,E62G,0,1.042202982360204e-7
COADREAD_LUAD_PAAD,mutational_signatures,genie,cosmic,E62K,0,2.220446049250313e-16
COADREAD_LUAD_PAAD,mutational_signatures,genie,cosmic,E62Q,1,0.010361797191136524
COADREAD_LUAD_PAAD,mutational_signatures,genie,cosmic,E62V,0,3.725383114087709
COADREAD_LUAD_PAAD,mutational_signatures,genie,cosmic,E63A,0,3.2714367893589835
COADREAD_LUAD_PAAD,mutational_signatures,genie,cosmic,E63D,0,1.0059932521444173
COADREAD_LUAD_PAAD,mutational_signatures,genie,cosmic,E63G,0,1.042202982360204e-7
COADREAD_LUAD_PAAD,mutational_signatures,genie,cosmic,E63K,1,2.220446049250313e-16
COADREAD_LUAD_PAAD,mutational_signatures,genie,cosmic,E63Q,0,0.5403835312300423
COADREAD_LUAD_PAAD,mutational_signatures,genie,cosmic,E63V,0,3.725383114087709
COADREAD_LUAD_PAAD,mutational_signatures,genie,cosmic,Y64C,0,0.183667065026667
COADREAD_LUAD_PAAD,mutational_signatures,genie,cosmic,Y64D,1,3.357943137342405
COADREAD_LUAD_PAAD,mutational_signatures,genie,cosmic,Y64F,0,4.217452789712958
COADREAD_LUAD_PAAD,mutational_signatures,genie,cosmic,Y64H,1,0.17606457761163202
COADREAD_LUAD_PAAD,mutational_signatures,genie,cosmic,Y64N,0,3.949112972653714
COADREAD_LUAD_PAAD,mutational_signatures,genie,cosmic,Y64S,0,3.401668043922781
COADREAD_LUAD_PAAD,mutational_signatures,genie,cosmic,S65C,0,29.3320150621097
COADREAD_LUAD_PAAD,mutational_signatures,genie,cosmic,S65G,0,1.0832155415274589e-5
COADREAD_LUAD_PAAD,mutational_signatures,genie,cosmic,S65I,0,22.660657988738983
COADREAD_LUAD_PAAD,mutational_signatures,genie,cosmic,S65N,1,16.693551158941315
COADREAD_LUAD_PAAD,mutational_signatures,genie,cosmic,S65R,0,1.3849033720457786e-4
COADREAD_LUAD_PAAD,mutational_signatures,genie,cosmic,S65T,0,0.6539499845191399
COADREAD_LUAD_PAAD,mutational_signatures,genie,cosmic,A66E,0,0.2957718211921447
COADREAD_LUAD_PAAD,mutational_signatures,genie,cosmic,A66G,0,3.9941998269845977
COADREAD_LUAD_PAAD,mutational_signatures,genie,cosmic,A66P,0,3.909634032759334
COADREAD_LUAD_PAAD,mutational_signatures,genie,cosmic,A66S,0,0.27730729455390285
COADREAD_LUAD_PAAD,mutational_signatures,genie,cosmic,A66T,0,21.604411603658065
COADREAD_LUAD_PAAD,mutational_signatures,genie,cosmic,A66V,0,26.090377222715336
COADREAD_LUAD_PAAD,mutational_signatures,genie,cosmic,M67I,0,2.220446049250313e-16
COADREAD_LUAD_PAAD,mutational_signatures,genie,cosmic,M67K,0,2.68386508432517
COADREAD_LUAD_PAAD,mutational_signatures,genie,cosmic,M67L,1,2.96110405905656e-6
COADREAD_LUAD_PAAD,mutational_signatures,genie,cosmic,M67R,0,0.4995284748140474
COADREAD_LUAD_PAAD,mutational_signatures,genie,cosmic,M67T,0,0.04415373431515493
COADREAD_LUAD_PAAD,mutational_signatures,genie,cosmic,M67V,0,1.5765416964258383
COADREAD_LUAD_PAAD,mutational_signatures,genie,cosmic,R68G,0,8.462413291459897e-8
COADREAD_LUAD_PAAD,mutational_signatures,genie,cosmic,R68K,0,6.416533863079735
COADREAD_LUAD_PAAD,mutational_signatures,genie,cosmic,R68M,0,2.220446049250313e-16
COADREAD_LUAD_PAAD,mutational_signatures,genie,cosmic,R68S,4,4.791515776838306e-5
COADREAD_LUAD_PAAD,mutational_signatures,genie,cosmic,R68T,0,1.680814762003191
COADREAD_LUAD_PAAD,mutational_signatures,genie,cosmic,R68W,0,3.725383114087709
COADREAD_LUAD_PAAD,mutational_signatures,genie,cosmic,D69A,0,3.746772249630373
COADREAD_LUAD_PAAD,mutational_signatures,genie,cosmic,D69E,0,44.13388688828747
COADREAD_LUAD_PAAD,mutational_signatures,genie,cosmic,D69G,0,0.625591507948049
COADREAD_LUAD_PAAD,mutational_signatures,genie,cosmic,D69H,0,0.545538024044503
COADREAD_LUAD_PAAD,mutational_signatures,genie,cosmic,D69N,0,2.220446049250313e-16
COADREAD_LUAD_PAAD,mutational_signatures,genie,cosmic,D69V,0,12.217290293195324
COADREAD_LUAD_PAAD,mutational_signatures,genie,cosmic,D69Y,0,24.141085907458976
COADREAD_LUAD_PAAD,mutational_signatures,genie,cosmic,Q70E,0,5.3919692504246335
COADREAD_LUAD_PAAD,mutational_signatures,genie,cosmic,Q70H,0,1.0059932521444173
COADREAD_LUAD_PAAD,mutational_signatures,genie,cosmic,Q70K,0,318.13636309684546
COADREAD_LUAD_PAAD,mutational_signatures,genie,cosmic,Q70L,0,29.389840774834553
COADREAD_LUAD_PAAD,mutational_signatures,genie,cosmic,Q70P,1,0.7368998831191449
COADREAD_LUAD_PAAD,mutational_signatures,genie,cosmic,Q70R,0,1.507048073479157e-5
COADREAD_LUAD_PAAD,mutational_signatures,genie,cosmic,Y71C,1,0.183667065026667
COADREAD_LUAD_PAAD,mutational_signatures,genie,cosmic,Y71D,0,3.357943137342405
COADREAD_LUAD_PAAD,mutational_signatures,genie,cosmic,Y71F,0,4.217452789712958
COADREAD_LUAD_PAAD,mutational_signatures,genie,cosmic,Y71H,0,0.17606457761163202
COADREAD_LUAD_PAAD,mutational_signatures,genie,cosmic,Y71N,0,3.949112972653714
COADREAD_LUAD_PAAD,mutational_signatures,genie,cosmic,Y71S,0,3.401668043922781
COADREAD_LUAD_PAAD,mutational_signatures,genie,cosmic,M72I,0,2.220446049250313e-16
COADREAD_LUAD_PAAD,mutational_signatures,genie,cosmic,M72K,0,2.68386508432517
COADREAD_LUAD_PAAD,mutational_signatures,genie,cosmic,M72L,0,0.07563589497948793
COADREAD_LUAD_PAAD,mutational_signatures,genie,cosmic,M72R,0,0.4995284748140474
COADREAD_LUAD_PAAD,mutational_signatures,genie,cosmic,M72T,0,0.04415373431515493
COADREAD_LUAD_PAAD,mutational_signatures,genie,cosmic,M72V,1,0.04096557802070661
COADREAD_LUAD_PAAD,mutational_signatures,genie,cosmic,R73G,0,9.023044458158819e-8
COADREAD_LUAD_PAAD,mutational_signatures,genie,cosmic,R73K,0,6.416533863079735
COADREAD_LUAD_PAAD,mutational_signatures,genie,cosmic,R73M,0,2.220446049250313e-16
COADREAD_LUAD_PAAD,mutational_signatures,genie,cosmic,R73S,0,0.9496998159141364
COADREAD_LUAD_PAAD,mutational_signatures,genie,cosmic,R73T,0,1.680814762003191
COADREAD_LUAD_PAAD,mutational_signatures,genie,cosmic,R73W,0,3.725383114087709
COADREAD_LUAD_PAAD,mutational_signatures,genie,cosmic,T74A,1,0.5186575610094774
COADREAD_LUAD_PAAD,mutational_signatures,genie,cosmic,T74I,0,16.693551158941315
COADREAD_LUAD_PAAD,mutational_signatures,genie,cosmic,T74N,0,22.660657988738983
COADREAD_LUAD_PAAD,mutational_signatures,genie,cosmic,T74P,0,3.604586416054542
COADREAD_LUAD_PAAD,mutational_signatures,genie,cosmic,T74S,0,0.541618519889465
COADREAD_LUAD_PAAD,mutational_signatures,genie,cosmic,G75A,0,7.304674386147251
COADREAD_LUAD_PAAD,mutational_signatures,genie,cosmic,G75E,0,102.97509848542153
COADREAD_LUAD_PAAD,mutational_signatures,genie,cosmic,G75R,0,17.569591706610282
COADREAD_LUAD_PAAD,mutational_signatures,genie,cosmic,G75V,0,9.662600928445746e-5
COADREAD_LUAD_PAAD,mutational_signatures,genie,cosmic,G75W,0,347.22848922762313
COADREAD_LUAD_PAAD,mutational_signatures,genie,cosmic,E76A,0,3.2714367893589835
COADREAD_LUAD_PAAD,mutational_signatures,genie,cosmic,E76D,0,2.220446049250313e-16
COADREAD_LUAD_PAAD,mutational_signatures,genie,cosmic,E76G,0,1.042202982360204e-7
COADREAD_LUAD_PAAD,mutational_signatures,genie,cosmic,E76K,0,2.220446049250313e-16
COADREAD_LUAD_PAAD,mutational_signatures,genie,cosmic,E76Q,0,0.5279983489872202
COADREAD_LUAD_PAAD,mutational_signatures,genie,cosmic,E76V,0,3.725383114087709
COADREAD_LUAD_PAAD,mutational_signatures,genie,cosmic,G77A,0,3.0759993163787187
COADREAD_LUAD_PAAD,mutational_signatures,genie,cosmic,G77C,0,4.838604000126575e-5
COADREAD_LUAD_PAAD,mutational_signatures,genie,cosmic,G77D,0,131.75761078811462
COADREAD_LUAD_PAAD,mutational_signatures,genie,cosmic,G77R,0,6.720186663796413
COADREAD_LUAD_PAAD,mutational_signatures,genie,cosmic,G77S,0,117.50403665557133
COADREAD_LUAD_PAAD,mutational_signatures,genie,cosmic,G77V,0,6.350072724528195
COADREAD_LUAD_PAAD,mutational_signatures,genie,cosmic,F78C,0,0.5176845380634791
COADREAD_LUAD_PAAD,mutational_signatures,genie,cosmic,F78I,0,15.841223031243224
COADREAD_LUAD_PAAD,mutational_signatures,genie,cosmic,F78L,0,4.047047025442485e-12
COADREAD_LUAD_PAAD,mutational_signatures,genie,cosmic,F78S,0,8.48110528490695e-6
COADREAD_LUAD_PAAD,mutational_signatures,genie,cosmic,F78V,0,18.39776359591529
COADREAD_LUAD_PAAD,mutational_signatures,genie,cosmic,F78Y,0,0.6348819254963517
COADREAD_LUAD_PAAD,mutational_signatures,genie,cosmic,L79F,0,2.220446049250313e-16
COADREAD_LUAD_PAAD,mutational_signatures,genie,cosmic,L79H,0,15.536255523241534
COADREAD_LUAD_PAAD,mutational_signatures,genie,cosmic,L79I,0,0.3490196239566865
COADREAD_LUAD_PAAD,mutational_signatures,genie,cosmic,L79P,0,6.959071171498817e-11
COADREAD_LUAD_PAAD,mutational_signatures,genie,cosmic,L79R,0,21.392534079483024
COADREAD_LUAD_PAAD,mutational_signatures,genie,cosmic,L79V,0,0.008119881105076285
COADREAD_LUAD_PAAD,mutational_signatures,genie,cosmic,C80F,0,5.334976082308549e-6
COADREAD_LUAD_PAAD,mutational_signatures,genie,cosmic,C80G,0,1.200219802590432
COADREAD_LUAD_PAAD,mutational_signatures,genie,cosmic,C80R,0,0.08241186982511169
COADREAD_LUAD_PAAD,mutational_signatures,genie,cosmic,C80S,0,0.06017215488305413
COADREAD_LUAD_PAAD,mutational_signatures,genie,cosmic,C80W,0,0.0028592504190620457
COADREAD_LUAD_PAAD,mutational_signatures,genie,cosmic,C80Y,0,1.1737811876489093
COADREAD_LUAD_PAAD,mutational_signatures,genie,cosmic,V81A,0,0.183667065026667
COADREAD_LUAD_PAAD,mutational_signatures,genie,cosmic,V81E,0,4.217452789712958
COADREAD_LUAD_PAAD,mutational_signatures,genie,cosmic,V81G,0,3.401668043922781
COADREAD_LUAD_PAAD,mutational_signatures,genie,cosmic,V81I,0,0.7202860705607534
COADREAD_LUAD_PAAD,mutational_signatures,genie,cosmic,V81L,0,1.2185648130382172e-7
COADREAD_LUAD_PAAD,mutational_signatures,genie,cosmic,F82C,0,0.5176845380634791
COADREAD_LUAD_PAAD,mutational_signatures,genie,cosmic,F82I,0,5.605636245179298e-4
COADREAD_LUAD_PAAD,mutational_signatures,genie,cosmic,F82L,0,0.023152699483622675
COADREAD_LUAD_PAAD,mutational_signatures,genie,cosmic,F82S,0,8.48110528490695e-6
COADREAD_LUAD_PAAD,mutational_signatures,genie,cosmic,F82V,0,0.08552089280285292
COADREAD_LUAD_PAAD,mutational_signatures,genie,cosmic,F82Y,0,0.6348819254963517
COADREAD_LUAD_PAAD,mutational_signatures,genie,cosmic,A83D,0,6.350072724528195
COADREAD_LUAD_PAAD,mutational_signatures,genie,cosmic,A83G,0,3.0759993163787187
COADREAD_LUAD_PAAD,mutational_signatures,genie,cosmic,A83P,0,3.7668430279948257
COADREAD_LUAD_PAAD,mutational_signatures,genie,cosmic,A83S,0,0.2496246785167139
COADREAD_LUAD_PAAD,mutational_signatures,genie,cosmic,A83T,0,23.088151794505556
COADREAD_LUAD_PAAD,mutational_signatures,genie,cosmic,A83V,0,131.75761078811462
COADREAD_LUAD_PAAD,mutational_signatures,genie,cosmic,I84K,0,1.1476663217288024e-4
COADREAD_LUAD_PAAD,mutational_signatures,genie,cosmic,I84L,0,0.0778571968570766
COADREAD_LUAD_PAAD,mutational_signatures,genie,cosmic,I84M,2,0.03717602652706959
COADREAD_LUAD_PAAD,mutational_signatures,genie,cosmic,I84R,0,0.01247582893174248
COADREAD_LUAD_PAAD,mutational_signatures,genie,cosmic,I84T,0,0.41405599733542175
COADREAD_LUAD_PAAD,mutational_signatures,genie,cosmic,I84V,0,0.030589355015191447
COADREAD_LUAD_PAAD,mutational_signatures,genie,cosmic,N85D,0,6.685730816660075e-6
COADREAD_LUAD_PAAD,mutational_signatures,genie,cosmic,N85H,0,0.4435485390436546
COADREAD_LUAD_PAAD,mutational_signatures,genie,cosmic,N85I,0,6.446547669496054e-4
COADREAD_LUAD_PAAD,mutational_signatures,genie,cosmic,N85K,0,9.719928409059137e-8
COADREAD_LUAD_PAAD,mutational_signatures,genie,cosmic,N85S,0,1.7928597827666952
COADREAD_LUAD_PAAD,mutational_signatures,genie,cosmic,N85T,0,0.10041235590156784
COADREAD_LUAD_PAAD,mutational_signatures,genie,cosmic,N85Y,0,0.6082172472951773
COADREAD_LUAD_PAAD,mutational_signatures,genie,cosmic,N86D,0,0.033612922939472684
COADREAD_LUAD_PAAD,mutational_signatures,genie,cosmic,N86H,0,9.257572729903674e-4
COADREAD_LUAD_PAAD,mutational_signatures,genie,cosmic,N86I,0,6.446547669496054e-4
COADREAD_LUAD_PAAD,mutational_signatures,genie,cosmic,N86K,0,9.719928409059137e-8
COADREAD_LUAD_PAAD,mutational_signatures,genie,cosmic,N86S,0,1.7928597827666952
COADREAD_LUAD_PAAD,mutational_signatures,genie,cosmic,N86T,0,0.10041235590156784
COADREAD_LUAD_PAAD,mutational_signatures,genie,cosmic,N86Y,0,0.003635287973071491
COADREAD_LUAD_PAAD,mutational_signatures,genie,cosmic,T87A,0,0.14578851258290898
COADREAD_LUAD_PAAD,mutational_signatures,genie,cosmic,T87I,0,16.693551158941315
COADREAD_LUAD_PAAD,mutational_signatures,genie,cosmic,T87N,0,22.660657988738983
COADREAD_LUAD_PAAD,mutational_signatures,genie,cosmic,T87P,0,3.2357650177904205
COADREAD_LUAD_PAAD,mutational_signatures,genie,cosmic,T87S,0,0.184759618623781
COADREAD_LUAD_PAAD,mutational_signatures,genie,cosmic,K88E,0,0.036033833061743424
COADREAD_LUAD_PAAD,mutational_signatures,genie,cosmic,K88I,0,0.6348819254963517
COADREAD_LUAD_PAAD,mutational_signatures,genie,cosmic,K88N,0,4.394327014010978e-6
COADREAD_LUAD_PAAD,mutational_signatures,genie,cosmic,K88Q,0,8.434320208998623e-4
COADREAD_LUAD_PAAD,mutational_signatures,genie,cosmic,K88R,0,8.48110528490695e-6
COADREAD_LUAD_PAAD,mutational_signatures,genie,cosmic,K88T,0,0.5176845380634791
COADREAD_LUAD_PAAD,mutational_signatures,genie,cosmic,S89A,0,1.462372538830612
COADREAD_LUAD_PAAD,mutational_signatures,genie,cosmic,S89L,0,2.220446049250313e-16
COADREAD_LUAD_PAAD,mutational_signatures,genie,cosmic,S89P,0,0.10846133043365722
COADREAD_LUAD_PAAD,mutational_signatures,genie,cosmic,S89T,0,27.33179022522709
COADREAD_LUAD_PAAD,mutational_signatures,genie,cosmic,F90C,0,0.5176845380634791
COADREAD_LUAD_PAAD,mutational_signatures,genie,cosmic,F90I,0,5.605636245179298e-4
COADREAD_LUAD_PAAD,mutational_signatures,genie,cosmic,F90L,0,0.023152699483622675
COADREAD_LUAD_PAAD,mutational_signatures,genie,cosmic,F90S,0,8.48110528490695e-6
COADREAD_LUAD_PAAD,mutational_signatures,genie,cosmic,F90V,0,0.08552089280285292
COADREAD_LUAD_PAAD,mutational_signatures,genie,cosmic,F90Y,0,0.6348819254963517
COADREAD_LUAD_PAAD,mutational_signatures,genie,cosmic,E91A,0,1.758529016804453
COADREAD_LUAD_PAAD,mutational_signatures,genie,cosmic,E91D,0,22.562468118956716
COADREAD_LUAD_PAAD,mutational_signatures,genie,cosmic,E91G,0,0.0054651441269188
COADREAD_LUAD_PAAD,mutational_signatures,genie,cosmic,E91K,0,2.220446049250313e-16
COADREAD_LUAD_PAAD,mutational_signatures,genie,cosmic,E91Q,0,0.3917050319090818
COADREAD_LUAD_PAAD,mutational_signatures,genie,cosmic,E91V,0,13.08014929964353
COADREAD_LUAD_PAAD,mutational_signatures,genie,cosmic,D92A,0,1.5736532642657153
COADREAD_LUAD_PAAD,mutational_signatures,genie,cosmic,D92E,0,9.719928409059137e-8
COADREAD_LUAD_PAAD,mutational_signatures,genie,cosmic,D92G,0,0.12920831195633464
COADREAD_LUAD_PAAD,mutational_signatures,genie,cosmic,D92H,0,0.010960257083951512
COADREAD_LUAD_PAAD,mutational_signatures,genie,cosmic,D92N,0,2.220446049250313e-16
COADREAD_LUAD_PAAD,mutational_signatures,genie,cosmic,D92V,0,25.28022356487866
COADREAD_LUAD_PAAD,mutational_signatures,genie,cosmic,D92Y,0,0.4212473766366592
COADREAD_LUAD_PAAD,mutational_signatures,genie,cosmic,I93F,0,1.0706672065939084e-4
COADREAD_LUAD_PAAD,mutational_signatures,genie,cosmic,I93L,0,0.00998908783313519
COADREAD_LUAD_PAAD,mutational_signatures,genie,cosmic,I93M,0,1.758529016804453
COADREAD_LUAD_PAAD,mutational_signatures,genie,cosmic,I93N,0,6.446547669496054e-4
COADREAD_LUAD_PAAD,mutational_signatures,genie,cosmic,I93S,0,0.10041235590156784
COADREAD_LUAD_PAAD,mutational_signatures,genie,cosmic,I93T,0,1.7928597827666952
COADREAD_LUAD_PAAD,mutational_signatures,genie,cosmic,I93V,0,0.3652533902291604
COADREAD_LUAD_PAAD,mutational_signatures,genie,cosmic,H94D,0,0.4282380224600636
COADREAD_LUAD_PAAD,mutational_signatures,genie,cosmic,H94L,0,15.610174173948277
COADREAD_LUAD_PAAD,mutational_signatures,genie,cosmic,H94N,0,0.023490868593142297
COADREAD_LUAD_PAAD,mutational_signatures,genie,cosmic,H94P,0,0.0028592504190620457
COADREAD_LUAD_PAAD,mutational_signatures,genie,cosmic,H94Q,0,44.13388688828747
COADREAD_LUAD_PAAD,mutational_signatures,genie,cosmic,H94R,0,0.1761785763455861
COADREAD_LUAD_PAAD,mutational_signatures,genie,cosmic,H94Y,0,2.220446049250313e-16
COADREAD_LUAD_PAAD,mutational_signatures,genie,cosmic,H95D,0,5.438459496750664
COADREAD_LUAD_PAAD,mutational_signatures,genie,cosmic,H95L,0,2.68386508432517
COADREAD_LUAD_PAAD,mutational_signatures,genie,cosmic,H95N,0,356.0960015315425
COADREAD_LUAD_PAAD,mutational_signatures,genie,cosmic,H95P,0,0.4995284748140474
COADREAD_LUAD_PAAD,mutational_signatures,genie,cosmic,H95Q,0,4.394327014010978e-6
COADREAD_LUAD_PAAD,mutational_signatures,genie,cosmic,H95R,0,0.04415373431515493
COADREAD_LUAD_PAAD,mutational_signatures,genie,cosmic,H95Y,0,28.036708184651708
COADREAD_LUAD_PAAD,mutational_signatures,genie,cosmic,Y96C,0,0.41405599733542175
COADREAD_LUAD_PAAD,mutational_signatures,genie,cosmic,Y96D,0,9.257572729903674e-4
COADREAD_LUAD_PAAD,mutational_signatures,genie,cosmic,Y96F,0,1.1476663217288024e-4
COADREAD_LUAD_PAAD,mutational_signatures,genie,cosmic,Y96H,0,0.033612922939472684
COADREAD_LUAD_PAAD,mutational_signatures,genie,cosmic,Y96N,0,0.003635287973071491
COADREAD_LUAD_PAAD,mutational_signatures,genie,cosmic,Y96S,0,0.01247582893174248
COADREAD_LUAD_PAAD,mutational_signatures,genie,cosmic,R97G,0,0.008320321381340456
COADREAD_LUAD_PAAD,mutational_signatures,genie,cosmic,R97I,0,0.430568387806154
COADREAD_LUAD_PAAD,mutational_signatures,genie,cosmic,R97K,0,2.220446049250313e-16
COADREAD_LUAD_PAAD,mutational_signatures,genie,cosmic,R97S,0,0.8273466117363504
COADREAD_LUAD_PAAD,mutational_signatures,genie,cosmic,R97T,0,0.011369743524045704
COADREAD_LUAD_PAAD,mutational_signatures,genie,cosmic,E98A,0,1.758529016804453
COADREAD_LUAD_PAAD,mutational_signatures,genie,cosmic,E98D,0,4.574831726456397
COADREAD_LUAD_PAAD,mutational_signatures,genie,cosmic,E98G,0,0.0054651441269188
COADREAD_LUAD_PAAD,mutational_signatures,genie,cosmic,E98K,0,2.220446049250313e-16
COADREAD_LUAD_PAAD,mutational_signatures,genie,cosmic,E98Q,0,0.011027951958196409
COADREAD_LUAD_PAAD,mutational_signatures,genie,cosmic,E98V,0,13.08014929964353
COADREAD_LUAD_PAAD,mutational_signatures,genie,cosmic,Q99E,0,0.348765892471745
COADREAD_LUAD_PAAD,mutational_signatures,genie,cosmic,Q99H,0,0.022311880479241313
COADREAD_LUAD_PAAD,mutational_signatures,genie,cosmic,Q99K,0,3.821985299177361e-6
COADREAD_LUAD_PAAD,mutational_signatures,genie,cosmic,Q99L,0,2.42810416672869
COADREAD_LUAD_PAAD,mutational_signatures,genie,cosmic,Q99P,0,1.2582703243056113
COADREAD_LUAD_PAAD,mutational_signatures,genie,cosmic,Q99R,0,0.09651310684507386
COADREAD_LUAD_PAAD,mutational_signatures,genie,cosmic,I100F,0,5.587497578068876e-4
COADREAD_LUAD_PAAD,mutational_signatures,genie,cosmic,I100L,0,0.047550363164158886
COADREAD_LUAD_PAAD,mutational_signatures,genie,cosmic,I100M,0,0.0010918560644544838
COADREAD_LUAD_PAAD,mutational_signatures,genie,cosmic,I100N,0,6.446547669496054e-4
COADREAD_LUAD_PAAD,mutational_signatures,genie,cosmic,I100S,0,0.10041235590156784
COADREAD_LUAD_PAAD,mutational_signatures,genie,cosmic,I100T,0,1.7928597827666952
COADREAD_LUAD_PAAD,mutational_signatures,genie,cosmic,I100V,0,1.2398783306334122
COADREAD_LUAD_PAAD,mutational_signatures,genie,cosmic,K101E,0,0.03021747149654819
COADREAD_LUAD_PAAD,mutational_signatures,genie,cosmic,K101I,0,0.6348819254963517
COADREAD_LUAD_PAAD,mutational_signatures,genie,cosmic,K101N,0,0.022311880479241313
COADREAD_LUAD_PAAD,mutational_signatures,genie,cosmic,K101Q,0,7.697763100556932e-4
COADREAD_LUAD_PAAD,mutational_signatures,genie,cosmic,K101R,0,8.48110528490695e-6
COADREAD_LUAD_PAAD,mutational_signatures,genie,cosmic,K101T,0,0.5176845380634791
COADREAD_LUAD_PAAD,mutational_signatures,genie,cosmic,R102G,0,1.167039015988918e-12
COADREAD_LUAD_PAAD,mutational_signatures,genie,cosmic,R102I,0,0.430568387806154
COADREAD_LUAD_PAAD,mutational_signatures,genie,cosmic,R102K,0,2.220446049250313e-16
COADREAD_LUAD_PAAD,mutational_signatures,genie,cosmic,R102S,0,0.8273466117363504
COADREAD_LUAD_PAAD,mutational_signatures,genie,cosmic,R102T,0,0.011369743524045704
COADREAD_LUAD_PAAD,mutational_signatures,genie,cosmic,V103A,0,0.9726330655189712
COADREAD_LUAD_PAAD,mutational_signatures,genie,cosmic,V103D,0,43.36636702669544
COADREAD_LUAD_PAAD,mutational_signatures,genie,cosmic,V103F,0,22.020771557951456
COADREAD_LUAD_PAAD,mutational_signatures,genie,cosmic,V103G,0,1.5539751354203613
COADREAD_LUAD_PAAD,mutational_signatures,genie,cosmic,V103I,0,15.26206875155729
COADREAD_LUAD_PAAD,mutational_signatures,genie,cosmic,V103L,0,0.5273984014601134
COADREAD_LUAD_PAAD,mutational_signatures,genie,cosmic,K104E,0,0.0356732172585518
COADREAD_LUAD_PAAD,mutational_signatures,genie,cosmic,K104M,0,15.536255523241534
COADREAD_LUAD_PAAD,mutational_signatures,genie,cosmic,K104N,1,2.220446049250313e-16
COADREAD_LUAD_PAAD,mutational_signatures,genie,cosmic,K104Q,0,9.675870616408976e-4
COADREAD_LUAD_PAAD,mutational_signatures,genie,cosmic,K104R,0,6.959071171498817e-11
COADREAD_LUAD_PAAD,mutational_signatures,genie,cosmic,K104T,0,21.392534079483024
COADREAD_LUAD_PAAD,mutational_signatures,genie,cosmic,D105A,0,3.746772249630373
COADREAD_LUAD_PAAD,mutational_signatures,genie,cosmic,D105E,0,1.0059932521444173
COADREAD_LUAD_PAAD,mutational_signatures,genie,cosmic,D105G,0,0.625591507948049
COADREAD_LUAD_PAAD,mutational_signatures,genie,cosmic,D105H,0,0.5403835312300423
COADREAD_LUAD_PAAD,mutational_signatures,genie,cosmic,D105N,0,2.220446049250313e-16
COADREAD_LUAD_PAAD,mutational_signatures,genie,cosmic,D105V,0,12.217290293195324
COADREAD_LUAD_PAAD,mutational_signatures,genie,cosmic,D105Y,0,24.621834342591978
COADREAD_LUAD_PAAD,mutational_signatures,genie,cosmic,S106A,0,3.083232946265763
COADREAD_LUAD_PAAD,mutational_signatures,genie,cosmic,S106C,0,0.011369743524045704
COADREAD_LUAD_PAAD,mutational_signatures,genie,cosmic,S106F,0,2.220446049250313e-16
COADREAD_LUAD_PAAD,mutational_signatures,genie,cosmic,S106P,0,3.750324034297224e-8
COADREAD_LUAD_PAAD,mutational_signatures,genie,cosmic,S106T,0,3.250926999712545
COADREAD_LUAD_PAAD,mutational_signatures,genie,cosmic,S106Y,0,0.430568387806154
COADREAD_LUAD_PAAD,mutational_signatures,genie,cosmic,E107A,0,1.758529016804453
COADREAD_LUAD_PAAD,mutational_signatures,genie,cosmic,E107D,0,22.562468118956716
COADREAD_LUAD_PAAD,mutational_signatures,genie,cosmic,E107G,0,0.0054651441269188
COADREAD_LUAD_PAAD,mutational_signatures,genie,cosmic,E107K,1,2.220446049250313e-16
COADREAD_LUAD_PAAD,mutational_signatures,genie,cosmic,E107Q,0,0.3917050319090818
COADREAD_LUAD_PAAD,mutational_signatures,genie,cosmic,E107V,0,13.08014929964353
COADREAD_LUAD_PAAD,mutational_signatures,genie,cosmic,D108A,0,1.5736532642657153
COADREAD_LUAD_PAAD,mutational_signatures,genie,cosmic,D108E,0,0.09101206065734176
COADREAD_LUAD_PAAD,mutational_signatures,genie,cosmic,D108G,0,0.12920831195633464
COADREAD_LUAD_PAAD,mutational_signatures,genie,cosmic,D108H,0,0.011024206470154462
COADREAD_LUAD_PAAD,mutational_signatures,genie,cosmic,D108N,2,2.220446049250313e-16
COADREAD_LUAD_PAAD,mutational_signatures,genie,cosmic,D108V,0,25.28022356487866
COADREAD_LUAD_PAAD,mutational_signatures,genie,cosmic,D108Y,0,0.40964596002967973
COADREAD_LUAD_PAAD,mutational_signatures,genie,cosmic,V109A,0,0.183667065026667
COADREAD_LUAD_PAAD,mutational_signatures,genie,cosmic,V109E,0,4.217452789712958
COADREAD_LUAD_PAAD,mutational_signatures,genie,cosmic,V109G,0,3.401668043922781
COADREAD_LUAD_PAAD,mutational_signatures,genie,cosmic,V109I,0,1.0849703755985367
COADREAD_LUAD_PAAD,mutational_signatures,genie,cosmic,V109L,0,1.2816274591774133e-7
COADREAD_LUAD_PAAD,mutational_signatures,genie,cosmic,P110A,0,2.0631751402570835
COADREAD_LUAD_PAAD,mutational_signatures,genie,cosmic,P110H,0,9.662600928445746e-5
COADREAD_LUAD_PAAD,mutational_signatures,genie,cosmic,P110L,0,102.97509848542153
COADREAD_LUAD_PAAD,mutational_signatures,genie,cosmic,P110R,0,7.304674386147251
COADREAD_LUAD_PAAD,mutational_signatures,genie,cosmic,P110S,0,486.7622480470633
COADREAD_LUAD_PAAD,mutational_signatures,genie,cosmic,P110T,0,331.90988404534426
COADREAD_LUAD_PAAD,mutational_signatures,genie,cosmic,M111I,0,238.64025133505828
COADREAD_LUAD_PAAD,mutational_signatures,genie,cosmic,M111K,0,2.68386508432517
COADREAD_LUAD_PAAD,mutational_signatures,genie,cosmic,M111L,1,0.08550939194969366
COADREAD_LUAD_PAAD,mutational_signatures,genie,cosmic,M111R,0,0.4995284748140474
COADREAD_LUAD_PAAD,mutational_signatures,genie,cosmic,M111T,0,0.04415373431515493
COADREAD_LUAD_PAAD,mutational_signatures,genie,cosmic,M111V,0,0.03930103394166759
COADREAD_LUAD_PAAD,mutational_signatures,genie,cosmic,V112A,0,0.1761785763455861
COADREAD_LUAD_PAAD,mutational_signatures,genie,cosmic,V112E,0,15.610174173948277
COADREAD_LUAD_PAAD,mutational_signatures,genie,cosmic,V112G,0,0.0028592504190620457
COADREAD_LUAD_PAAD,mutational_signatures,genie,cosmic,V112L,0,40.17931857272032
COADREAD_LUAD_PAAD,mutational_signatures,genie,cosmic,V112M,0,319.7063400692111
COADREAD_LUAD_PAAD,mutational_signatures,genie,cosmic,L113M,0,3.4595924134935983
COADREAD_LUAD_PAAD,mutational_signatures,genie,cosmic,L113P,0,1.507048073479157e-5
COADREAD_LUAD_PAAD,mutational_signatures,genie,cosmic,L113Q,0,29.389840774834553
COADREAD_LUAD_PAAD,mutational_signatures,genie,cosmic,L113R,0,0.7368998831191449
COADREAD_LUAD_PAAD,mutational_signatures,genie,cosmic,L113V,0,1.1712614213821038
COADREAD_LUAD_PAAD,mutational_signatures,genie,cosmic,V114A,0,0.625591507948049
COADREAD_LUAD_PAAD,mutational_signatures,genie,cosmic,V114D,0,12.217290293195324
COADREAD_LUAD_PAAD,mutational_signatures,genie,cosmic,V114F,0,336.291289031964
COADREAD_LUAD_PAAD,mutational_signatures,genie,cosmic,V114G,0,3.746772249630373
COADREAD_LUAD_PAAD,mutational_signatures,genie,cosmic,V114I,0,431.48343811731246
COADREAD_LUAD_PAAD,mutational_signatures,genie,cosmic,V114L,0,2.1601969339552656
COADREAD_LUAD_PAAD,mutational_signatures,genie,cosmic,G115A,0,3.0759993163787187
COADREAD_LUAD_PAAD,mutational_signatures,genie,cosmic,G115C,0,92.3624398829003
COADREAD_LUAD_PAAD,mutational_signatures,genie,cosmic,G115D,0,131.75761078811462
COADREAD_LUAD_PAAD,mutational_signatures,genie,cosmic,G115R,0,8.765085500443798
COADREAD_LUAD_PAAD,mutational_signatures,genie,cosmic,G115S,0,15.063976085814666
COADREAD_LUAD_PAAD,mutational_signatures,genie,cosmic,G115V,0,6.350072724528195
COADREAD_LUAD_PAAD,mutational_signatures,genie,cosmic,N116D,0,0.08446336029590104
COADREAD_LUAD_PAAD,mutational_signatures,genie,cosmic,N116H,0,1.2046506191737365
COADREAD_LUAD_PAAD,mutational_signatures,genie,cosmic,N116I,0,43.36636702669544
COADREAD_LUAD_PAAD,mutational_signatures,genie,cosmic,N116K,0,1.3354603818967045e-7
COADREAD_LUAD_PAAD,mutational_signatures,genie,cosmic,N116S,0,0.9726330655189712
COADREAD_LUAD_PAAD,mutational_signatures,genie,cosmic,N116T,0,1.5539751354203613
COADREAD_LUAD_PAAD,mutational_signatures,genie,cosmic,N116Y,0,2.3748559640751403
COADREAD_LUAD_PAAD,mutational_signatures,genie,cosmic,K117E,0,0.09374094205514227
COADREAD_LUAD_PAAD,mutational_signatures,genie,cosmic,K117I,0,0.6348819254963517
COADREAD_LUAD_PAAD,mutational_signatures,genie,cosmic,K117N,13,4.394327014010978e-6
COADREAD_LUAD_PAAD,mutational_signatures,genie,cosmic,K117Q,0,1.2310234616244573
COADREAD_LUAD_PAAD,mutational_signatures,genie,cosmic,K117R,5,8.48110528490695e-6
COADREAD_LUAD_PAAD,mutational_signatures,genie,cosmic,K117T,0,0.5176845380634791
COADREAD_LUAD_PAAD,mutational_signatures,genie,cosmic,C118F,0,5.334976082308549e-6
COADREAD_LUAD_PAAD,mutational_signatures,genie,cosmic,C118G,0,0.3903525230204212
COADREAD_LUAD_PAAD,mutational_signatures,genie,cosmic,C118R,0,0.0269289807759707
COADREAD_LUAD_PAAD,mutational_signatures,genie,cosmic,C118S,1,0.06696981954713106
COADREAD_LUAD_PAAD,mutational_signatures,genie,cosmic,C118W,0,0.0028592504190620457
COADREAD_LUAD_PAAD,mutational_signatures,genie,cosmic,C118Y,0,1.1737811876489093
COADREAD_LUAD_PAAD,mutational_signatures,genie,cosmic,D119A,0,1.5736532642657153
COADREAD_LUAD_PAAD,mutational_signatures,genie,cosmic,D119E,0,4.394327014010978e-6
COADREAD_LUAD_PAAD,mutational_signatures,genie,cosmic,D119G,0,0.12920831195633464
COADREAD_LUAD_PAAD,mutational_signatures,genie,cosmic,D119H,0,0.4272272177349135
COADREAD_LUAD_PAAD,mutational_signatures,genie,cosmic,D119N,0,2.220446049250313e-16
COADREAD_LUAD_PAAD,mutational_signatures,genie,cosmic,D119V,0,25.28022356487866
COADREAD_LUAD_PAAD,mutational_signatures,genie,cosmic,D119Y,0,0.02358913046499006
COADREAD_LUAD_PAAD,mutational_signatures,genie,cosmic,L120F,0,0.08019819644189939
COADREAD_LUAD_PAAD,mutational_signatures,genie,cosmic,L120M,0,0.6348819254963517
COADREAD_LUAD_PAAD,mutational_signatures,genie,cosmic,L120S,0,0.09651310684507386
COADREAD_LUAD_PAAD,mutational_signatures,genie,cosmic,L120V,0,0.4003784648454461
COADREAD_LUAD_PAAD,mutational_signatures,genie,cosmic,L120W,0,1.2582703243056113
COADREAD_LUAD_PAAD,mutational_signatures,genie,cosmic,P121A,0,2.8451337100832697
COADREAD_LUAD_PAAD,mutational_signatures,genie,cosmic,P121H,0,2.220446049250313e-16
COADREAD_LUAD_PAAD,mutational_signatures,genie,cosmic,P121L,0,6.416533863079735
COADREAD_LUAD_PAAD,mutational_signatures,genie,cosmic,P121R,0,1.680814762003191
COADREAD_LUAD_PAAD,mutational_signatures,genie,cosmic,P121S,0,106.20992390296404
COADREAD_LUAD_PAAD,mutational_signatures,genie,cosmic,P121T,0,6.188960892033734
COADREAD_LUAD_PAAD,mutational_signatures,genie,cosmic,S122A,0,1.6511797485701771
COADREAD_LUAD_PAAD,mutational_signatures,genie,cosmic,S122C,0,0.011369743524045704
COADREAD_LUAD_PAAD,mutational_signatures,genie,cosmic,S122F,0,2.220446049250313e-16
COADREAD_LUAD_PAAD,mutational_signatures,genie,cosmic,S122P,0,0.004527331564460685
COADREAD_LUAD_PAAD,mutational_signatures,genie,cosmic,S122T,0,13.229089061879016
COADREAD_LUAD_PAAD,mutational_signatures,genie,cosmic,S122Y,0,0.430568387806154
COADREAD_LUAD_PAAD,mutational_signatures,genie,cosmic,R123G,0,0.009434940238545384
COADREAD_LUAD_PAAD,mutational_signatures,genie,cosmic,R123I,0,0.430568387806154
COADREAD_LUAD_PAAD,mutational_signatures,genie,cosmic,R123K,0,2.220446049250313e-16
COADREAD_LUAD_PAAD,mutational_signatures,genie,cosmic,R123S,0,1.5614937764664054
COADREAD_LUAD_PAAD,mutational_signatures,genie,cosmic,R123T,0,0.011369743524045704
COADREAD_LUAD_PAAD,mutational_signatures,genie,cosmic,T124A,0,0.7691201248352013
COADREAD_LUAD_PAAD,mutational_signatures,genie,cosmic,T124I,0,1.1737811876489093
COADREAD_LUAD_PAAD,mutational_signatures,genie,cosmic,T124K,0,5.334976082308549e-6
COADREAD_LUAD_PAAD,mutational_signatures,genie,cosmic,T124P,0,1.3496649253867388
COADREAD_LUAD_PAAD,mutational_signatures,genie,cosmic,T124R,0,0.3687402232329246
COADREAD_LUAD_PAAD,mutational_signatures,genie,cosmic,T124S,0,45.09256766013304
COADREAD_LUAD_PAAD,mutational_signatures,genie,cosmic,V125A,0,0.183667065026667
COADREAD_LUAD_PAAD,mutational_signatures,genie,cosmic,V125E,0,4.217452789712958
COADREAD_LUAD_PAAD,mutational_signatures,genie,cosmic,V125G,0,3.401668043922781
COADREAD_LUAD_PAAD,mutational_signatures,genie,cosmic,V125I,1,16.73197390688926
COADREAD_LUAD_PAAD,mutational_signatures,genie,cosmic,V125L,0,0.9225665251555696
COADREAD_LUAD_PAAD,mutational_signatures,genie,cosmic,D126A,0,3.746772249630373
COADREAD_LUAD_PAAD,mutational_signatures,genie,cosmic,D126E,1,1.3354603818967045e-7
COADREAD_LUAD_PAAD,mutational_signatures,genie,cosmic,D126G,0,0.625591507948049
COADREAD_LUAD_PAAD,mutational_signatures,genie,cosmic,D126H,0,0.010411222943975163
COADREAD_LUAD_PAAD,mutational_signatures,genie,cosmic,D126N,0,2.220446049250313e-16
COADREAD_LUAD_PAAD,mutational_signatures,genie,cosmic,D126V,0,12.217290293195324
COADREAD_LUAD_PAAD,mutational_signatures,genie,cosmic,D126Y,0,0.3897540270859749
COADREAD_LUAD_PAAD,mutational_signatures,genie,cosmic,T127A,0,0.15549339985936597
COADREAD_LUAD_PAAD,mutational_signatures,genie,cosmic,T127I,0,1.1737811876489093
COADREAD_LUAD_PAAD,mutational_signatures,genie,cosmic,T127K,0,5.334976082308549e-6
COADREAD_LUAD_PAAD,mutational_signatures,genie,cosmic,T127P,0,0.0026060338687631853
COADREAD_LUAD_PAAD,mutational_signatures,genie,cosmic,T127R,0,0.3687402232329246
COADREAD_LUAD_PAAD,mutational_signatures,genie,cosmic,T127S,0,15.647359025954634
COADREAD_LUAD_PAAD,mutational_signatures,genie,cosmic,K128E,0,7.151156960501961e-6
COADREAD_LUAD_PAAD,mutational_signatures,genie,cosmic,K128I,0,0.6348819254963517
COADREAD_LUAD_PAAD,mutational_signatures,genie,cosmic,K128N,0,4.574831726456397
COADREAD_LUAD_PAAD,mutational_signatures,genie,cosmic,K128Q,0,0.4868557397759029
COADREAD_LUAD_PAAD,mutational_signatures,genie,cosmic,K128R,0,8.48110528490695e-6
COADREAD_LUAD_PAAD,mutational_signatures,genie,cosmic,K128T,0,0.5176845380634791
COADREAD_LUAD_PAAD,mutational_signatures,genie,cosmic,Q129E,0,0.3502704211889115
COADREAD_LUAD_PAAD,mutational_signatures,genie,cosmic,Q129H,0,2.220446049250313e-16
COADREAD_LUAD_PAAD,mutational_signatures,genie,cosmic,Q129K,0,4.902083990734975e-6
COADREAD_LUAD_PAAD,mutational_signatures,genie,cosmic,Q129L,0,29.389840774834553
COADREAD_LUAD_PAAD,mutational_signatures,genie,cosmic,Q129P,0,0.7368998831191449
COADREAD_LUAD_PAAD,mutational_signatures,genie,cosmic,Q129R,0,1.507048073479157e-5
COADREAD_LUAD_PAAD,mutational_signatures,genie,cosmic,A130D,0,3.4595924134935983
COADREAD_LUAD_PAAD,mutational_signatures,genie,cosmic,A130G,0,1.2626890724548927
COADREAD_LUAD_PAAD,mutational_signatures,genie,cosmic,A130P,0,2.9371349852957933
COADREAD_LUAD_PAAD,mutational_signatures,genie,cosmic,A130S,0,6.3988078459668305
COADREAD_LUAD_PAAD,mutational_signatures,genie,cosmic,A130T,0,109.62920254286236
COADREAD_LUAD_PAAD,mutational_signatures,genie,cosmic,A130V,1,25.431865482661085
COADREAD_LUAD_PAAD,mutational_signatures,genie,cosmic,Q131E,0,0.4177123499207218
COADREAD_LUAD_PAAD,mutational_signatures,genie,cosmic,Q131H,0,2.220446049250313e-16
COADREAD_LUAD_PAAD,mutational_signatures,genie,cosmic,Q131K,0,0.023080846047563407
COADREAD_LUAD_PAAD,mutational_signatures,genie,cosmic,Q131L,0,29.389840774834553
COADREAD_LUAD_PAAD,mutational_signatures,genie,cosmic,Q131P,0,0.7368998831191449
COADREAD_LUAD_PAAD,mutational_signatures,genie,cosmic,Q131R,0,1.507048073479157e-5
COADREAD_LUAD_PAAD,mutational_signatures,genie,cosmic,D132A,0,3.746772249630373
COADREAD_LUAD_PAAD,mutational_signatures,genie,cosmic,D132E,0,1.0059932521444173
COADREAD_LUAD_PAAD,mutational_signatures,genie,cosmic,D132G,0,0.625591507948049
COADREAD_LUAD_PAAD,mutational_signatures,genie,cosmic,D132H,0,0.5403835312300423
COADREAD_LUAD_PAAD,mutational_signatures,genie,cosmic,D132N,0,2.220446049250313e-16
COADREAD_LUAD_PAAD,mutational_signatures,genie,cosmic,D132V,0,12.217290293195324
COADREAD_LUAD_PAAD,mutational_signatures,genie,cosmic,D132Y,0,24.621834342591978
COADREAD_LUAD_PAAD,mutational_signatures,genie,cosmic,L133F,0,0.4448636394500916
COADREAD_LUAD_PAAD,mutational_signatures,genie,cosmic,L133I,0,16.81635076242824
COADREAD_LUAD_PAAD,mutational_signatures,genie,cosmic,L133S,0,0.03717602652706959
COADREAD_LUAD_PAAD,mutational_signatures,genie,cosmic,L133V,0,14.8065701135798
COADREAD_LUAD_PAAD,mutational_signatures,genie,cosmic,A134E,0,0.2957718211921447
COADREAD_LUAD_PAAD,mutational_signatures,genie,cosmic,A134G,0,3.9941998269845977
COADREAD_LUAD_PAAD,mutational_signatures,genie,cosmic,A134P,0,1.1881529840914946
COADREAD_LUAD_PAAD,mutational_signatures,genie,cosmic,A134S,0,3.3304271113722317
COADREAD_LUAD_PAAD,mutational_signatures,genie,cosmic,A134T,0,21.82210633958979
COADREAD_LUAD_PAAD,mutational_signatures,genie,cosmic,A134V,0,26.090377222715336
COADREAD_LUAD_PAAD,mutational_signatures,genie,cosmic,R135G,0,3.8178597945582646e-11
COADREAD_LUAD_PAAD,mutational_signatures,genie,cosmic,R135I,0,0.430568387806154
COADREAD_LUAD_PAAD,mutational_signatures,genie,cosmic,R135K,0,2.220446049250313e-16
COADREAD_LUAD_PAAD,mutational_signatures,genie,cosmic,R135S,0,1.5614937764664054
COADREAD_LUAD_PAAD,mutational_signatures,genie,cosmic,R135T,0,0.011369743524045704
COADREAD_LUAD_PAAD,mutational_signatures,genie,cosmic,S136C,0,15.593960515750426
COADREAD_LUAD_PAAD,mutational_signatures,genie,cosmic,S136G,0,4.023470145494977e-11
COADREAD_LUAD_PAAD,mutational_signatures,genie,cosmic,S136I,0,22.660657988738983
COADREAD_LUAD_PAAD,mutational_signatures,genie,cosmic,S136N,0,16.693551158941315
COADREAD_LUAD_PAAD,mutational_signatures,genie,cosmic,S136R,0,17.7853912864979
COADREAD_LUAD_PAAD,mutational_signatures,genie,cosmic,S136T,0,0.6539499845191399
COADREAD_LUAD_PAAD,mutational_signatures,genie,cosmic,Y137C,0,0.41405599733542175
COADREAD_LUAD_PAAD,mutational_signatures,genie,cosmic,Y137D,0,9.617842692326802e-4
COADREAD_LUAD_PAAD,mutational_signatures,genie,cosmic,Y137F,0,1.1476663217288024e-4
COADREAD_LUAD_PAAD,mutational_signatures,genie,cosmic,Y137H,0,0.031936110570684746
COADREAD_LUAD_PAAD,mutational_signatures,genie,cosmic,Y137N,0,0.0035966712458267948
COADREAD_LUAD_PAAD,mutational_signatures,genie,cosmic,Y137S,0,0.01247582893174248
COADREAD_LUAD_PAAD,mutational_signatures,genie,cosmic,G138A,0,0.5568546230230522
COADREAD_LUAD_PAAD,mutational_signatures,genie,cosmic,G138E,1,2.220446049250313e-16
COADREAD_LUAD_PAAD,mutational_signatures,genie,cosmic,G138R,0,9.248436210042597
COADREAD_LUAD_PAAD,mutational_signatures,genie,cosmic,G138V,0,25.12271124188595
COADREAD_LUAD_PAAD,mutational_signatures,genie,cosmic,I139F,0,5.530398392745828e-4
COADREAD_LUAD_PAAD,mutational_signatures,genie,cosmic,I139L,0,0.08612716628818315
COADREAD_LUAD_PAAD,mutational_signatures,genie,cosmic,I139M,0,1.758529016804453
COADREAD_LUAD_PAAD,mutational_signatures,genie,cosmic,I139N,0,6.446547669496054e-4
COADREAD_LUAD_PAAD,mutational_signatures,genie,cosmic,I139S,0,0.10041235590156784
COADREAD_LUAD_PAAD,mutational_signatures,genie,cosmic,I139T,0,1.7928597827666952
COADREAD_LUAD_PAAD,mutational_signatures,genie,cosmic,I139V,0,1.651660845068325
COADREAD_LUAD_PAAD,mutational_signatures,genie,cosmic,P140A,0,0.48435076845911507
COADREAD_LUAD_PAAD,mutational_signatures,genie,cosmic,P140H,0,2.220446049250313e-16
COADREAD_LUAD_PAAD,mutational_signatures,genie,cosmic,P140L,0,6.416533863079735
COADREAD_LUAD_PAAD,mutational_signatures,genie,cosmic,P140R,0,1.680814762003191
COADREAD_LUAD_PAAD,mutational_signatures,genie,cosmic,P140S,0,2.220446049250313e-16
COADREAD_LUAD_PAAD,mutational_signatures,genie,cosmic,P140T,0,24.524712677159332
COADREAD_LUAD_PAAD,mutational_signatures,genie,cosmic,F141C,0,0.5176845380634791
COADREAD_LUAD_PAAD,mutational_signatures,genie,cosmic,F141I,0,0.5533599158672933
COADREAD_LUAD_PAAD,mutational_signatures,genie,cosmic,F141L,0,7.614123491480094e-14
COADREAD_LUAD_PAAD,mutational_signatures,genie,cosmic,F141S,0,8.48110528490695e-6
COADREAD_LUAD_PAAD,mutational_signatures,genie,cosmic,F141V,0,0.23253951169918255
COADREAD_LUAD_PAAD,mutational_signatures,genie,cosmic,F141Y,0,0.6348819254963517
COADREAD_LUAD_PAAD,mutational_signatures,genie,cosmic,I142F,0,1.0968770603435246e-4
COADREAD_LUAD_PAAD,mutational_signatures,genie,cosmic,I142L,0,0.008931917238350831
COADREAD_LUAD_PAAD,mutational_signatures,genie,cosmic,I142M,0,1.2582703243056113
COADREAD_LUAD_PAAD,mutational_signatures,genie,cosmic,I142N,0,6.446547669496054e-4
COADREAD_LUAD_PAAD,mutational_signatures,genie,cosmic,I142S,0,0.10041235590156784
COADREAD_LUAD_PAAD,mutational_signatures,genie,cosmic,I142T,0,1.7928597827666952
COADREAD_LUAD_PAAD,mutational_signatures,genie,cosmic,I142V,0,0.368001936991494
COADREAD_LUAD_PAAD,mutational_signatures,genie,cosmic,E143A,0,1.758529016804453
COADREAD_LUAD_PAAD,mutational_signatures,genie,cosmic,E143D,0,0.022311880479241313
COADREAD_LUAD_PAAD,mutational_signatures,genie,cosmic,E143G,0,0.0054651441269188
COADREAD_LUAD_PAAD,mutational_signatures,genie,cosmic,E143K,0,2.220446049250313e-16
COADREAD_LUAD_PAAD,mutational_signatures,genie,cosmic,E143Q,0,0.4207190150454302
COADREAD_LUAD_PAAD,mutational_signatures,genie,cosmic,E143V,0,13.08014929964353
COADREAD_LUAD_PAAD,mutational_signatures,genie,cosmic,T144A,0,0.8360740059141383
COADREAD_LUAD_PAAD,mutational_signatures,genie,cosmic,T144I,0,1.1737811876489093
COADREAD_LUAD_PAAD,mutational_signatures,genie,cosmic,T144K,0,5.334976082308549e-6
COADREAD_LUAD_PAAD,mutational_signatures,genie,cosmic,T144P,0,1.3833492749885534
COADREAD_LUAD_PAAD,mutational_signatures,genie,cosmic,T144R,0,0.3687402232329246
COADREAD_LUAD_PAAD,mutational_signatures,genie,cosmic,T144S,0,47.12819648941406
COADREAD_LUAD_PAAD,mutational_signatures,genie,cosmic,S145A,0,1.4797162365364722
COADREAD_LUAD_PAAD,mutational_signatures,genie,cosmic,S145L,1,2.220446049250313e-16
COADREAD_LUAD_PAAD,mutational_signatures,genie,cosmic,S145P,0,0.10568093858385806
COADREAD_LUAD_PAAD,mutational_signatures,genie,cosmic,S145T,0,26.300148867822756
COADREAD_LUAD_PAAD,mutational_signatures,genie,cosmic,A146E,0,0.2957718211921447
COADREAD_LUAD_PAAD,mutational_signatures,genie,cosmic,A146G,0,3.9941998269845977
COADREAD_LUAD_PAAD,mutational_signatures,genie,cosmic,A146P,3,1.1881529840914946
COADREAD_LUAD_PAAD,mutational_signatures,genie,cosmic,A146S,1,3.3304271113722317
COADREAD_LUAD_PAAD,mutational_signatures,genie,cosmic,A146T,75,21.82210633958979
COADREAD_LUAD_PAAD,mutational_signatures,genie,cosmic,A146V,19,26.090377222715336
COADREAD_LUAD_PAAD,mutational_signatures,genie,cosmic,K147E,0,7.563192884146427e-6
COADREAD_LUAD_PAAD,mutational_signatures,genie,cosmic,K147M,0,15.536255523241534
COADREAD_LUAD_PAAD,mutational_signatures,genie,cosmic,K147N,0,3.3233097877251734e-4
COADREAD_LUAD_PAAD,mutational_signatures,genie,cosmic,K147Q,0,0.7999230472355565
COADREAD_LUAD_PAAD,mutational_signatures,genie,cosmic,K147R,0,6.959071171498817e-11
COADREAD_LUAD_PAAD,mutational_signatures,genie,cosmic,K147T,1,21.392534079483024
COADREAD_LUAD_PAAD,mutational_signatures,genie,cosmic,T148A,0,0.5799235973066146
COADREAD_LUAD_PAAD,mutational_signatures,genie,cosmic,T148I,0,1.1737811876489093
COADREAD_LUAD_PAAD,mutational_signatures,genie,cosmic,T148K,0,5.334976082308549e-6
COADREAD_LUAD_PAAD,mutational_signatures,genie,cosmic,T148P,0,3.6158283743003774
COADREAD_LUAD_PAAD,mutational_signatures,genie,cosmic,T148R,0,0.3687402232329246
COADREAD_LUAD_PAAD,mutational_signatures,genie,cosmic,T148S,0,12.151612826864245
COADREAD_LUAD_PAAD,mutational_signatures,genie,cosmic,R149G,0,4.3675236053031416e-11
COADREAD_LUAD_PAAD,mutational_signatures,genie,cosmic,R149I,0,0.430568387806154
COADREAD_LUAD_PAAD,mutational_signatures,genie,cosmic,R149K,0,2.220446049250313e-16
COADREAD_LUAD_PAAD,mutational_signatures,genie,cosmic,R149S,0,3.10749333500673
COADREAD_LUAD_PAAD,mutational_signatures,genie,cosmic,R149T,0,0.011369743524045704
COADREAD_LUAD_PAAD,mutational_signatures,genie,cosmic,Q150E,0,0.3502704211889115
COADREAD_LUAD_PAAD,mutational_signatures,genie,cosmic,Q150H,0,2.220446049250313e-16
COADREAD_LUAD_PAAD,mutational_signatures,genie,cosmic,Q150K,0,4.902083990734975e-6
COADREAD_LUAD_PAAD,mutational_signatures,genie,cosmic,Q150L,0,29.389840774834553
COADREAD_LUAD_PAAD,mutational_signatures,genie,cosmic,Q150P,0,0.7368998831191449
COADREAD_LUAD_PAAD,mutational_signatures,genie,cosmic,Q150R,0,1.507048073479157e-5
COADREAD_LUAD_PAAD,mutational_signatures,genie,cosmic,G151A,0,2.1946563920351148
COADREAD_LUAD_PAAD,mutational_signatures,genie,cosmic,G151C,0,8.742173541567283e-5
COADREAD_LUAD_PAAD,mutational_signatures,genie,cosmic,G151D,0,319.7063400692111
COADREAD_LUAD_PAAD,mutational_signatures,genie,cosmic,G151R,0,6.897568924506264
COADREAD_LUAD_PAAD,mutational_signatures,genie,cosmic,G151S,0,102.45907384311803
COADREAD_LUAD_PAAD,mutational_signatures,genie,cosmic,G151V,0,296.2290362853167
COADREAD_LUAD_PAAD,mutational_signatures,genie,cosmic,V152A,0,0.9726330655189712
COADREAD_LUAD_PAAD,mutational_signatures,genie,cosmic,V152D,0,43.36636702669544
COADREAD_LUAD_PAAD,mutational_signatures,genie,cosmic,V152F,0,5.032566247561319e-6
COADREAD_LUAD_PAAD,mutational_signatures,genie,cosmic,V152G,0,1.5539751354203613
COADREAD_LUAD_PAAD,mutational_signatures,genie,cosmic,V152I,0,1.004706389961454
COADREAD_LUAD_PAAD,mutational_signatures,genie,cosmic,V152L,0,0.3183769975431716
COADREAD_LUAD_PAAD,mutational_signatures,genie,cosmic,D153A,0,1.5736532642657153
COADREAD_LUAD_PAAD,mutational_signatures,genie,cosmic,D153E,0,0.09101206065734176
COADREAD_LUAD_PAAD,mutational_signatures,genie,cosmic,D153G,0,0.12920831195633464
COADREAD_LUAD_PAAD,mutational_signatures,genie,cosmic,D153H,0,0.4330930498949126
COADREAD_LUAD_PAAD,mutational_signatures,genie,cosmic,D153N,0,2.220446049250313e-16
COADREAD_LUAD_PAAD,mutational_signatures,genie,cosmic,D153V,0,25.28022356487866
COADREAD_LUAD_PAAD,mutational_signatures,genie,cosmic,D153Y,0,0.023801522037372225
COADREAD_LUAD_PAAD,mutational_signatures,genie,cosmic,D154A,0,1.5736532642657153
COADREAD_LUAD_PAAD,mutational_signatures,genie,cosmic,D154E,0,0.09101206065734176
COADREAD_LUAD_PAAD,mutational_signatures,genie,cosmic,D154G,0,0.12920831195633464
COADREAD_LUAD_PAAD,mutational_signatures,genie,cosmic,D154H,0,0.4330930498949126
COADREAD_LUAD_PAAD,mutational_signatures,genie,cosmic,D154N,0,2.220446049250313e-16
COADREAD_LUAD_PAAD,mutational_signatures,genie,cosmic,D154V,0,25.28022356487866
COADREAD_LUAD_PAAD,mutational_signatures,genie,cosmic,D154Y,0,0.023801522037372225
COADREAD_LUAD_PAAD,mutational_signatures,genie,cosmic,A155D,1,6.350072724528195
COADREAD_LUAD_PAAD,mutational_signatures,genie,cosmic,A155G,0,3.0759993163787187
COADREAD_LUAD_PAAD,mutational_signatures,genie,cosmic,A155P,0,3.6582972287655897
COADREAD_LUAD_PAAD,mutational_signatures,genie,cosmic,A155S,0,0.16446175241449737
COADREAD_LUAD_PAAD,mutational_signatures,genie,cosmic,A155T,0,2.6537483353721347
COADREAD_LUAD_PAAD,mutational_signatures,genie,cosmic,A155V,0,131.75761078811462
COADREAD_LUAD_PAAD,mutational_signatures,genie,cosmic,F156C,0,1.758529016804453
COADREAD_LUAD_PAAD,mutational_signatures,genie,cosmic,F156I,0,17.133492385849472
COADREAD_LUAD_PAAD,mutational_signatures,genie,cosmic,F156L,0,1.136712760333153e-15
COADREAD_LUAD_PAAD,mutational_signatures,genie,cosmic,F156S,0,0.0054651441269188
COADREAD_LUAD_PAAD,mutational_signatures,genie,cosmic,F156V,0,14.417609575306574
COADREAD_LUAD_PAAD,mutational_signatures,genie,cosmic,F156Y,0,13.08014929964353
COADREAD_LUAD_PAAD,mutational_signatures,genie,cosmic,Y157C,0,0.41405599733542175
COADREAD_LUAD_PAAD,mutational_signatures,genie,cosmic,Y157D,0,0.1759391594148484
COADREAD_LUAD_PAAD,mutational_signatures,genie,cosmic,Y157F,0,1.1476663217288024e-4
COADREAD_LUAD_PAAD,mutational_signatures,genie,cosmic,Y157H,0,0.00948158481120598
COADREAD_LUAD_PAAD,mutational_signatures,genie,cosmic,Y157N,0,35.43841910938892
COADREAD_LUAD_PAAD,mutational_signatures,genie,cosmic,Y157S,0,0.01247582893174248
COADREAD_LUAD_PAAD,mutational_signatures,genie,cosmic,T158A,0,0.14229875500375458
COADREAD_LUAD_PAAD,mutational_signatures,genie,cosmic,T158I,0,1.1737811876489093
COADREAD_LUAD_PAAD,mutational_signatures,genie,cosmic,T158K,0,5.334976082308549e-6
COADREAD_LUAD_PAAD,mutational_signatures,genie,cosmic,T158P,0,3.2936423835916493
COADREAD_LUAD_PAAD,mutational_signatures,genie,cosmic,T158R,0,0.3687402232329246
COADREAD_LUAD_PAAD,mutational_signatures,genie,cosmic,T158S,0,3.849485101359978
COADREAD_LUAD_PAAD,mutational_signatures,genie,cosmic,L159F,0,0.4448636394500916
COADREAD_LUAD_PAAD,mutational_signatures,genie,cosmic,L159I,0,6.120222348239245e-4
COADREAD_LUAD_PAAD,mutational_signatures,genie,cosmic,L159S,0,0.03717602652706959
COADREAD_LUAD_PAAD,mutational_signatures,genie,cosmic,L159V,0,0.08368212286170373
COADREAD_LUAD_PAAD,mutational_signatures,genie,cosmic,V160A,0,0.9726330655189712
COADREAD_LUAD_PAAD,mutational_signatures,genie,cosmic,V160D,0,43.36636702669544
COADREAD_LUAD_PAAD,mutational_signatures,genie,cosmic,V160F,0,22.157128999516083
COADREAD_LUAD_PAAD,mutational_signatures,genie,cosmic,V160G,0,1.5539751354203613
COADREAD_LUAD_PAAD,mutational_signatures,genie,cosmic,V160I,0,15.833274511271332
COADREAD_LUAD_PAAD,mutational_signatures,genie,cosmic,V160L,0,0.6372653315611803
COADREAD_LUAD_PAAD,mutational_signatures,genie,cosmic,R161G,0,8.498205696090881
COADREAD_LUAD_PAAD,mutational_signatures,genie,cosmic,R161L,0,15.829842443074718
COADREAD_LUAD_PAAD,mutational_signatures,genie,cosmic,R161P,0,8.724073106793092
COADREAD_LUAD_PAAD,mutational_signatures,genie,cosmic,R161Q,0,4.227283975353422
COADREAD_LUAD_PAAD,mutational_signatures,genie,cosmic,E162A,0,1.758529016804453
COADREAD_LUAD_PAAD,mutational_signatures,genie,cosmic,E162D,0,0.022311880479241313
COADREAD_LUAD_PAAD,mutational_signatures,genie,cosmic,E162G,0,0.0054651441269188
COADREAD_LUAD_PAAD,mutational_signatures,genie,cosmic,E162K,0,2.220446049250313e-16
COADREAD_LUAD_PAAD,mutational_signatures,genie,cosmic,E162Q,0,0.010560507643126738
COADREAD_LUAD_PAAD,mutational_signatures,genie,cosmic,E162V,0,13.08014929964353
COADREAD_LUAD_PAAD,mutational_signatures,genie,cosmic,I163F,0,5.530398392745828e-4
COADREAD_LUAD_PAAD,mutational_signatures,genie,cosmic,I163L,0,0.08612716628818315
COADREAD_LUAD_PAAD,mutational_signatures,genie,cosmic,I163M,0,1.758529016804453
COADREAD_LUAD_PAAD,mutational_signatures,genie,cosmic,I163N,0,6.446547669496054e-4
COADREAD_LUAD_PAAD,mutational_signatures,genie,cosmic,I163S,1,0.10041235590156784
COADREAD_LUAD_PAAD,mutational_signatures,genie,cosmic,I163T,0,1.7928597827666952
COADREAD_LUAD_PAAD,mutational_signatures,genie,cosmic,I163V,0,1.651660845068325
COADREAD_LUAD_PAAD,mutational_signatures,genie,cosmic,R164G,0,8.644229593974798
COADREAD_LUAD_PAAD,mutational_signatures,genie,cosmic,R164L,0,15.829842443074718
COADREAD_LUAD_PAAD,mutational_signatures,genie,cosmic,R164P,0,8.724073106793092
COADREAD_LUAD_PAAD,mutational_signatures,genie,cosmic,R164Q,0,4.227283975353422
COADREAD_LUAD_PAAD,mutational_signatures,genie,cosmic,K165E,0,7.151156960501961e-6
COADREAD_LUAD_PAAD,mutational_signatures,genie,cosmic,K165I,0,0.6348819254963517
COADREAD_LUAD_PAAD,mutational_signatures,genie,cosmic,K165N,0,4.574831726456397
COADREAD_LUAD_PAAD,mutational_signatures,genie,cosmic,K165Q,0,0.4868557397759029
COADREAD_LUAD_PAAD,mutational_signatures,genie,cosmic,K165R,0,8.48110528490695e-6
COADREAD_LUAD_PAAD,mutational_signatures,genie,cosmic,K165T,0,0.5176845380634791
COADREAD_LUAD_PAAD,mutational_signatures,genie,cosmic,H166D,0,0.3740407197190131
COADREAD_LUAD_PAAD,mutational_signatures,genie,cosmic,H166L,0,2.68386508432517
COADREAD_LUAD_PAAD,mutational_signatures,genie,cosmic,H166N,0,5.248250824679726e-6
COADREAD_LUAD_PAAD,mutational_signatures,genie,cosmic,H166P,0,0.4995284748140474
COADREAD_LUAD_PAAD,mutational_signatures,genie,cosmic,H166Q,0,9.719928409059137e-8
COADREAD_LUAD_PAAD,mutational_signatures,genie,cosmic,H166R,0,0.04415373431515493
COADREAD_LUAD_PAAD,mutational_signatures,genie,cosmic,H166Y,0,1.181701307479529
COADREAD_LUAD_PAAD,mutational_signatures,genie,cosmic,K167E,0,0.03063620794211264
COADREAD_LUAD_PAAD,mutational_signatures,genie,cosmic,K167I,0,0.6348819254963517
COADREAD_LUAD_PAAD,mutational_signatures,genie,cosmic,K167N,0,22.562468118956716
COADREAD_LUAD_PAAD,mutational_signatures,genie,cosmic,K167Q,0,8.024727356457348e-4
COADREAD_LUAD_PAAD,mutational_signatures,genie,cosmic,K167R,0,8.48110528490695e-6
COADREAD_LUAD_PAAD,mutational_signatures,genie,cosmic,K167T,0,0.5176845380634791
COADREAD_LUAD_PAAD,mutational_signatures,genie,cosmic,E168A,0,1.758529016804453
COADREAD_LUAD_PAAD,mutational_signatures,genie,cosmic,E168D,0,0.022311880479241313
COADREAD_LUAD_PAAD,mutational_signatures,genie,cosmic,E168G,0,0.0054651441269188
COADREAD_LUAD_PAAD,mutational_signatures,genie,cosmic,E168K,0,2.220446049250313e-16
COADREAD_LUAD_PAAD,mutational_signatures,genie,cosmic,E168Q,0,0.010560507643126738
COADREAD_LUAD_PAAD,mutational_signatures,genie,cosmic,E168V,0,13.08014929964353
COADREAD_LUAD_PAAD,mutational_signatures,genie,cosmic,K169E,0,7.563192884146427e-6
COADREAD_LUAD_PAAD,mutational_signatures,genie,cosmic,K169M,0,15.536255523241534
COADREAD_LUAD_PAAD,mutational_signatures,genie,cosmic,K169N,0,3.3233097877251734e-4
COADREAD_LUAD_PAAD,mutational_signatures,genie,cosmic,K169Q,0,0.7999230472355565
COADREAD_LUAD_PAAD,mutational_signatures,genie,cosmic,K169R,0,6.959071171498817e-11
COADREAD_LUAD_PAAD,mutational_signatures,genie,cosmic,K169T,0,21.392534079483024
COADREAD_LUAD_PAAD,mutational_signatures,genie,cosmic,M170I,0,2.220446049250313e-16
COADREAD_LUAD_PAAD,mutational_signatures,genie,cosmic,M170K,0,2.68386508432517
COADREAD_LUAD_PAAD,mutational_signatures,genie,cosmic,M170L,0,1.8700570541916537
COADREAD_LUAD_PAAD,mutational_signatures,genie,cosmic,M170R,0,0.4995284748140474
COADREAD_LUAD_PAAD,mutational_signatures,genie,cosmic,M170T,0,0.04415373431515493
COADREAD_LUAD_PAAD,mutational_signatures,genie,cosmic,M170V,0,0.11215797472112632
COADREAD_LUAD_PAAD,mutational_signatures,genie,cosmic,S171C,0,3.4342572223376715
COADREAD_LUAD_PAAD,mutational_signatures,genie,cosmic,S171G,0,8.40186203315418e-8
COADREAD_LUAD_PAAD,mutational_signatures,genie,cosmic,S171I,0,3.4595924134935983
COADREAD_LUAD_PAAD,mutational_signatures,genie,cosmic,S171N,0,25.431865482661085
COADREAD_LUAD_PAAD,mutational_signatures,genie,cosmic,S171R,0,0.0169130942640005
COADREAD_LUAD_PAAD,mutational_signatures,genie,cosmic,S171T,0,1.2626890724548927
COADREAD_LUAD_PAAD,mutational_signatures,genie,cosmic,K172E,0,0.08177325034476395
COADREAD_LUAD_PAAD,mutational_signatures,genie,cosmic,K172I,0,0.6348819254963517
COADREAD_LUAD_PAAD,mutational_signatures,genie,cosmic,K172N,0,22.562468118956716
COADREAD_LUAD_PAAD,mutational_signatures,genie,cosmic,K172Q,0,1.1727612510155283
COADREAD_LUAD_PAAD,mutational_signatures,genie,cosmic,K172R,0,8.48110528490695e-6
COADREAD_LUAD_PAAD,mutational_signatures,genie,cosmic,K172T,0,0.5176845380634791
COADREAD_LUAD_PAAD,mutational_signatures,genie,cosmic,D173A,0,1.5736532642657153
COADREAD_LUAD_PAAD,mutational_signatures,genie,cosmic,D173E,0,0.09101206065734176
COADREAD_LUAD_PAAD,mutational_signatures,genie,cosmic,D173G,0,0.12920831195633464
COADREAD_LUAD_PAAD,mutational_signatures,genie,cosmic,D173H,0,0.011024206470154462
COADREAD_LUAD_PAAD,mutational_signatures,genie,cosmic,D173N,0,2.220446049250313e-16
COADREAD_LUAD_PAAD,mutational_signatures,genie,cosmic,D173V,0,25.28022356487866
COADREAD_LUAD_PAAD,mutational_signatures,genie,cosmic,D173Y,0,0.40964596002967973
COADREAD_LUAD_PAAD,mutational_signatures,genie,cosmic,G174A,0,2.1946563920351148
COADREAD_LUAD_PAAD,mutational_signatures,genie,cosmic,G174C,0,330.90871043063174
COADREAD_LUAD_PAAD,mutational_signatures,genie,cosmic,G174D,0,319.7063400692111
COADREAD_LUAD_PAAD,mutational_signatures,genie,cosmic,G174R,0,5.218742900306009
COADREAD_LUAD_PAAD,mutational_signatures,genie,cosmic,G174S,0,27.58700863108939
COADREAD_LUAD_PAAD,mutational_signatures,genie,cosmic,G174V,0,296.2290362853167
COADREAD_LUAD_PAAD,mutational_signatures,genie,cosmic,K175E,0,0.03021747149654819
COADREAD_LUAD_PAAD,mutational_signatures,genie,cosmic,K175I,0,0.6348819254963517
COADREAD_LUAD_PAAD,mutational_signatures,genie,cosmic,K175N,0,0.022311880479241313
COADREAD_LUAD_PAAD,mutational_signatures,genie,cosmic,K175Q,0,7.697763100556932e-4
COADREAD_LUAD_PAAD,mutational_signatures,genie,cosmic,K175R,0,8.48110528490695e-6
COADREAD_LUAD_PAAD,mutational_signatures,genie,cosmic,K175T,0,0.5176845380634791
COADREAD_LUAD_PAAD,mutational_signatures,genie,cosmic,K176E,0,7.563192884146427e-6
COADREAD_LUAD_PAAD,mutational_signatures,genie,cosmic,K176M,0,15.536255523241534
COADREAD_LUAD_PAAD,mutational_signatures,genie,cosmic,K176N,0,3.3233097877251734e-4
COADREAD_LUAD_PAAD,mutational_signatures,genie,cosmic,K176Q,0,0.7999230472355565
COADREAD_LUAD_PAAD,mutational_signatures,genie,cosmic,K176R,0,6.959071171498817e-11
COADREAD_LUAD_PAAD,mutational_signatures,genie,cosmic,K176T,0,21.392534079483024
COADREAD_LUAD_PAAD,mutational_signatures,genie,cosmic,K177E,0,0.005273870241979882
COADREAD_LUAD_PAAD,mutational_signatures,genie,cosmic,K177M,0,15.536255523241534
COADREAD_LUAD_PAAD,mutational_signatures,genie,cosmic,K177N,0,3.3233097877251734e-4
COADREAD_LUAD_PAAD,mutational_signatures,genie,cosmic,K177Q,0,1.7105959768961851
COADREAD_LUAD_PAAD,mutational_signatures,genie,cosmic,K177R,0,6.959071171498817e-11
COADREAD_LUAD_PAAD,mutational_signatures,genie,cosmic,K177T,0,21.392534079483024
COADREAD_LUAD_PAAD,mutational_signatures,genie,cosmic,K178E,0,0.004403124396196336
COADREAD_LUAD_PAAD,mutational_signatures,genie,cosmic,K178I,0,0.6348819254963517
COADREAD_LUAD_PAAD,mutational_signatures,genie,cosmic,K178N,0,0.022311880479241313
COADREAD_LUAD_PAAD,mutational_signatures,genie,cosmic,K178Q,0,1.6703557446783817
COADREAD_LUAD_PAAD,mutational_signatures,genie,cosmic,K178R,0,8.48110528490695e-6
COADREAD_LUAD_PAAD,mutational_signatures,genie,cosmic,K178T,0,0.5176845380634791
COADREAD_LUAD_PAAD,mutational_signatures,genie,cosmic,K179E,0,7.563192884146427e-6
COADREAD_LUAD_PAAD,mutational_signatures,genie,cosmic,K179M,0,15.536255523241534
COADREAD_LUAD_PAAD,mutational_signatures,genie,cosmic,K179N,0,3.3233097877251734e-4
COADREAD_LUAD_PAAD,mutational_signatures,genie,cosmic,K179Q,0,0.7999230472355565
COADREAD_LUAD_PAAD,mutational_signatures,genie,cosmic,K179R,0,6.959071171498817e-11
COADREAD_LUAD_PAAD,mutational_signatures,genie,cosmic,K179T,0,21.392534079483024
COADREAD_LUAD_PAAD,mutational_signatures,genie,cosmic,K180E,0,0.0051523500502364
COADREAD_LUAD_PAAD,mutational_signatures,genie,cosmic,K180M,0,15.536255523241534
COADREAD_LUAD_PAAD,mutational_signatures,genie,cosmic,K180N,0,1.0059932521444173
COADREAD_LUAD_PAAD,mutational_signatures,genie,cosmic,K180Q,0,1.7242885415538007
COADREAD_LUAD_PAAD,mutational_signatures,genie,cosmic,K180R,0,6.959071171498817e-11
COADREAD_LUAD_PAAD,mutational_signatures,genie,cosmic,K180T,0,21.392534079483024
COADREAD_LUAD_PAAD,mutational_signatures,genie,cosmic,S181A,0,3.6158283743003774
COADREAD_LUAD_PAAD,mutational_signatures,genie,cosmic,S181L,0,2.220446049250313e-16
COADREAD_LUAD_PAAD,mutational_signatures,genie,cosmic,S181P,0,0.5799235973066146
COADREAD_LUAD_PAAD,mutational_signatures,genie,cosmic,S181T,0,12.151612826864245
COADREAD_LUAD_PAAD,mutational_signatures,genie,cosmic,K182E,0,7.563192884146427e-6
COADREAD_LUAD_PAAD,mutational_signatures,genie,cosmic,K182M,0,15.536255523241534
COADREAD_LUAD_PAAD,mutational_signatures,genie,cosmic,K182N,0,3.3233097877251734e-4
COADREAD_LUAD_PAAD,mutational_signatures,genie,cosmic,K182Q,0,0.7999230472355565
COADREAD_LUAD_PAAD,mutational_signatures,genie,cosmic,K182R,0,6.959071171498817e-11
COADREAD_LUAD_PAAD,mutational_signatures,genie,cosmic,K182T,0,21.392534079483024
COADREAD_LUAD_PAAD,mutational_signatures,genie,cosmic,T183A,0,0.5799235973066146
COADREAD_LUAD_PAAD,mutational_signatures,genie,cosmic,T183I,0,1.1737811876489093
COADREAD_LUAD_PAAD,mutational_signatures,genie,cosmic,T183K,0,5.334976082308549e-6
COADREAD_LUAD_PAAD,mutational_signatures,genie,cosmic,T183P,0,3.6158283743003774
COADREAD_LUAD_PAAD,mutational_signatures,genie,cosmic,T183R,0,0.3687402232329246
COADREAD_LUAD_PAAD,mutational_signatures,genie,cosmic,T183S,0,12.151612826864245
COADREAD_LUAD_PAAD,mutational_signatures,genie,cosmic,K184E,0,7.73795379241473e-6
COADREAD_LUAD_PAAD,mutational_signatures,genie,cosmic,K184M,0,15.536255523241534
COADREAD_LUAD_PAAD,mutational_signatures,genie,cosmic,K184N,0,1.0059932521444173
COADREAD_LUAD_PAAD,mutational_signatures,genie,cosmic,K184Q,0,0.4956656997847682
COADREAD_LUAD_PAAD,mutational_signatures,genie,cosmic,K184R,0,6.959071171498817e-11
COADREAD_LUAD_PAAD,mutational_signatures,genie,cosmic,K184T,0,21.392534079483024
COADREAD_LUAD_PAAD,mutational_signatures,genie,cosmic,C185F,0,5.334976082308549e-6
COADREAD_LUAD_PAAD,mutational_signatures,genie,cosmic,C185G,0,0.0014241721904096314
COADREAD_LUAD_PAAD,mutational_signatures,genie,cosmic,C185R,0,0.13404016026246351
COADREAD_LUAD_PAAD,mutational_signatures,genie,cosmic,C185S,0,0.3898877150971932
COADREAD_LUAD_PAAD,mutational_signatures,genie,cosmic,C185W,0,0.0028592504190620457
COADREAD_LUAD_PAAD,mutational_signatures,genie,cosmic,C185Y,0,1.1737811876489093
COADREAD_LUAD_PAAD,mutational_signatures,genie,cosmic,V186A,0,0.183667065026667
COADREAD_LUAD_PAAD,mutational_signatures,genie,cosmic,V186E,0,4.217452789712958
COADREAD_LUAD_PAAD,mutational_signatures,genie,cosmic,V186G,0,3.401668043922781
COADREAD_LUAD_PAAD,mutational_signatures,genie,cosmic,V186I,0,0.8455350811145668
COADREAD_LUAD_PAAD,mutational_signatures,genie,cosmic,V186L,0,1.0606584534779779e-7
COADREAD_LUAD_PAAD,mutational_signatures,genie,cosmic,I187F,0,5.587497578068876e-4
COADREAD_LUAD_PAAD,mutational_signatures,genie,cosmic,I187L,0,0.047550363164158886
COADREAD_LUAD_PAAD,mutational_signatures,genie,cosmic,I187M,0,0.0010918560644544838
COADREAD_LUAD_PAAD,mutational_signatures,genie,cosmic,I187N,0,6.446547669496054e-4
COADREAD_LUAD_PAAD,mutational_signatures,genie,cosmic,I187S,0,0.10041235590156784
COADREAD_LUAD_PAAD,mutational_signatures,genie,cosmic,I187T,0,1.7928597827666952
COADREAD_LUAD_PAAD,mutational_signatures,genie,cosmic,I187V,0,1.2398783306334122
COADREAD_LUAD_PAAD,mutational_signatures,genie,cosmic,M188I,0,1.0641336362544212e-8
COADREAD_LUAD_PAAD,mutational_signatures,genie,cosmic,M188K,0,2.68386508432517
COADREAD_LUAD_PAAD,mutational_signatures,genie,cosmic,M188L,0,5.5190886175565867e-08
COADREAD_LUAD_PAAD,mutational_signatures,genie,cosmic,M188R,0,0.4995284748140474
COADREAD_LUAD_PAAD,mutational_signatures,genie,cosmic,M188T,0,0.04415373431515493
COADREAD_LUAD_PAAD,mutational_signatures,genie,cosmic,M188V,0,0.4159681957753301
COADREAD_LUAD_PAAD,combined_model,genie,cosmic,T2A,0,0.10484866888499415
COADREAD_LUAD_PAAD,combined_model,genie,cosmic,T2I,0,0.4760577138393901
COADREAD_LUAD_PAAD,combined_model,genie,cosmic,T2N,0,0.907497804114152
COADREAD_LUAD_PAAD,combined_model,genie,cosmic,T2P,0,1.004005720911344
COADREAD_LUAD_PAAD,combined_model,genie,cosmic,T2S,0,1.3861160116552027
COADREAD_LUAD_PAAD,combined_model,genie,cosmic,E3A,0,0.6536698428551045
COADREAD_LUAD_PAAD,combined_model,genie,cosmic,E3D,0,0.005372767964719668
COADREAD_LUAD_PAAD,combined_model,genie,cosmic,E3G,0,0.6219323786493489
COADREAD_LUAD_PAAD,combined_model,genie,cosmic,E3K,1,0.0020412724552526258
COADREAD_LUAD_PAAD,combined_model,genie,cosmic,E3Q,0,0.03763645156429557
COADREAD_LUAD_PAAD,combined_model,genie,cosmic,E3V,0,2.600320092472763
COADREAD_LUAD_PAAD,combined_model,genie,cosmic,Y4C,0,0.107678170624094
COADREAD_LUAD_PAAD,combined_model,genie,cosmic,Y4D,0,2.297973974648949e-4
COADREAD_LUAD_PAAD,combined_model,genie,cosmic,Y4F,0,0.0031520475521028906
COADREAD_LUAD_PAAD,combined_model,genie,cosmic,Y4H,0,0.1327355698516222
COADREAD_LUAD_PAAD,combined_model,genie,cosmic,Y4N,0,0.00649350282373003
COADREAD_LUAD_PAAD,combined_model,genie,cosmic,Y4S,0,4.665187136329106e-4
COADREAD_LUAD_PAAD,combined_model,genie,cosmic,K5E,1,0.055594631696582866
COADREAD_LUAD_PAAD,combined_model,genie,cosmic,K5I,0,1.0953865825103013
COADREAD_LUAD_PAAD,combined_model,genie,cosmic,K5N,1,0.16802082811262287
COADREAD_LUAD_PAAD,combined_model,genie,cosmic,K5Q,0,1.661837184885552e-7
COADREAD_LUAD_PAAD,combined_model,genie,cosmic,K5R,2,7.025739073552098e-4
COADREAD_LUAD_PAAD,combined_model,genie,cosmic,K5T,0,4.946053422931934e-12
COADREAD_LUAD_PAAD,combined_model,genie,cosmic,L6F,0,2.128413490475266
COADREAD_LUAD_PAAD,combined_model,genie,cosmic,L6H,1,1.048703772152786
COADREAD_LUAD_PAAD,combined_model,genie,cosmic,L6I,0,1.3385887791568332
COADREAD_LUAD_PAAD,combined_model,genie,cosmic,L6P,0,0.08975422577231139
COADREAD_LUAD_PAAD,combined_model,genie,cosmic,L6R,0,0.45857169785335894
COADREAD_LUAD_PAAD,combined_model,genie,cosmic,L6V,0,1.3772321129159026
COADREAD_LUAD_PAAD,combined_model,genie,cosmic,V7A,0,0.01111322369334982
COADREAD_LUAD_PAAD,combined_model,genie,cosmic,V7E,0,0.05754874616487763
COADREAD_LUAD_PAAD,combined_model,genie,cosmic,V7G,0,0.02395013232580625
COADREAD_LUAD_PAAD,combined_model,genie,cosmic,V7L,0,0.41672751755001874
COADREAD_LUAD_PAAD,combined_model,genie,cosmic,V7M,0,0.028157515388931572
COADREAD_LUAD_PAAD,combined_model,genie,cosmic,V8A,0,0.06404801795894559
COADREAD_LUAD_PAAD,combined_model,genie,cosmic,V8E,1,0.1327591963273519
COADREAD_LUAD_PAAD,combined_model,genie,cosmic,V8G,0,0.2288270489677305
COADREAD_LUAD_PAAD,combined_model,genie,cosmic,V8I,1,0.4500845723228095
COADREAD_LUAD_PAAD,combined_model,genie,cosmic,V8L,0,0.6004919731929554
COADREAD_LUAD_PAAD,combined_model,genie,cosmic,V9A,0,0.13260054897424725
COADREAD_LUAD_PAAD,combined_model,genie,cosmic,V9D,0,0.3748804663292344
COADREAD_LUAD_PAAD,combined_model,genie,cosmic,V9F,0,0.7545362295708365
COADREAD_LUAD_PAAD,combined_model,genie,cosmic,V9G,0,0.5005521900529346
COADREAD_LUAD_PAAD,combined_model,genie,cosmic,V9I,0,1.1690236241555476
COADREAD_LUAD_PAAD,combined_model,genie,cosmic,V9L,0,2.959473339258832
COADREAD_LUAD_PAAD,combined_model,genie,cosmic,G10A,0,0.2870415651935518
COADREAD_LUAD_PAAD,combined_model,genie,cosmic,G10E,1,0.16749334058351364
COADREAD_LUAD_PAAD,combined_model,genie,cosmic,G10R,1,0.1130154858525411
COADREAD_LUAD_PAAD,combined_model,genie,cosmic,G10V,1,0.20322735120061028
COADREAD_LUAD_PAAD,combined_model,genie,cosmic,A11D,0,0.007123279758904233
COADREAD_LUAD_PAAD,combined_model,genie,cosmic,A11G,0,0.021466338820357096
COADREAD_LUAD_PAAD,combined_model,genie,cosmic,A11P,1,0.015525367155804413
COADREAD_LUAD_PAAD,combined_model,genie,cosmic,A11S,0,0.005931948005578783
COADREAD_LUAD_PAAD,combined_model,genie,cosmic,A11T,1,0.2130393470152665
COADREAD_LUAD_PAAD,combined_model,genie,cosmic,A11V,1,0.29044754567263903
COADREAD_LUAD_PAAD,combined_model,genie,cosmic,G12A,837,97.80568935816936
COADREAD_LUAD_PAAD,combined_model,genie,cosmic,G12C,3082,2427.311665320676
COADREAD_LUAD_PAAD,combined_model,genie,cosmic,G12D,5534,4076.679492538048
COADREAD_LUAD_PAAD,combined_model,genie,cosmic,G12R,957,50.55117573168376
COADREAD_LUAD_PAAD,combined_model,genie,cosmic,G12S,500,213.96034057441108
COADREAD_LUAD_PAAD,combined_model,genie,cosmic,G12V,4305,3099.7653472250313
COADREAD_LUAD_PAAD,combined_model,genie,cosmic,G13A,7,0.03776483774438589
COADREAD_LUAD_PAAD,combined_model,genie,cosmic,G13C,238,261.8254003226133
COADREAD_LUAD_PAAD,combined_model,genie,cosmic,G13D,973,1098.4326902696482
COADREAD_LUAD_PAAD,combined_model,genie,cosmic,G13R,20,885.36435484450794
COADREAD_LUAD_PAAD,combined_model,genie,cosmic,G13S,12,1.440535170090997
COADREAD_LUAD_PAAD,combined_model,genie,cosmic,G13V,14,150.68889841826055
COADREAD_LUAD_PAAD,combined_model,genie,cosmic,V14A,2,0.019292648420189816
COADREAD_LUAD_PAAD,combined_model,genie,cosmic,V14E,0,0.15820246351939704
COADREAD_LUAD_PAAD,combined_model,genie,cosmic,V14G,2,0.2871128672501339
COADREAD_LUAD_PAAD,combined_model,genie,cosmic,V14I,4,3.952549668836015
COADREAD_LUAD_PAAD,combined_model,genie,cosmic,V14L,0,3.5754446709497203
COADREAD_LUAD_PAAD,combined_model,genie,cosmic,G15A,0,0.04760020685460036
COADREAD_LUAD_PAAD,combined_model,genie,cosmic,G15C,0,4.177654781813172e-5
COADREAD_LUAD_PAAD,combined_model,genie,cosmic,G15D,0,0.4006648252719356
COADREAD_LUAD_PAAD,combined_model,genie,cosmic,G15R,0,0.1977607062587717
COADREAD_LUAD_PAAD,combined_model,genie,cosmic,G15S,0,0.03779899771576335
COADREAD_LUAD_PAAD,combined_model,genie,cosmic,G15V,0,0.008980476195651722
COADREAD_LUAD_PAAD,combined_model,genie,cosmic,K16E,0,0.009331105086211232
COADREAD_LUAD_PAAD,combined_model,genie,cosmic,K16M,0,0.6709569566899359
COADREAD_LUAD_PAAD,combined_model,genie,cosmic,K16N,0,3.526258554627867e-4
COADREAD_LUAD_PAAD,combined_model,genie,cosmic,K16Q,0,0.10547859445445285
COADREAD_LUAD_PAAD,combined_model,genie,cosmic,K16R,0,0.01525991193145344
COADREAD_LUAD_PAAD,combined_model,genie,cosmic,K16T,0,5.238480617820407
COADREAD_LUAD_PAAD,combined_model,genie,cosmic,S17C,0,0.01811222400393261
COADREAD_LUAD_PAAD,combined_model,genie,cosmic,S17G,1,0.002605814825402076
COADREAD_LUAD_PAAD,combined_model,genie,cosmic,S17I,0,0.25036424251408157
COADREAD_LUAD_PAAD,combined_model,genie,cosmic,S17N,0,0.16897271631021257
COADREAD_LUAD_PAAD,combined_model,genie,cosmic,S17R,0,2.4856267791284887e-4
COADREAD_LUAD_PAAD,combined_model,genie,cosmic,S17T,0,0.1777485365558731
COADREAD_LUAD_PAAD,combined_model,genie,cosmic,A18D,1,0.4187667828795518
COADREAD_LUAD_PAAD,combined_model,genie,cosmic,A18G,0,0.2812847203568556
COADREAD_LUAD_PAAD,combined_model,genie,cosmic,A18P,0,0.05079544682279395
COADREAD_LUAD_PAAD,combined_model,genie,cosmic,A18S,0,1.0857691262181616e-4
COADREAD_LUAD_PAAD,combined_model,genie,cosmic,A18T,1,0.1909281633214233
COADREAD_LUAD_PAAD,combined_model,genie,cosmic,A18V,1,4.505056027447215
COADREAD_LUAD_PAAD,combined_model,genie,cosmic,L19F,12,0.21451576296325797
COADREAD_LUAD_PAAD,combined_model,genie,cosmic,L19M,0,0.7481346017952815
COADREAD_LUAD_PAAD,combined_model,genie,cosmic,L19S,0,0.009447271691660717
COADREAD_LUAD_PAAD,combined_model,genie,cosmic,L19V,0,0.35379054935876775
COADREAD_LUAD_PAAD,combined_model,genie,cosmic,L19W,0,0.273062034588428
COADREAD_LUAD_PAAD,combined_model,genie,cosmic,T20A,0,0.22788965083734172
COADREAD_LUAD_PAAD,combined_model,genie,cosmic,T20K,0,0.08247305306022232
COADREAD_LUAD_PAAD,combined_model,genie,cosmic,T20M,1,2.0987598840609096
COADREAD_LUAD_PAAD,combined_model,genie,cosmic,T20P,0,0.12292188892139004
COADREAD_LUAD_PAAD,combined_model,genie,cosmic,T20R,0,0.086102464253274
COADREAD_LUAD_PAAD,combined_model,genie,cosmic,T20S,0,0.37312773925254206
COADREAD_LUAD_PAAD,combined_model,genie,cosmic,I21K,0,0.0013101639338428711
COADREAD_LUAD_PAAD,combined_model,genie,cosmic,I21L,0,0.2687826740254737
COADREAD_LUAD_PAAD,combined_model,genie,cosmic,I21M,0,0.01902321655238124
COADREAD_LUAD_PAAD,combined_model,genie,cosmic,I21R,0,5.759963439723836e-4
COADREAD_LUAD_PAAD,combined_model,genie,cosmic,I21T,0,0.10920753426754742
COADREAD_LUAD_PAAD,combined_model,genie,cosmic,I21V,0,0.4448313803311803
COADREAD_LUAD_PAAD,combined_model,genie,cosmic,Q22E,0,12.819361500364533
COADREAD_LUAD_PAAD,combined_model,genie,cosmic,Q22H,1,3.275001790673581e-4
COADREAD_LUAD_PAAD,combined_model,genie,cosmic,Q22K,4,1.726277402389396
COADREAD_LUAD_PAAD,combined_model,genie,cosmic,Q22L,1,0.023432561993156645
COADREAD_LUAD_PAAD,combined_model,genie,cosmic,Q22P,0,0.003935023062868315
COADREAD_LUAD_PAAD,combined_model,genie,cosmic,Q22R,1,0.0011511289387295108
COADREAD_LUAD_PAAD,combined_model,genie,cosmic,L23I,0,0.004096987177605571
COADREAD_LUAD_PAAD,combined_model,genie,cosmic,L23P,0,0.5523549175289485
COADREAD_LUAD_PAAD,combined_model,genie,cosmic,L23Q,0,0.04960706671373459
COADREAD_LUAD_PAAD,combined_model,genie,cosmic,L23R,0,0.04163298435379944
COADREAD_LUAD_PAAD,combined_model,genie,cosmic,L23V,0,0.022868952996625065
COADREAD_LUAD_PAAD,combined_model,genie,cosmic,I24F,0,0.02443603825143998
COADREAD_LUAD_PAAD,combined_model,genie,cosmic,I24L,0,0.18877905184856467
COADREAD_LUAD_PAAD,combined_model,genie,cosmic,I24M,0,0.7440019312098666
COADREAD_LUAD_PAAD,combined_model,genie,cosmic,I24N,0,0.05032346766169529
COADREAD_LUAD_PAAD,combined_model,genie,cosmic,I24S,0,0.1786700607467741
COADREAD_LUAD_PAAD,combined_model,genie,cosmic,I24T,0,0.013558313734269975
COADREAD_LUAD_PAAD,combined_model,genie,cosmic,I24V,0,0.00952319561302256
COADREAD_LUAD_PAAD,combined_model,genie,cosmic,Q25E,0,0.01723670450605388
COADREAD_LUAD_PAAD,combined_model,genie,cosmic,Q25H,0,0.0013950598357418548
COADREAD_LUAD_PAAD,combined_model,genie,cosmic,Q25K,0,0.03567186252181843
COADREAD_LUAD_PAAD,combined_model,genie,cosmic,Q25L,0,0.004743477224703952
COADREAD_LUAD_PAAD,combined_model,genie,cosmic,Q25P,0,0.001421207254301603
COADREAD_LUAD_PAAD,combined_model,genie,cosmic,Q25R,0,0.0010782810916787407
COADREAD_LUAD_PAAD,combined_model,genie,cosmic,N26D,0,0.30554938149972083
COADREAD_LUAD_PAAD,combined_model,genie,cosmic,N26H,0,1.437251312406112
COADREAD_LUAD_PAAD,combined_model,genie,cosmic,N26I,0,0.012339775419411224
COADREAD_LUAD_PAAD,combined_model,genie,cosmic,N26K,0,0.315928332863441
COADREAD_LUAD_PAAD,combined_model,genie,cosmic,N26S,0,0.01300867508209977
COADREAD_LUAD_PAAD,combined_model,genie,cosmic,N26T,0,0.2711350202611281
COADREAD_LUAD_PAAD,combined_model,genie,cosmic,N26Y,0,5.299836270846062
COADREAD_LUAD_PAAD,combined_model,genie,cosmic,H27D,0,0.006828105353776694
COADREAD_LUAD_PAAD,combined_model,genie,cosmic,H27L,0,0.1776381091778982
COADREAD_LUAD_PAAD,combined_model,genie,cosmic,H27N,0,0.07948171414994201
COADREAD_LUAD_PAAD,combined_model,genie,cosmic,H27P,0,0.22174495322233312
COADREAD_LUAD_PAAD,combined_model,genie,cosmic,H27Q,0,0.0035249417994805132
COADREAD_LUAD_PAAD,combined_model,genie,cosmic,H27R,0,0.003730319392974664
COADREAD_LUAD_PAAD,combined_model,genie,cosmic,H27Y,0,0.0033641293339491
COADREAD_LUAD_PAAD,combined_model,genie,cosmic,F28C,0,1.2587726293088528e-11
COADREAD_LUAD_PAAD,combined_model,genie,cosmic,F28I,0,4.733565191461997
COADREAD_LUAD_PAAD,combined_model,genie,cosmic,F28L,1,1.4370060210429716e-6
COADREAD_LUAD_PAAD,combined_model,genie,cosmic,F28S,0,1.480444479452538e-4
COADREAD_LUAD_PAAD,combined_model,genie,cosmic,F28V,0,7.1598371880059545e-12
COADREAD_LUAD_PAAD,combined_model,genie,cosmic,F28Y,0,1.0276957856049167
COADREAD_LUAD_PAAD,combined_model,genie,cosmic,V29A,0,0.007187356878718621
COADREAD_LUAD_PAAD,combined_model,genie,cosmic,V29E,0,0.18254809455450416
COADREAD_LUAD_PAAD,combined_model,genie,cosmic,V29G,0,0.04963587954097275
COADREAD_LUAD_PAAD,combined_model,genie,cosmic,V29L,0,0.8435365388149145
COADREAD_LUAD_PAAD,combined_model,genie,cosmic,V29M,0,0.050859595401805055
COADREAD_LUAD_PAAD,combined_model,genie,cosmic,D30A,0,0.29476203284431296
COADREAD_LUAD_PAAD,combined_model,genie,cosmic,D30E,0,0.8258282316427379
COADREAD_LUAD_PAAD,combined_model,genie,cosmic,D30G,0,0.1801942638979684
COADREAD_LUAD_PAAD,combined_model,genie,cosmic,D30H,0,0.5163555231202984
COADREAD_LUAD_PAAD,combined_model,genie,cosmic,D30N,0,0.6622025375264269
COADREAD_LUAD_PAAD,combined_model,genie,cosmic,D30V,0,0.23078138662257372
COADREAD_LUAD_PAAD,combined_model,genie,cosmic,D30Y,0,1.6469604516977112
COADREAD_LUAD_PAAD,combined_model,genie,cosmic,E31A,0,0.8824314484429637
COADREAD_LUAD_PAAD,combined_model,genie,cosmic,E31D,0,0.001893695390853561
COADREAD_LUAD_PAAD,combined_model,genie,cosmic,E31G,0,0.07348014008556347
COADREAD_LUAD_PAAD,combined_model,genie,cosmic,E31K,2,1.0446552857153242
COADREAD_LUAD_PAAD,combined_model,genie,cosmic,E31Q,0,0.4632976547434574
COADREAD_LUAD_PAAD,combined_model,genie,cosmic,E31V,0,1.4312302313635554
COADREAD_LUAD_PAAD,combined_model,genie,cosmic,Y32C,0,0.05895629655070053
COADREAD_LUAD_PAAD,combined_model,genie,cosmic,Y32D,0,6.695183819486541e-5
COADREAD_LUAD_PAAD,combined_model,genie,cosmic,Y32F,0,0.001588562606299989
COADREAD_LUAD_PAAD,combined_model,genie,cosmic,Y32H,0,0.05415795989660638
COADREAD_LUAD_PAAD,combined_model,genie,cosmic,Y32N,0,0.004090195766054092
COADREAD_LUAD_PAAD,combined_model,genie,cosmic,Y32S,0,5.567889314533671e-5
COADREAD_LUAD_PAAD,combined_model,genie,cosmic,D33A,0,0.9466381860050006
COADREAD_LUAD_PAAD,combined_model,genie,cosmic,D33E,3,2.232832830917299
COADREAD_LUAD_PAAD,combined_model,genie,cosmic,D33G,0,0.19920896131438243
COADREAD_LUAD_PAAD,combined_model,genie,cosmic,D33H,0,0.009642301265540406
COADREAD_LUAD_PAAD,combined_model,genie,cosmic,D33N,0,5.69721845368231e-4
COADREAD_LUAD_PAAD,combined_model,genie,cosmic,D33V,0,0.1925280880561159
COADREAD_LUAD_PAAD,combined_model,genie,cosmic,D33Y,0,0.02397145143829676
COADREAD_LUAD_PAAD,combined_model,genie,cosmic,P34A,0,0.1911656052908138
COADREAD_LUAD_PAAD,combined_model,genie,cosmic,P34L,1,8.291094935628916
COADREAD_LUAD_PAAD,combined_model,genie,cosmic,P34Q,0,2.3541381153097367
COADREAD_LUAD_PAAD,combined_model,genie,cosmic,P34R,0,0.3462067554334028
COADREAD_LUAD_PAAD,combined_model,genie,cosmic,P34S,1,0.8594683382466177
COADREAD_LUAD_PAAD,combined_model,genie,cosmic,P34T,0,1.226976613250169
COADREAD_LUAD_PAAD,combined_model,genie,cosmic,T35A,0,0.16955748637345014
COADREAD_LUAD_PAAD,combined_model,genie,cosmic,T35I,0,0.028717800316251815
COADREAD_LUAD_PAAD,combined_model,genie,cosmic,T35K,0,0.412788462932695
COADREAD_LUAD_PAAD,combined_model,genie,cosmic,T35P,0,0.3620613687339544
COADREAD_LUAD_PAAD,combined_model,genie,cosmic,T35R,0,0.5982052944490498
COADREAD_LUAD_PAAD,combined_model,genie,cosmic,T35S,0,0.2761697838949757
COADREAD_LUAD_PAAD,combined_model,genie,cosmic,I36K,0,0.0016543935524692163
COADREAD_LUAD_PAAD,combined_model,genie,cosmic,I36L,0,0.001371429846336733
COADREAD_LUAD_PAAD,combined_model,genie,cosmic,I36M,0,0.9944252963603282
COADREAD_LUAD_PAAD,combined_model,genie,cosmic,I36R,0,1.1124596363270386e-4
COADREAD_LUAD_PAAD,combined_model,genie,cosmic,I36T,0,0.10325947923393192
COADREAD_LUAD_PAAD,combined_model,genie,cosmic,I36V,0,0.010769529900023273
COADREAD_LUAD_PAAD,combined_model,genie,cosmic,E37A,0,0.05493700713145443
COADREAD_LUAD_PAAD,combined_model,genie,cosmic,E37D,0,5.809234324878494e-4
COADREAD_LUAD_PAAD,combined_model,genie,cosmic,E37G,0,0.010305345928105517
COADREAD_LUAD_PAAD,combined_model,genie,cosmic,E37K,0,0.009846315542698264
COADREAD_LUAD_PAAD,combined_model,genie,cosmic,E37Q,0,0.042494544515898944
COADREAD_LUAD_PAAD,combined_model,genie,cosmic,E37V,0,0.038877632476734945
COADREAD_LUAD_PAAD,combined_model,genie,cosmic,D38A,0,0.23537240196754344
COADREAD_LUAD_PAAD,combined_model,genie,cosmic,D38E,0,0.0029314940130365248
COADREAD_LUAD_PAAD,combined_model,genie,cosmic,D38G,0,0.12167014645850868
COADREAD_LUAD_PAAD,combined_model,genie,cosmic,D38H,0,0.07305247157553696
COADREAD_LUAD_PAAD,combined_model,genie,cosmic,D38N,0,0.30226630883441064
COADREAD_LUAD_PAAD,combined_model,genie,cosmic,D38V,0,0.036628461534419454
COADREAD_LUAD_PAAD,combined_model,genie,cosmic,D38Y,0,0.5260813828585825
COADREAD_LUAD_PAAD,combined_model,genie,cosmic,S39A,0,0.18842363165825843
COADREAD_LUAD_PAAD,combined_model,genie,cosmic,S39C,0,3.586308201638193
COADREAD_LUAD_PAAD,combined_model,genie,cosmic,S39F,0,0.24859344322400592
COADREAD_LUAD_PAAD,combined_model,genie,cosmic,S39P,0,0.3353156000530632
COADREAD_LUAD_PAAD,combined_model,genie,cosmic,S39T,0,1.799438723535951
COADREAD_LUAD_PAAD,combined_model,genie,cosmic,S39Y,0,0.8299750738090217
COADREAD_LUAD_PAAD,combined_model,genie,cosmic,Y40C,0,0.01697857946625874
COADREAD_LUAD_PAAD,combined_model,genie,cosmic,Y40D,0,2.7063101255563797e-4
COADREAD_LUAD_PAAD,combined_model,genie,cosmic,Y40F,0,0.05730771165329256
COADREAD_LUAD_PAAD,combined_model,genie,cosmic,Y40H,0,0.33675209915830995
COADREAD_LUAD_PAAD,combined_model,genie,cosmic,Y40N,0,0.007512919932682861
COADREAD_LUAD_PAAD,combined_model,genie,cosmic,Y40S,0,0.06913663120980161
COADREAD_LUAD_PAAD,combined_model,genie,cosmic,R41G,0,0.001059051196002167
COADREAD_LUAD_PAAD,combined_model,genie,cosmic,R41K,0,0.1903483414168232
COADREAD_LUAD_PAAD,combined_model,genie,cosmic,R41M,0,4.041160214562428e-4
COADREAD_LUAD_PAAD,combined_model,genie,cosmic,R41S,0,0.6082306022394479
COADREAD_LUAD_PAAD,combined_model,genie,cosmic,R41T,0,0.16766759335813147
COADREAD_LUAD_PAAD,combined_model,genie,cosmic,R41W,0,0.005352010081792496
COADREAD_LUAD_PAAD,combined_model,genie,cosmic,K42E,0,0.1357670996594612
COADREAD_LUAD_PAAD,combined_model,genie,cosmic,K42M,0,0.9293214499195882
COADREAD_LUAD_PAAD,combined_model,genie,cosmic,K42N,0,1.3940240789764787e-4
COADREAD_LUAD_PAAD,combined_model,genie,cosmic,K42Q,0,1.05440659958866
COADREAD_LUAD_PAAD,combined_model,genie,cosmic,K42R,0,0.023903141126056265
COADREAD_LUAD_PAAD,combined_model,genie,cosmic,K42T,0,0.4952706126797022
COADREAD_LUAD_PAAD,combined_model,genie,cosmic,Q43E,0,0.06322068243649547
COADREAD_LUAD_PAAD,combined_model,genie,cosmic,Q43H,0,2.297675016250587
COADREAD_LUAD_PAAD,combined_model,genie,cosmic,Q43K,0,6.367516966792713e-4
COADREAD_LUAD_PAAD,combined_model,genie,cosmic,Q43L,0,0.0092166712617539
COADREAD_LUAD_PAAD,combined_model,genie,cosmic,Q43P,0,0.38083920768652696
COADREAD_LUAD_PAAD,combined_model,genie,cosmic,Q43R,0,0.01336107291090603
COADREAD_LUAD_PAAD,combined_model,genie,cosmic,V44A,0,0.05631501843861681
COADREAD_LUAD_PAAD,combined_model,genie,cosmic,V44E,1,0.030208533800960585
COADREAD_LUAD_PAAD,combined_model,genie,cosmic,V44G,0,0.12178382949056532
COADREAD_LUAD_PAAD,combined_model,genie,cosmic,V44I,0,0.8357127080041693
COADREAD_LUAD_PAAD,combined_model,genie,cosmic,V44L,0,7.081837101704396
COADREAD_LUAD_PAAD,combined_model,genie,cosmic,V45A,0,0.030088971794001895
COADREAD_LUAD_PAAD,combined_model,genie,cosmic,V45E,0,0.03909865784256512
COADREAD_LUAD_PAAD,combined_model,genie,cosmic,V45G,0,0.1177091314759823
COADREAD_LUAD_PAAD,combined_model,genie,cosmic,V45I,0,0.46511220513865786
COADREAD_LUAD_PAAD,combined_model,genie,cosmic,V45L,0,1.4378977726539188
COADREAD_LUAD_PAAD,combined_model,genie,cosmic,I46F,0,0.012646516860586416
COADREAD_LUAD_PAAD,combined_model,genie,cosmic,I46L,0,0.1585923900245998
COADREAD_LUAD_PAAD,combined_model,genie,cosmic,I46M,0,0.6858532584368432
COADREAD_LUAD_PAAD,combined_model,genie,cosmic,I46N,0,0.009037068524680676
COADREAD_LUAD_PAAD,combined_model,genie,cosmic,I46S,0,0.11821287676606015
COADREAD_LUAD_PAAD,combined_model,genie,cosmic,I46T,0,0.04534468512578922
COADREAD_LUAD_PAAD,combined_model,genie,cosmic,I46V,0,0.010493613931745598
COADREAD_LUAD_PAAD,combined_model,genie,cosmic,D47A,0,1.0981168070636278
COADREAD_LUAD_PAAD,combined_model,genie,cosmic,D47E,0,0.25527901941055114
COADREAD_LUAD_PAAD,combined_model,genie,cosmic,D47G,0,0.922083264923424
COADREAD_LUAD_PAAD,combined_model,genie,cosmic,D47H,0,0.023462855190153738
COADREAD_LUAD_PAAD,combined_model,genie,cosmic,D47N,0,0.0012542306327232111
COADREAD_LUAD_PAAD,combined_model,genie,cosmic,D47V,0,0.8463898522903021
COADREAD_LUAD_PAAD,combined_model,genie,cosmic,D47Y,0,0.09465157153377118
COADREAD_LUAD_PAAD,combined_model,genie,cosmic,G48A,1,0.13802468927805325
COADREAD_LUAD_PAAD,combined_model,genie,cosmic,G48E,0,0.49078048006298897
COADREAD_LUAD_PAAD,combined_model,genie,cosmic,G48R,0,0.19383382229302124
COADREAD_LUAD_PAAD,combined_model,genie,cosmic,G48V,0,0.8011006022288998
COADREAD_LUAD_PAAD,combined_model,genie,cosmic,E49A,0,1.0884010279072402
COADREAD_LUAD_PAAD,combined_model,genie,cosmic,E49D,0,1.3695564401607007e-11
COADREAD_LUAD_PAAD,combined_model,genie,cosmic,E49G,0,0.0921647146461955
COADREAD_LUAD_PAAD,combined_model,genie,cosmic,E49K,2,0.02411754655146168
COADREAD_LUAD_PAAD,combined_model,genie,cosmic,E49Q,0,0.034472754771275704
COADREAD_LUAD_PAAD,combined_model,genie,cosmic,E49V,0,4.838190259236924
COADREAD_LUAD_PAAD,combined_model,genie,cosmic,T50A,0,0.1248063072632137
COADREAD_LUAD_PAAD,combined_model,genie,cosmic,T50I,1,0.250578264821708
COADREAD_LUAD_PAAD,combined_model,genie,cosmic,T50N,0,0.25025618346718714
COADREAD_LUAD_PAAD,combined_model,genie,cosmic,T50P,0,0.41656058134130974
COADREAD_LUAD_PAAD,combined_model,genie,cosmic,T50S,0,0.1578572700083158
COADREAD_LUAD_PAAD,combined_model,genie,cosmic,C51F,0,0.07497691247893139
COADREAD_LUAD_PAAD,combined_model,genie,cosmic,C51G,0,0.015353335821350155
COADREAD_LUAD_PAAD,combined_model,genie,cosmic,C51R,2,9.731360747262212e-4
COADREAD_LUAD_PAAD,combined_model,genie,cosmic,C51S,0,0.0222565283771565
COADREAD_LUAD_PAAD,combined_model,genie,cosmic,C51W,0,1.0125611783201258
COADREAD_LUAD_PAAD,combined_model,genie,cosmic,C51Y,0,0.03208781869861774
COADREAD_LUAD_PAAD,combined_model,genie,cosmic,L52F,0,0.001334287979912927
COADREAD_LUAD_PAAD,combined_model,genie,cosmic,L52H,0,0.1023054763317495
COADREAD_LUAD_PAAD,combined_model,genie,cosmic,L52I,0,0.07868937576181328
COADREAD_LUAD_PAAD,combined_model,genie,cosmic,L52P,0,0.01349862704656798
COADREAD_LUAD_PAAD,combined_model,genie,cosmic,L52R,0,0.06165318786705468
COADREAD_LUAD_PAAD,combined_model,genie,cosmic,L52V,0,0.00899626540110631
COADREAD_LUAD_PAAD,combined_model,genie,cosmic,L53F,0,0.06768801942180687
COADREAD_LUAD_PAAD,combined_model,genie,cosmic,L53M,0,2.1484041199020307
COADREAD_LUAD_PAAD,combined_model,genie,cosmic,L53S,0,0.0407027179003365
COADREAD_LUAD_PAAD,combined_model,genie,cosmic,L53V,0,1.592076173846652
COADREAD_LUAD_PAAD,combined_model,genie,cosmic,L53W,0,0.958182322874517
COADREAD_LUAD_PAAD,combined_model,genie,cosmic,D54A,0,0.3371402053646097
COADREAD_LUAD_PAAD,combined_model,genie,cosmic,D54E,0,1.8895520169407312e-6
COADREAD_LUAD_PAAD,combined_model,genie,cosmic,D54G,0,0.1947361927811095
COADREAD_LUAD_PAAD,combined_model,genie,cosmic,D54H,0,0.1307375999772881
COADREAD_LUAD_PAAD,combined_model,genie,cosmic,D54N,0,0.8191855226316056
COADREAD_LUAD_PAAD,combined_model,genie,cosmic,D54V,0,0.3719252877488455
COADREAD_LUAD_PAAD,combined_model,genie,cosmic,D54Y,0,1.2877067121959769
COADREAD_LUAD_PAAD,combined_model,genie,cosmic,I55F,0,0.012024611665855748
COADREAD_LUAD_PAAD,combined_model,genie,cosmic,I55L,0,1.3428563969551796e-4
COADREAD_LUAD_PAAD,combined_model,genie,cosmic,I55M,0,0.8584073766338002
COADREAD_LUAD_PAAD,combined_model,genie,cosmic,I55N,0,0.0311621526643757
COADREAD_LUAD_PAAD,combined_model,genie,cosmic,I55S,0,0.3943839245659472
COADREAD_LUAD_PAAD,combined_model,genie,cosmic,I55T,0,0.014231312866739022
COADREAD_LUAD_PAAD,combined_model,genie,cosmic,I55V,0,0.08294144427370377
COADREAD_LUAD_PAAD,combined_model,genie,cosmic,L56F,0,0.010001601123159462
COADREAD_LUAD_PAAD,combined_model,genie,cosmic,L56H,0,0.06812336345672011
COADREAD_LUAD_PAAD,combined_model,genie,cosmic,L56I,0,0.08278441602187782
COADREAD_LUAD_PAAD,combined_model,genie,cosmic,L56P,0,0.0019912132363509097
COADREAD_LUAD_PAAD,combined_model,genie,cosmic,L56R,0,0.06784675084907472
COADREAD_LUAD_PAAD,combined_model,genie,cosmic,L56V,0,0.13871572005325264
COADREAD_LUAD_PAAD,combined_model,genie,cosmic,D57A,0,0.22258308705380625
COADREAD_LUAD_PAAD,combined_model,genie,cosmic,D57E,0,0.263031899725615
COADREAD_LUAD_PAAD,combined_model,genie,cosmic,D57G,0,0.22863349690900145
COADREAD_LUAD_PAAD,combined_model,genie,cosmic,D57H,0,0.10079780299981084
COADREAD_LUAD_PAAD,combined_model,genie,cosmic,D57N,4,0.3656072287084307
COADREAD_LUAD_PAAD,combined_model,genie,cosmic,D57V,0,0.15707170375278512
COADREAD_LUAD_PAAD,combined_model,genie,cosmic,D57Y,0,0.11129861446736092
COADREAD_LUAD_PAAD,combined_model,genie,cosmic,T58A,0,0.02256995230419255
COADREAD_LUAD_PAAD,combined_model,genie,cosmic,T58I,1,0.1149743644303678
COADREAD_LUAD_PAAD,combined_model,genie,cosmic,T58K,0,0.6733804275219059
COADREAD_LUAD_PAAD,combined_model,genie,cosmic,T58P,0,0.022719207841478316
COADREAD_LUAD_PAAD,combined_model,genie,cosmic,T58R,0,8.911427236209208
COADREAD_LUAD_PAAD,combined_model,genie,cosmic,T58S,0,0.4835101522510824
COADREAD_LUAD_PAAD,combined_model,genie,cosmic,A59E,2,0.001566395320878579
COADREAD_LUAD_PAAD,combined_model,genie,cosmic,A59G,1,0.13059033503010947
COADREAD_LUAD_PAAD,combined_model,genie,cosmic,A59P,0,0.030916381439023685
COADREAD_LUAD_PAAD,combined_model,genie,cosmic,A59S,0,0.014236719752535426
COADREAD_LUAD_PAAD,combined_model,genie,cosmic,A59T,7,1.2466769409789973
COADREAD_LUAD_PAAD,combined_model,genie,cosmic,A59V,0,1.992338618649146
COADREAD_LUAD_PAAD,combined_model,genie,cosmic,G60A,0,0.7248606456048597
COADREAD_LUAD_PAAD,combined_model,genie,cosmic,G60C,0,2.0461624907843064e-4
COADREAD_LUAD_PAAD,combined_model,genie,cosmic,G60D,0,0.5773936978668242
COADREAD_LUAD_PAAD,combined_model,genie,cosmic,G60R,0,0.31024392940987605
COADREAD_LUAD_PAAD,combined_model,genie,cosmic,G60S,0,1.9157278397058883
COADREAD_LUAD_PAAD,combined_model,genie,cosmic,G60V,0,0.3536523781449098
COADREAD_LUAD_PAAD,combined_model,genie,cosmic,Q61E,4,0.05605612575562468
COADREAD_LUAD_PAAD,combined_model,genie,cosmic,Q61H,194,427.1219931596301
COADREAD_LUAD_PAAD,combined_model,genie,cosmic,Q61K,31,83.560890833163
COADREAD_LUAD_PAAD,combined_model,genie,cosmic,Q61L,40,69.80871254477644
COADREAD_LUAD_PAAD,combined_model,genie,cosmic,Q61P,4,3.440040045250007
COADREAD_LUAD_PAAD,combined_model,genie,cosmic,Q61R,45,85.72816740975455
COADREAD_LUAD_PAAD,combined_model,genie,cosmic,E62A,0,0.099374707198196
COADREAD_LUAD_PAAD,combined_model,genie,cosmic,E62D,1,4.7148486771944384e-5
COADREAD_LUAD_PAAD,combined_model,genie,cosmic,E62G,0,0.061555020064844944
COADREAD_LUAD_PAAD,combined_model,genie,cosmic,E62K,0,0.14119416042376048
COADREAD_LUAD_PAAD,combined_model,genie,cosmic,E62Q,1,0.031905808411863655
COADREAD_LUAD_PAAD,combined_model,genie,cosmic,E62V,0,0.07687849764119956
COADREAD_LUAD_PAAD,combined_model,genie,cosmic,E63A,0,0.06257158413121791
COADREAD_LUAD_PAAD,combined_model,genie,cosmic,E63D,0,3.7160446346058498
COADREAD_LUAD_PAAD,combined_model,genie,cosmic,E63G,0,0.019662231726809035
COADREAD_LUAD_PAAD,combined_model,genie,cosmic,E63K,1,1.9360134686046464
COADREAD_LUAD_PAAD,combined_model,genie,cosmic,E63Q,0,0.39668607667195666
COADREAD_LUAD_PAAD,combined_model,genie,cosmic,E63V,0,0.07153906490184052
COADREAD_LUAD_PAAD,combined_model,genie,cosmic,Y64C,0,0.05501059344469028
COADREAD_LUAD_PAAD,combined_model,genie,cosmic,Y64D,1,0.21981233059584765
COADREAD_LUAD_PAAD,combined_model,genie,cosmic,Y64F,0,0.05143881384450035
COADREAD_LUAD_PAAD,combined_model,genie,cosmic,Y64H,1,0.05276808740452137
COADREAD_LUAD_PAAD,combined_model,genie,cosmic,Y64N,0,0.08859852089562355
COADREAD_LUAD_PAAD,combined_model,genie,cosmic,Y64S,0,0.1479624202324051
COADREAD_LUAD_PAAD,combined_model,genie,cosmic,S65C,0,0.02370993306356124
COADREAD_LUAD_PAAD,combined_model,genie,cosmic,S65G,0,0.0011223283063581068
COADREAD_LUAD_PAAD,combined_model,genie,cosmic,S65I,0,2.127611182835312
COADREAD_LUAD_PAAD,combined_model,genie,cosmic,S65N,1,0.9978013458518412
COADREAD_LUAD_PAAD,combined_model,genie,cosmic,S65R,0,5.216603049209435e-5
COADREAD_LUAD_PAAD,combined_model,genie,cosmic,S65T,0,1.3303418529135245
COADREAD_LUAD_PAAD,combined_model,genie,cosmic,A66E,0,5.303978428814265e-4
COADREAD_LUAD_PAAD,combined_model,genie,cosmic,A66G,0,0.05892027450556705
COADREAD_LUAD_PAAD,combined_model,genie,cosmic,A66P,0,0.04477368866565437
COADREAD_LUAD_PAAD,combined_model,genie,cosmic,A66S,0,8.765498151503184e-4
COADREAD_LUAD_PAAD,combined_model,genie,cosmic,A66T,0,0.19761708628816235
COADREAD_LUAD_PAAD,combined_model,genie,cosmic,A66V,0,0.1486620960956848
COADREAD_LUAD_PAAD,combined_model,genie,cosmic,M67I,0,1.645543044425477e-5
COADREAD_LUAD_PAAD,combined_model,genie,cosmic,M67K,0,0.04417497326220879
COADREAD_LUAD_PAAD,combined_model,genie,cosmic,M67L,1,0.0027333391566190914
COADREAD_LUAD_PAAD,combined_model,genie,cosmic,M67R,0,0.75953873421411
COADREAD_LUAD_PAAD,combined_model,genie,cosmic,M67T,0,0.006822885082968843
COADREAD_LUAD_PAAD,combined_model,genie,cosmic,M67V,0,0.031867274667808844
COADREAD_LUAD_PAAD,combined_model,genie,cosmic,R68G,0,0.012080754349344984
COADREAD_LUAD_PAAD,combined_model,genie,cosmic,R68K,0,0.1647541948841342
COADREAD_LUAD_PAAD,combined_model,genie,cosmic,R68M,0,5.708091966779163e-4
COADREAD_LUAD_PAAD,combined_model,genie,cosmic,R68S,4,0.005924980129999074
COADREAD_LUAD_PAAD,combined_model,genie,cosmic,R68T,0,0.06869398739481616
COADREAD_LUAD_PAAD,combined_model,genie,cosmic,R68W,0,0.14745582203091348
COADREAD_LUAD_PAAD,combined_model,genie,cosmic,D69A,0,0.3324866112083936
COADREAD_LUAD_PAAD,combined_model,genie,cosmic,D69E,0,0.28785562220719635
COADREAD_LUAD_PAAD,combined_model,genie,cosmic,D69G,0,0.2822885166559411
COADREAD_LUAD_PAAD,combined_model,genie,cosmic,D69H,0,0.09362268676487924
COADREAD_LUAD_PAAD,combined_model,genie,cosmic,D69N,0,1.3710471639514814
COADREAD_LUAD_PAAD,combined_model,genie,cosmic,D69V,0,0.3798938978379179
COADREAD_LUAD_PAAD,combined_model,genie,cosmic,D69Y,0,0.6176227416058746
COADREAD_LUAD_PAAD,combined_model,genie,cosmic,Q70E,0,0.0825673854020545
COADREAD_LUAD_PAAD,combined_model,genie,cosmic,Q70H,0,5.9596393407325055
COADREAD_LUAD_PAAD,combined_model,genie,cosmic,Q70K,0,0.7358433428950923
COADREAD_LUAD_PAAD,combined_model,genie,cosmic,Q70L,0,0.009228695407732817
COADREAD_LUAD_PAAD,combined_model,genie,cosmic,Q70P,1,0.0045668797085241615
COADREAD_LUAD_PAAD,combined_model,genie,cosmic,Q70R,0,0.005154546995826901
COADREAD_LUAD_PAAD,combined_model,genie,cosmic,Y71C,1,0.062217074313710305
COADREAD_LUAD_PAAD,combined_model,genie,cosmic,Y71D,0,0.13771247812649942
COADREAD_LUAD_PAAD,combined_model,genie,cosmic,Y71F,0,0.15088226602883956
COADREAD_LUAD_PAAD,combined_model,genie,cosmic,Y71H,0,0.1006240280664798
COADREAD_LUAD_PAAD,combined_model,genie,cosmic,Y71N,0,0.029801267806135623
COADREAD_LUAD_PAAD,combined_model,genie,cosmic,Y71S,0,0.18428125479122676
COADREAD_LUAD_PAAD,combined_model,genie,cosmic,M72I,0,8.405832852384123e-6
COADREAD_LUAD_PAAD,combined_model,genie,cosmic,M72K,0,0.11690483458148518
COADREAD_LUAD_PAAD,combined_model,genie,cosmic,M72L,0,0.2627044835934518
COADREAD_LUAD_PAAD,combined_model,genie,cosmic,M72R,0,0.25762642476217235
COADREAD_LUAD_PAAD,combined_model,genie,cosmic,M72T,0,0.004292735856985499
COADREAD_LUAD_PAAD,combined_model,genie,cosmic,M72V,1,0.006524598551710144
COADREAD_LUAD_PAAD,combined_model,genie,cosmic,R73G,0,0.0632431839951002
COADREAD_LUAD_PAAD,combined_model,genie,cosmic,R73K,0,0.09674324647471824
COADREAD_LUAD_PAAD,combined_model,genie,cosmic,R73M,0,3.580709201344448e-4
COADREAD_LUAD_PAAD,combined_model,genie,cosmic,R73S,0,0.742285537896648
COADREAD_LUAD_PAAD,combined_model,genie,cosmic,R73T,0,0.597252364373467
COADREAD_LUAD_PAAD,combined_model,genie,cosmic,R73W,0,0.09617985879856646
COADREAD_LUAD_PAAD,combined_model,genie,cosmic,T74A,1,0.28332576923169733
COADREAD_LUAD_PAAD,combined_model,genie,cosmic,T74I,0,0.7906613910048021
COADREAD_LUAD_PAAD,combined_model,genie,cosmic,T74N,0,0.7493378424638958
COADREAD_LUAD_PAAD,combined_model,genie,cosmic,T74P,0,0.12159555963172064
COADREAD_LUAD_PAAD,combined_model,genie,cosmic,T74S,0,1.0946125254669794
COADREAD_LUAD_PAAD,combined_model,genie,cosmic,G75A,0,0.13356308940600062
COADREAD_LUAD_PAAD,combined_model,genie,cosmic,G75E,0,0.07712719389872497
COADREAD_LUAD_PAAD,combined_model,genie,cosmic,G75R,0,0.038872251952847936
COADREAD_LUAD_PAAD,combined_model,genie,cosmic,G75V,0,0.007049656583650678
COADREAD_LUAD_PAAD,combined_model,genie,cosmic,G75W,0,0.60953717068205
COADREAD_LUAD_PAAD,combined_model,genie,cosmic,E76A,0,0.1544917913925774
COADREAD_LUAD_PAAD,combined_model,genie,cosmic,E76D,0,1.7569009125184136e-4
COADREAD_LUAD_PAAD,combined_model,genie,cosmic,E76G,0,0.005674701992778336
COADREAD_LUAD_PAAD,combined_model,genie,cosmic,E76K,0,0.1551644707195234
COADREAD_LUAD_PAAD,combined_model,genie,cosmic,E76Q,0,0.2975247392721007
COADREAD_LUAD_PAAD,combined_model,genie,cosmic,E76V,0,0.13493919967606227
COADREAD_LUAD_PAAD,combined_model,genie,cosmic,G77A,0,0.15953473903549642
COADREAD_LUAD_PAAD,combined_model,genie,cosmic,G77C,0,0.013116785404513187
COADREAD_LUAD_PAAD,combined_model,genie,cosmic,G77D,0,2.3440859002093615
COADREAD_LUAD_PAAD,combined_model,genie,cosmic,G77R,0,0.35355882011947837
COADREAD_LUAD_PAAD,combined_model,genie,cosmic,G77S,0,0.1823384404805928
COADREAD_LUAD_PAAD,combined_model,genie,cosmic,G77V,0,0.10399536888261056
COADREAD_LUAD_PAAD,combined_model,genie,cosmic,F78C,0,5.796646770716458e-12
COADREAD_LUAD_PAAD,combined_model,genie,cosmic,F78I,0,1.0288856155331352
COADREAD_LUAD_PAAD,combined_model,genie,cosmic,F78L,0,0.4654823188927235
COADREAD_LUAD_PAAD,combined_model,genie,cosmic,F78S,0,7.579005212595876e-5
COADREAD_LUAD_PAAD,combined_model,genie,cosmic,F78V,0,0.2610010006038082
COADREAD_LUAD_PAAD,combined_model,genie,cosmic,F78Y,0,0.7798344604136279
COADREAD_LUAD_PAAD,combined_model,genie,cosmic,L79F,0,0.012179272988877565
COADREAD_LUAD_PAAD,combined_model,genie,cosmic,L79H,0,2.0254844564971224
COADREAD_LUAD_PAAD,combined_model,genie,cosmic,L79I,0,0.008182598560898782
COADREAD_LUAD_PAAD,combined_model,genie,cosmic,L79P,0,0.04570482297577189
COADREAD_LUAD_PAAD,combined_model,genie,cosmic,L79R,0,1.2029965718242508
COADREAD_LUAD_PAAD,combined_model,genie,cosmic,L79V,0,0.06655271324390863
COADREAD_LUAD_PAAD,combined_model,genie,cosmic,C80F,0,0.3239311096121775
COADREAD_LUAD_PAAD,combined_model,genie,cosmic,C80G,0,0.6569215144767454
COADREAD_LUAD_PAAD,combined_model,genie,cosmic,C80R,0,0.02580471016395556
COADREAD_LUAD_PAAD,combined_model,genie,cosmic,C80S,0,0.03944641257444358
COADREAD_LUAD_PAAD,combined_model,genie,cosmic,C80W,0,0.019674243598747327
COADREAD_LUAD_PAAD,combined_model,genie,cosmic,C80Y,0,0.05354165982591835
COADREAD_LUAD_PAAD,combined_model,genie,cosmic,V81A,0,0.0635530725982562
COADREAD_LUAD_PAAD,combined_model,genie,cosmic,V81E,0,0.11653586919460976
COADREAD_LUAD_PAAD,combined_model,genie,cosmic,V81G,0,0.17760867432545682
COADREAD_LUAD_PAAD,combined_model,genie,cosmic,V81I,0,0.025090829170228344
COADREAD_LUAD_PAAD,combined_model,genie,cosmic,V81L,0,2.458033984184712
COADREAD_LUAD_PAAD,combined_model,genie,cosmic,F82C,0,9.29920411216591e-12
COADREAD_LUAD_PAAD,combined_model,genie,cosmic,F82I,0,0.01117759176168199
COADREAD_LUAD_PAAD,combined_model,genie,cosmic,F82L,0,4.754708427412556e-4
COADREAD_LUAD_PAAD,combined_model,genie,cosmic,F82S,0,6.075892098777727e-4
COADREAD_LUAD_PAAD,combined_model,genie,cosmic,F82V,0,0.2217883147662247
COADREAD_LUAD_PAAD,combined_model,genie,cosmic,F82Y,0,1.4200445124296723
COADREAD_LUAD_PAAD,combined_model,genie,cosmic,A83D,0,0.02381409480677688
COADREAD_LUAD_PAAD,combined_model,genie,cosmic,A83G,0,0.28452763423075217
COADREAD_LUAD_PAAD,combined_model,genie,cosmic,A83P,0,0.1503828717701178
COADREAD_LUAD_PAAD,combined_model,genie,cosmic,A83S,0,1.2708102461597015e-4
COADREAD_LUAD_PAAD,combined_model,genie,cosmic,A83T,0,0.18739174844946632
COADREAD_LUAD_PAAD,combined_model,genie,cosmic,A83V,0,1.8152396450064645
COADREAD_LUAD_PAAD,combined_model,genie,cosmic,I84K,0,0.007412549200723419
COADREAD_LUAD_PAAD,combined_model,genie,cosmic,I84L,0,0.345837049235007
COADREAD_LUAD_PAAD,combined_model,genie,cosmic,I84M,2,0.2303521857863894
COADREAD_LUAD_PAAD,combined_model,genie,cosmic,I84R,0,0.0012649812480992435
COADREAD_LUAD_PAAD,combined_model,genie,cosmic,I84T,0,0.1317273352628281
COADREAD_LUAD_PAAD,combined_model,genie,cosmic,I84V,0,0.02194681137319713
COADREAD_LUAD_PAAD,combined_model,genie,cosmic,N85D,0,5.877028859097189e-4
COADREAD_LUAD_PAAD,combined_model,genie,cosmic,N85H,0,1.4830493468830955e-11
COADREAD_LUAD_PAAD,combined_model,genie,cosmic,N85I,0,0.00680454314296086
COADREAD_LUAD_PAAD,combined_model,genie,cosmic,N85K,0,6.074709747447357e-7
COADREAD_LUAD_PAAD,combined_model,genie,cosmic,N85S,0,0.07661458399801989
COADREAD_LUAD_PAAD,combined_model,genie,cosmic,N85T,0,0.33312482811131244
COADREAD_LUAD_PAAD,combined_model,genie,cosmic,N85Y,0,0.4184247957142969
COADREAD_LUAD_PAAD,combined_model,genie,cosmic,N86D,0,0.44922942812381983
COADREAD_LUAD_PAAD,combined_model,genie,cosmic,N86H,0,2.002403917691028e-7
COADREAD_LUAD_PAAD,combined_model,genie,cosmic,N86I,0,0.01562133576940441
COADREAD_LUAD_PAAD,combined_model,genie,cosmic,N86K,0,1.2490400400027882e-6
COADREAD_LUAD_PAAD,combined_model,genie,cosmic,N86S,0,0.030950408662587647
COADREAD_LUAD_PAAD,combined_model,genie,cosmic,N86T,0,0.19247772107800065
COADREAD_LUAD_PAAD,combined_model,genie,cosmic,N86Y,0,4.318754446703755e-4
COADREAD_LUAD_PAAD,combined_model,genie,cosmic,T87A,0,0.17244177828355148
COADREAD_LUAD_PAAD,combined_model,genie,cosmic,T87I,0,0.087319394789300675
COADREAD_LUAD_PAAD,combined_model,genie,cosmic,T87N,0,0.6842524210942258
COADREAD_LUAD_PAAD,combined_model,genie,cosmic,T87P,0,0.2274726488240153
COADREAD_LUAD_PAAD,combined_model,genie,cosmic,T87S,0,0.14459334312189975
COADREAD_LUAD_PAAD,combined_model,genie,cosmic,K88E,0,0.19048963506982663
COADREAD_LUAD_PAAD,combined_model,genie,cosmic,K88I,0,1.404259026625044
COADREAD_LUAD_PAAD,combined_model,genie,cosmic,K88N,0,0.0028680525769136647
COADREAD_LUAD_PAAD,combined_model,genie,cosmic,K88Q,0,1.7721388615739894e-7
COADREAD_LUAD_PAAD,combined_model,genie,cosmic,K88R,0,5.345762564687486e-4
COADREAD_LUAD_PAAD,combined_model,genie,cosmic,K88T,0,1.9400197547990877e-11
COADREAD_LUAD_PAAD,combined_model,genie,cosmic,S89A,0,1.8868167349487124
COADREAD_LUAD_PAAD,combined_model,genie,cosmic,S89L,0,0.0030769539130363357
COADREAD_LUAD_PAAD,combined_model,genie,cosmic,S89P,0,0.20273910230408687
COADREAD_LUAD_PAAD,combined_model,genie,cosmic,S89T,0,0.19220219473802097
COADREAD_LUAD_PAAD,combined_model,genie,cosmic,F90C,0,1.5302931481575325e-11
COADREAD_LUAD_PAAD,combined_model,genie,cosmic,F90I,0,0.0074521891656913666
COADREAD_LUAD_PAAD,combined_model,genie,cosmic,F90L,0,7.982286133510846e-4
COADREAD_LUAD_PAAD,combined_model,genie,cosmic,F90S,0,5.560223388097394e-4
COADREAD_LUAD_PAAD,combined_model,genie,cosmic,F90V,0,0.17766106699043252
COADREAD_LUAD_PAAD,combined_model,genie,cosmic,F90Y,0,2.124794257707177
COADREAD_LUAD_PAAD,combined_model,genie,cosmic,E91A,0,2.3484035452045102
COADREAD_LUAD_PAAD,combined_model,genie,cosmic,E91D,0,4.463314801133839
COADREAD_LUAD_PAAD,combined_model,genie,cosmic,E91G,0,0.7201008056891458
COADREAD_LUAD_PAAD,combined_model,genie,cosmic,E91K,0,7.849489468160629e-5
COADREAD_LUAD_PAAD,combined_model,genie,cosmic,E91Q,0,0.04259092181140688
COADREAD_LUAD_PAAD,combined_model,genie,cosmic,E91V,0,5.553016650797704
COADREAD_LUAD_PAAD,combined_model,genie,cosmic,D92A,0,3.65293974542663
COADREAD_LUAD_PAAD,combined_model,genie,cosmic,D92E,0,1.35068494036341e-6
COADREAD_LUAD_PAAD,combined_model,genie,cosmic,D92G,0,1.6143502837804249
COADREAD_LUAD_PAAD,combined_model,genie,cosmic,D92H,0,0.09254671190485256
COADREAD_LUAD_PAAD,combined_model,genie,cosmic,D92N,0,0.05452722364689607
COADREAD_LUAD_PAAD,combined_model,genie,cosmic,D92V,0,0.8138087966160285
COADREAD_LUAD_PAAD,combined_model,genie,cosmic,D92Y,0,0.0026655433613303565
COADREAD_LUAD_PAAD,combined_model,genie,cosmic,I93F,0,0.022555934650887084
COADREAD_LUAD_PAAD,combined_model,genie,cosmic,I93L,0,1.3282317171415037e-4
COADREAD_LUAD_PAAD,combined_model,genie,cosmic,I93M,0,1.4114565858139347
COADREAD_LUAD_PAAD,combined_model,genie,cosmic,I93N,0,0.007290960731193602
COADREAD_LUAD_PAAD,combined_model,genie,cosmic,I93S,0,0.11291004462490244
COADREAD_LUAD_PAAD,combined_model,genie,cosmic,I93T,0,0.06997852745784282
COADREAD_LUAD_PAAD,combined_model,genie,cosmic,I93V,0,0.3727159281238928
COADREAD_LUAD_PAAD,combined_model,genie,cosmic,H94D,0,0.0017362954160449122
COADREAD_LUAD_PAAD,combined_model,genie,cosmic,H94L,0,0.30925935865397236
COADREAD_LUAD_PAAD,combined_model,genie,cosmic,H94N,0,0.022193172915367584
COADREAD_LUAD_PAAD,combined_model,genie,cosmic,H94P,0,0.05524129212522837
COADREAD_LUAD_PAAD,combined_model,genie,cosmic,H94Q,0,0.3863846842032996
COADREAD_LUAD_PAAD,combined_model,genie,cosmic,H94R,0,0.047762505644827834
COADREAD_LUAD_PAAD,combined_model,genie,cosmic,H94Y,0,0.0011963882432757785
COADREAD_LUAD_PAAD,combined_model,genie,cosmic,H95D,0,0.22067480626361247
COADREAD_LUAD_PAAD,combined_model,genie,cosmic,H95L,0,0.20803236163970223
COADREAD_LUAD_PAAD,combined_model,genie,cosmic,H95N,0,3.3785384315954903
COADREAD_LUAD_PAAD,combined_model,genie,cosmic,H95P,0,3.054582721653134
COADREAD_LUAD_PAAD,combined_model,genie,cosmic,H95Q,0,0.003583292198218258
COADREAD_LUAD_PAAD,combined_model,genie,cosmic,H95R,0,0.005244856666017585
COADREAD_LUAD_PAAD,combined_model,genie,cosmic,H95Y,0,0.1579684961984573
COADREAD_LUAD_PAAD,combined_model,genie,cosmic,Y96C,0,0.21090789109235175
COADREAD_LUAD_PAAD,combined_model,genie,cosmic,Y96D,0,2.8873986244498056e-7
COADREAD_LUAD_PAAD,combined_model,genie,cosmic,Y96F,0,0.006237488349207749
COADREAD_LUAD_PAAD,combined_model,genie,cosmic,Y96H,0,0.07990610937052936
COADREAD_LUAD_PAAD,combined_model,genie,cosmic,Y96N,0,0.001224904355674697
COADREAD_LUAD_PAAD,combined_model,genie,cosmic,Y96S,0,8.318360872768351e-4
COADREAD_LUAD_PAAD,combined_model,genie,cosmic,R97G,0,1.4395075432364994
COADREAD_LUAD_PAAD,combined_model,genie,cosmic,R97I,0,0.021038362617767262
COADREAD_LUAD_PAAD,combined_model,genie,cosmic,R97K,0,0.008329104570556377
COADREAD_LUAD_PAAD,combined_model,genie,cosmic,R97S,0,0.05757295136017445
COADREAD_LUAD_PAAD,combined_model,genie,cosmic,R97T,0,0.09984485918515268
COADREAD_LUAD_PAAD,combined_model,genie,cosmic,E98A,0,2.437079809107043
COADREAD_LUAD_PAAD,combined_model,genie,cosmic,E98D,0,0.4368870082324921
COADREAD_LUAD_PAAD,combined_model,genie,cosmic,E98G,0,1.025968916673876
COADREAD_LUAD_PAAD,combined_model,genie,cosmic,E98K,0,0.004734852777009176
COADREAD_LUAD_PAAD,combined_model,genie,cosmic,E98Q,0,0.12069853310466162
COADREAD_LUAD_PAAD,combined_model,genie,cosmic,E98V,0,4.142796916426401
COADREAD_LUAD_PAAD,combined_model,genie,cosmic,Q99E,0,3.530698875610328
COADREAD_LUAD_PAAD,combined_model,genie,cosmic,Q99H,0,8.354583803413883e-12
COADREAD_LUAD_PAAD,combined_model,genie,cosmic,Q99K,0,0.06327278814360603
COADREAD_LUAD_PAAD,combined_model,genie,cosmic,Q99L,0,0.012610372604330294
COADREAD_LUAD_PAAD,combined_model,genie,cosmic,Q99P,0,0.5072697425028825
COADREAD_LUAD_PAAD,combined_model,genie,cosmic,Q99R,0,0.11027550713527565
COADREAD_LUAD_PAAD,combined_model,genie,cosmic,I100F,0,0.008776297009705222
COADREAD_LUAD_PAAD,combined_model,genie,cosmic,I100L,0,0.2788062771683444
COADREAD_LUAD_PAAD,combined_model,genie,cosmic,I100M,0,3.23808750562484e-7
COADREAD_LUAD_PAAD,combined_model,genie,cosmic,I100N,0,0.02920462368809621
COADREAD_LUAD_PAAD,combined_model,genie,cosmic,I100S,0,0.1514468246005981
COADREAD_LUAD_PAAD,combined_model,genie,cosmic,I100T,0,0.1665358332831976
COADREAD_LUAD_PAAD,combined_model,genie,cosmic,I100V,0,0.021152311116945512
COADREAD_LUAD_PAAD,combined_model,genie,cosmic,K101E,0,0.09710725449283884
COADREAD_LUAD_PAAD,combined_model,genie,cosmic,K101I,0,1.525265591324089
COADREAD_LUAD_PAAD,combined_model,genie,cosmic,K101N,0,3.3317178124283435e-11
COADREAD_LUAD_PAAD,combined_model,genie,cosmic,K101Q,0,1.3449841032839877e-7
COADREAD_LUAD_PAAD,combined_model,genie,cosmic,K101R,0,1.0581932111757656e-4
COADREAD_LUAD_PAAD,combined_model,genie,cosmic,K101T,0,2.0619166613875883e-11
COADREAD_LUAD_PAAD,combined_model,genie,cosmic,R102G,0,0.2480155567505631
COADREAD_LUAD_PAAD,combined_model,genie,cosmic,R102I,0,0.007108519972858158
COADREAD_LUAD_PAAD,combined_model,genie,cosmic,R102K,0,0.021073905403852563
COADREAD_LUAD_PAAD,combined_model,genie,cosmic,R102S,0,0.068971474762042
COADREAD_LUAD_PAAD,combined_model,genie,cosmic,R102T,0,0.07508521700961565
COADREAD_LUAD_PAAD,combined_model,genie,cosmic,V103A,0,0.5964043545668958
COADREAD_LUAD_PAAD,combined_model,genie,cosmic,V103D,0,0.24076872005726369
COADREAD_LUAD_PAAD,combined_model,genie,cosmic,V103F,0,0.40420449927219154
COADREAD_LUAD_PAAD,combined_model,genie,cosmic,V103G,0,0.43946054522284506
COADREAD_LUAD_PAAD,combined_model,genie,cosmic,V103I,0,0.20395774547392215
COADREAD_LUAD_PAAD,combined_model,genie,cosmic,V103L,0,0.97325123741246
COADREAD_LUAD_PAAD,combined_model,genie,cosmic,K104E,0,0.02377242703348974
COADREAD_LUAD_PAAD,combined_model,genie,cosmic,K104M,0,1.1981565262149083
COADREAD_LUAD_PAAD,combined_model,genie,cosmic,K104N,1,1.70158974074433e-4
COADREAD_LUAD_PAAD,combined_model,genie,cosmic,K104Q,0,3.5642416837601225e-8
COADREAD_LUAD_PAAD,combined_model,genie,cosmic,K104R,0,0.12450754506198342
COADREAD_LUAD_PAAD,combined_model,genie,cosmic,K104T,0,0.8151780044455433
COADREAD_LUAD_PAAD,combined_model,genie,cosmic,D105A,0,0.16214557647113412
COADREAD_LUAD_PAAD,combined_model,genie,cosmic,D105E,0,4.121920239800315
COADREAD_LUAD_PAAD,combined_model,genie,cosmic,D105G,0,0.3563016053989304
COADREAD_LUAD_PAAD,combined_model,genie,cosmic,D105H,0,0.5527984040626172
COADREAD_LUAD_PAAD,combined_model,genie,cosmic,D105N,0,0.6006730445945487
COADREAD_LUAD_PAAD,combined_model,genie,cosmic,D105V,0,0.6790374097715913
COADREAD_LUAD_PAAD,combined_model,genie,cosmic,D105Y,0,0.3279099583254627
COADREAD_LUAD_PAAD,combined_model,genie,cosmic,S106A,0,0.10573988807958136
COADREAD_LUAD_PAAD,combined_model,genie,cosmic,S106C,0,0.06758539517255738
COADREAD_LUAD_PAAD,combined_model,genie,cosmic,S106F,0,0.024947790062218315
COADREAD_LUAD_PAAD,combined_model,genie,cosmic,S106P,0,0.02098348855645587
COADREAD_LUAD_PAAD,combined_model,genie,cosmic,S106T,0,0.1751121261334154
COADREAD_LUAD_PAAD,combined_model,genie,cosmic,S106Y,0,0.012884919062309598
COADREAD_LUAD_PAAD,combined_model,genie,cosmic,E107A,0,0.852586517674001
COADREAD_LUAD_PAAD,combined_model,genie,cosmic,E107D,0,1.37728478215692
COADREAD_LUAD_PAAD,combined_model,genie,cosmic,E107G,0,0.14836209084831467
COADREAD_LUAD_PAAD,combined_model,genie,cosmic,E107K,1,0.002151237886301326
COADREAD_LUAD_PAAD,combined_model,genie,cosmic,E107Q,0,0.01847354951056152
COADREAD_LUAD_PAAD,combined_model,genie,cosmic,E107V,0,5.227978559933967
COADREAD_LUAD_PAAD,combined_model,genie,cosmic,D108A,0,1.4212501770400277
COADREAD_LUAD_PAAD,combined_model,genie,cosmic,D108E,0,0.2744015065612706
COADREAD_LUAD_PAAD,combined_model,genie,cosmic,D108G,0,0.2918518837286207
COADREAD_LUAD_PAAD,combined_model,genie,cosmic,D108H,0,0.19021797215819225
COADREAD_LUAD_PAAD,combined_model,genie,cosmic,D108N,2,0.032484595738390645
COADREAD_LUAD_PAAD,combined_model,genie,cosmic,D108V,0,0.24957367106632283
COADREAD_LUAD_PAAD,combined_model,genie,cosmic,D108Y,0,0.014423869925278629
COADREAD_LUAD_PAAD,combined_model,genie,cosmic,V109A,0,0.03302367609609996
COADREAD_LUAD_PAAD,combined_model,genie,cosmic,V109E,0,0.1137249374326364
COADREAD_LUAD_PAAD,combined_model,genie,cosmic,V109G,0,0.05505309137080242
COADREAD_LUAD_PAAD,combined_model,genie,cosmic,V109I,0,0.07400745913568413
COADREAD_LUAD_PAAD,combined_model,genie,cosmic,V109L,0,0.719719812217892
COADREAD_LUAD_PAAD,combined_model,genie,cosmic,P110A,0,0.9852067905308914
COADREAD_LUAD_PAAD,combined_model,genie,cosmic,P110H,0,0.04497582682526228
COADREAD_LUAD_PAAD,combined_model,genie,cosmic,P110L,0,0.3824563590778341
COADREAD_LUAD_PAAD,combined_model,genie,cosmic,P110R,0,0.25431365235609765
COADREAD_LUAD_PAAD,combined_model,genie,cosmic,P110S,0,1.1080814786692474
COADREAD_LUAD_PAAD,combined_model,genie,cosmic,P110T,0,0.2257748136125488
COADREAD_LUAD_PAAD,combined_model,genie,cosmic,M111I,0,0.4303705395098113
COADREAD_LUAD_PAAD,combined_model,genie,cosmic,M111K,0,0.24329183736113416
COADREAD_LUAD_PAAD,combined_model,genie,cosmic,M111L,1,0.1769944177336995
COADREAD_LUAD_PAAD,combined_model,genie,cosmic,M111R,0,2.279835786491012
COADREAD_LUAD_PAAD,combined_model,genie,cosmic,M111T,0,0.00272295596751285
COADREAD_LUAD_PAAD,combined_model,genie,cosmic,M111V,0,0.004371502062371534
COADREAD_LUAD_PAAD,combined_model,genie,cosmic,V112A,0,0.018536945297204215
COADREAD_LUAD_PAAD,combined_model,genie,cosmic,V112E,0,0.03973039966653698
COADREAD_LUAD_PAAD,combined_model,genie,cosmic,V112G,0,0.034465807887047645
COADREAD_LUAD_PAAD,combined_model,genie,cosmic,V112L,0,0.4413533515151578
COADREAD_LUAD_PAAD,combined_model,genie,cosmic,V112M,0,0.5766775487244884
COADREAD_LUAD_PAAD,combined_model,genie,cosmic,L113M,0,0.010245784095256212
COADREAD_LUAD_PAAD,combined_model,genie,cosmic,L113P,0,0.0010721782221640647
COADREAD_LUAD_PAAD,combined_model,genie,cosmic,L113Q,0,0.003928488775442143
COADREAD_LUAD_PAAD,combined_model,genie,cosmic,L113R,0,0.014964425166063814
COADREAD_LUAD_PAAD,combined_model,genie,cosmic,L113V,0,0.07449652500670242
COADREAD_LUAD_PAAD,combined_model,genie,cosmic,V114A,0,0.4108847697796533
COADREAD_LUAD_PAAD,combined_model,genie,cosmic,V114D,0,0.31137052247635916
COADREAD_LUAD_PAAD,combined_model,genie,cosmic,V114F,0,0.08386848541394717
COADREAD_LUAD_PAAD,combined_model,genie,cosmic,V114G,0,0.16208805809256474
COADREAD_LUAD_PAAD,combined_model,genie,cosmic,V114I,0,0.9053562980524292
COADREAD_LUAD_PAAD,combined_model,genie,cosmic,V114L,0,4.586016509195942
COADREAD_LUAD_PAAD,combined_model,genie,cosmic,G115A,0,0.5701052170001473
COADREAD_LUAD_PAAD,combined_model,genie,cosmic,G115C,0,0.3215866101423012
COADREAD_LUAD_PAAD,combined_model,genie,cosmic,G115D,0,3.644223917887084
COADREAD_LUAD_PAAD,combined_model,genie,cosmic,G115R,0,0.619484691129923
COADREAD_LUAD_PAAD,combined_model,genie,cosmic,G115S,0,0.3069175363875743
COADREAD_LUAD_PAAD,combined_model,genie,cosmic,G115V,0,0.046038310474765656
COADREAD_LUAD_PAAD,combined_model,genie,cosmic,N116D,0,0.010282572289791224
COADREAD_LUAD_PAAD,combined_model,genie,cosmic,N116H,0,15.842082377845845
COADREAD_LUAD_PAAD,combined_model,genie,cosmic,N116I,0,2.3044004886368
COADREAD_LUAD_PAAD,combined_model,genie,cosmic,N116K,0,0.6077869971501173
COADREAD_LUAD_PAAD,combined_model,genie,cosmic,N116S,0,0.7734681145042748
COADREAD_LUAD_PAAD,combined_model,genie,cosmic,N116T,0,3.540345492159425
COADREAD_LUAD_PAAD,combined_model,genie,cosmic,N116Y,0,0.005750235664559695
COADREAD_LUAD_PAAD,combined_model,genie,cosmic,K117E,0,0.3055503774899429
COADREAD_LUAD_PAAD,combined_model,genie,cosmic,K117I,0,54.42824073264963
COADREAD_LUAD_PAAD,combined_model,genie,cosmic,K117N,13,22.96055958131436
COADREAD_LUAD_PAAD,combined_model,genie,cosmic,K117Q,0,4.2124909507338035
COADREAD_LUAD_PAAD,combined_model,genie,cosmic,K117R,5,0.10318466491223152
COADREAD_LUAD_PAAD,combined_model,genie,cosmic,K117T,0,6.678588983276944e-11
COADREAD_LUAD_PAAD,combined_model,genie,cosmic,C118F,0,0.2551322788502019
COADREAD_LUAD_PAAD,combined_model,genie,cosmic,C118G,0,2.1655453497762327
COADREAD_LUAD_PAAD,combined_model,genie,cosmic,C118R,0,0.004480109523153344
COADREAD_LUAD_PAAD,combined_model,genie,cosmic,C118S,1,0.31794634042087655
COADREAD_LUAD_PAAD,combined_model,genie,cosmic,C118W,0,0.017478346399206424
COADREAD_LUAD_PAAD,combined_model,genie,cosmic,C118Y,0,0.05021326857553605
COADREAD_LUAD_PAAD,combined_model,genie,cosmic,D119A,0,8.459757069889678
COADREAD_LUAD_PAAD,combined_model,genie,cosmic,D119E,0,0.0164662128108127
COADREAD_LUAD_PAAD,combined_model,genie,cosmic,D119G,0,3.720336915026881
COADREAD_LUAD_PAAD,combined_model,genie,cosmic,D119H,0,6.201264106765882
COADREAD_LUAD_PAAD,combined_model,genie,cosmic,D119N,0,0.006401584263117731
COADREAD_LUAD_PAAD,combined_model,genie,cosmic,D119V,0,0.2730663704097524
COADREAD_LUAD_PAAD,combined_model,genie,cosmic,D119Y,0,0.04720146104843758
COADREAD_LUAD_PAAD,combined_model,genie,cosmic,L120F,0,8.555964580318058e-4
COADREAD_LUAD_PAAD,combined_model,genie,cosmic,L120M,0,3.1953941390599705
COADREAD_LUAD_PAAD,combined_model,genie,cosmic,L120S,0,0.0479314768859523
COADREAD_LUAD_PAAD,combined_model,genie,cosmic,L120V,0,2.3649705081325982e-11
COADREAD_LUAD_PAAD,combined_model,genie,cosmic,L120W,0,2.369547943536195
COADREAD_LUAD_PAAD,combined_model,genie,cosmic,P121A,0,0.2939836441862661
COADREAD_LUAD_PAAD,combined_model,genie,cosmic,P121H,0,1.871019325833251e-4
COADREAD_LUAD_PAAD,combined_model,genie,cosmic,P121L,0,0.35135088706073114
COADREAD_LUAD_PAAD,combined_model,genie,cosmic,P121R,0,0.14728044962327935
COADREAD_LUAD_PAAD,combined_model,genie,cosmic,P121S,0,2.71026121937414
COADREAD_LUAD_PAAD,combined_model,genie,cosmic,P121T,0,0.04689882275987181
COADREAD_LUAD_PAAD,combined_model,genie,cosmic,S122A,0,1.5706977335818897
COADREAD_LUAD_PAAD,combined_model,genie,cosmic,S122C,0,0.05259813007123161
COADREAD_LUAD_PAAD,combined_model,genie,cosmic,S122F,0,0.059251210031280976
COADREAD_LUAD_PAAD,combined_model,genie,cosmic,S122P,0,0.6866750470842846
COADREAD_LUAD_PAAD,combined_model,genie,cosmic,S122T,0,2.2789794142128166
COADREAD_LUAD_PAAD,combined_model,genie,cosmic,S122Y,0,0.016163125621422247
COADREAD_LUAD_PAAD,combined_model,genie,cosmic,R123G,0,0.9671909590850252
COADREAD_LUAD_PAAD,combined_model,genie,cosmic,R123I,0,0.011381468941939404
COADREAD_LUAD_PAAD,combined_model,genie,cosmic,R123K,0,0.018689084382265707
COADREAD_LUAD_PAAD,combined_model,genie,cosmic,R123S,0,3.3781656415061057
COADREAD_LUAD_PAAD,combined_model,genie,cosmic,R123T,0,0.0639314992801632
COADREAD_LUAD_PAAD,combined_model,genie,cosmic,T124A,0,0.8418271267102769
COADREAD_LUAD_PAAD,combined_model,genie,cosmic,T124I,0,0.07998477953226764
COADREAD_LUAD_PAAD,combined_model,genie,cosmic,T124K,0,1.0964380813152628
COADREAD_LUAD_PAAD,combined_model,genie,cosmic,T124P,0,0.4449762594091656
COADREAD_LUAD_PAAD,combined_model,genie,cosmic,T124R,0,0.5195888799754511
COADREAD_LUAD_PAAD,combined_model,genie,cosmic,T124S,0,0.28479012525829034
COADREAD_LUAD_PAAD,combined_model,genie,cosmic,V125A,0,0.05257017112824913
COADREAD_LUAD_PAAD,combined_model,genie,cosmic,V125E,0,0.06982325980897912
COADREAD_LUAD_PAAD,combined_model,genie,cosmic,V125G,0,0.23414987181578087
COADREAD_LUAD_PAAD,combined_model,genie,cosmic,V125I,1,1.0522500193026365
COADREAD_LUAD_PAAD,combined_model,genie,cosmic,V125L,0,0.9959578830534782
COADREAD_LUAD_PAAD,combined_model,genie,cosmic,D126A,0,0.5892905757586697
COADREAD_LUAD_PAAD,combined_model,genie,cosmic,D126E,1,1.009344008280054
COADREAD_LUAD_PAAD,combined_model,genie,cosmic,D126G,0,0.2732785711796149
COADREAD_LUAD_PAAD,combined_model,genie,cosmic,D126H,0,0.015953839496005852
COADREAD_LUAD_PAAD,combined_model,genie,cosmic,D126N,0,0.011737053086070906
COADREAD_LUAD_PAAD,combined_model,genie,cosmic,D126V,0,0.3412582688957733
COADREAD_LUAD_PAAD,combined_model,genie,cosmic,D126Y,0,0.009716870145692075
COADREAD_LUAD_PAAD,combined_model,genie,cosmic,T127A,0,0.019579228636905106
COADREAD_LUAD_PAAD,combined_model,genie,cosmic,T127I,0,0.04417414945868855
COADREAD_LUAD_PAAD,combined_model,genie,cosmic,T127K,0,0.9125543116816478
COADREAD_LUAD_PAAD,combined_model,genie,cosmic,T127P,0,0.019928797679507476
COADREAD_LUAD_PAAD,combined_model,genie,cosmic,T127R,0,7.987302628818706
COADREAD_LUAD_PAAD,combined_model,genie,cosmic,T127S,0,0.03901906446323756
COADREAD_LUAD_PAAD,combined_model,genie,cosmic,K128E,0,8.019082447628331e-4
COADREAD_LUAD_PAAD,combined_model,genie,cosmic,K128I,0,1.0593841368941117
COADREAD_LUAD_PAAD,combined_model,genie,cosmic,K128N,0,0.18456567118990985
COADREAD_LUAD_PAAD,combined_model,genie,cosmic,K128Q,0,1.3040114774522489e-11
COADREAD_LUAD_PAAD,combined_model,genie,cosmic,K128R,0,1.687724500186837e-4
COADREAD_LUAD_PAAD,combined_model,genie,cosmic,K128T,0,1.0060721258085842e-11
COADREAD_LUAD_PAAD,combined_model,genie,cosmic,Q129E,0,1.825165978018619
COADREAD_LUAD_PAAD,combined_model,genie,cosmic,Q129H,0,8.549918490603958e-5
COADREAD_LUAD_PAAD,combined_model,genie,cosmic,Q129K,0,0.5331141723859538
COADREAD_LUAD_PAAD,combined_model,genie,cosmic,Q129L,0,0.011319111390881076
COADREAD_LUAD_PAAD,combined_model,genie,cosmic,Q129P,0,0.0025827645048947965
COADREAD_LUAD_PAAD,combined_model,genie,cosmic,Q129R,0,0.002189186189718568
COADREAD_LUAD_PAAD,combined_model,genie,cosmic,A130D,0,0.05729517913696258
COADREAD_LUAD_PAAD,combined_model,genie,cosmic,A130G,0,0.03378893866369589
COADREAD_LUAD_PAAD,combined_model,genie,cosmic,A130P,0,0.13485652112144283
COADREAD_LUAD_PAAD,combined_model,genie,cosmic,A130S,0,0.02761399753084679
COADREAD_LUAD_PAAD,combined_model,genie,cosmic,A130T,0,3.0556791303896564
COADREAD_LUAD_PAAD,combined_model,genie,cosmic,A130V,1,0.7830933983070756
COADREAD_LUAD_PAAD,combined_model,genie,cosmic,Q131E,0,0.05871947103465862
COADREAD_LUAD_PAAD,combined_model,genie,cosmic,Q131H,0,1.3175714578602884e-4
COADREAD_LUAD_PAAD,combined_model,genie,cosmic,Q131K,0,0.08803168285501126
COADREAD_LUAD_PAAD,combined_model,genie,cosmic,Q131L,0,0.012366613228565936
COADREAD_LUAD_PAAD,combined_model,genie,cosmic,Q131P,0,0.005683821544379123
COADREAD_LUAD_PAAD,combined_model,genie,cosmic,Q131R,0,0.0022181120365173954
COADREAD_LUAD_PAAD,combined_model,genie,cosmic,D132A,0,0.4575162034729414
COADREAD_LUAD_PAAD,combined_model,genie,cosmic,D132E,0,2.8050542063061457
COADREAD_LUAD_PAAD,combined_model,genie,cosmic,D132G,0,0.27367097763532267
COADREAD_LUAD_PAAD,combined_model,genie,cosmic,D132H,0,0.6736644319783528
COADREAD_LUAD_PAAD,combined_model,genie,cosmic,D132N,0,0.3368503202398448
COADREAD_LUAD_PAAD,combined_model,genie,cosmic,D132V,0,0.21743536947077743
COADREAD_LUAD_PAAD,combined_model,genie,cosmic,D132Y,0,3.0962880915900555
COADREAD_LUAD_PAAD,combined_model,genie,cosmic,L133F,0,3.800475147048616e-5
COADREAD_LUAD_PAAD,combined_model,genie,cosmic,L133I,0,2.9159747811952927
COADREAD_LUAD_PAAD,combined_model,genie,cosmic,L133S,0,0.04416236274298088
COADREAD_LUAD_PAAD,combined_model,genie,cosmic,L133V,0,1.7308077907107655
COADREAD_LUAD_PAAD,combined_model,genie,cosmic,A134E,0,9.89761685083345e-4
COADREAD_LUAD_PAAD,combined_model,genie,cosmic,A134G,0,0.058587683609520304
COADREAD_LUAD_PAAD,combined_model,genie,cosmic,A134P,0,0.0118420357626797
COADREAD_LUAD_PAAD,combined_model,genie,cosmic,A134S,0,0.009197896200806478
COADREAD_LUAD_PAAD,combined_model,genie,cosmic,A134T,0,0.617797528519996
COADREAD_LUAD_PAAD,combined_model,genie,cosmic,A134V,0,0.5203300900889862
COADREAD_LUAD_PAAD,combined_model,genie,cosmic,R135G,0,0.14767897405077532
COADREAD_LUAD_PAAD,combined_model,genie,cosmic,R135I,0,0.03024590561667516
COADREAD_LUAD_PAAD,combined_model,genie,cosmic,R135K,0,0.01776795779508956
COADREAD_LUAD_PAAD,combined_model,genie,cosmic,R135S,0,4.760704118887201
COADREAD_LUAD_PAAD,combined_model,genie,cosmic,R135T,0,0.07900674724623229
COADREAD_LUAD_PAAD,combined_model,genie,cosmic,S136C,0,1.9361013580903248
COADREAD_LUAD_PAAD,combined_model,genie,cosmic,S136G,0,0.07716202291268406
COADREAD_LUAD_PAAD,combined_model,genie,cosmic,S136I,0,0.6517159801756031
COADREAD_LUAD_PAAD,combined_model,genie,cosmic,S136N,0,0.7544085260097567
COADREAD_LUAD_PAAD,combined_model,genie,cosmic,S136R,0,6.0296521004034345
COADREAD_LUAD_PAAD,combined_model,genie,cosmic,S136T,0,0.8489242439776274
COADREAD_LUAD_PAAD,combined_model,genie,cosmic,Y137C,0,0.19064244704763872
COADREAD_LUAD_PAAD,combined_model,genie,cosmic,Y137D,0,1.7029241489117093e-7
COADREAD_LUAD_PAAD,combined_model,genie,cosmic,Y137F,0,0.005216404804240683
COADREAD_LUAD_PAAD,combined_model,genie,cosmic,Y137H,0,0.16439469264736575
COADREAD_LUAD_PAAD,combined_model,genie,cosmic,Y137N,0,8.565533311445294e-4
COADREAD_LUAD_PAAD,combined_model,genie,cosmic,Y137S,0,6.765876668532265e-5
COADREAD_LUAD_PAAD,combined_model,genie,cosmic,G138A,0,0.18013989285652804
COADREAD_LUAD_PAAD,combined_model,genie,cosmic,G138E,1,0.606574964440302
COADREAD_LUAD_PAAD,combined_model,genie,cosmic,G138R,0,0.1683911507993852
COADREAD_LUAD_PAAD,combined_model,genie,cosmic,G138V,0,1.8248482647638609
COADREAD_LUAD_PAAD,combined_model,genie,cosmic,I139F,0,0.009897907512977156
COADREAD_LUAD_PAAD,combined_model,genie,cosmic,I139L,0,0.09438790866147992
COADREAD_LUAD_PAAD,combined_model,genie,cosmic,I139M,0,1.3632114593773783
COADREAD_LUAD_PAAD,combined_model,genie,cosmic,I139N,0,0.011975626152406322
COADREAD_LUAD_PAAD,combined_model,genie,cosmic,I139S,0,0.06814682357481404
COADREAD_LUAD_PAAD,combined_model,genie,cosmic,I139T,0,0.0495277068732539
COADREAD_LUAD_PAAD,combined_model,genie,cosmic,I139V,0,0.04005465228124634
COADREAD_LUAD_PAAD,combined_model,genie,cosmic,P140A,0,1.3564488126161969
COADREAD_LUAD_PAAD,combined_model,genie,cosmic,P140H,0,4.899603848749839e-4
COADREAD_LUAD_PAAD,combined_model,genie,cosmic,P140L,0,0.5407559589532517
COADREAD_LUAD_PAAD,combined_model,genie,cosmic,P140R,0,0.2628168837677724
COADREAD_LUAD_PAAD,combined_model,genie,cosmic,P140S,0,0.6793543449841895
COADREAD_LUAD_PAAD,combined_model,genie,cosmic,P140T,0,4.519988881193452
COADREAD_LUAD_PAAD,combined_model,genie,cosmic,F141C,0,2.255704222020723e-11
COADREAD_LUAD_PAAD,combined_model,genie,cosmic,F141I,0,1.3372026018366636
COADREAD_LUAD_PAAD,combined_model,genie,cosmic,F141L,0,8.623129342105423e-14
COADREAD_LUAD_PAAD,combined_model,genie,cosmic,F141S,0,0.003669929818082752
COADREAD_LUAD_PAAD,combined_model,genie,cosmic,F141V,0,3.838863737147329e-12
COADREAD_LUAD_PAAD,combined_model,genie,cosmic,F141Y,0,3.4704235745160075
COADREAD_LUAD_PAAD,combined_model,genie,cosmic,I142F,0,0.005312406823269262
COADREAD_LUAD_PAAD,combined_model,genie,cosmic,I142L,0,1.742437655986991e-4
COADREAD_LUAD_PAAD,combined_model,genie,cosmic,I142M,0,1.840213403380736
COADREAD_LUAD_PAAD,combined_model,genie,cosmic,I142N,0,0.012513657204884678
COADREAD_LUAD_PAAD,combined_model,genie,cosmic,I142S,0,0.5725750980934027
COADREAD_LUAD_PAAD,combined_model,genie,cosmic,I142T,0,0.05537331563161809
COADREAD_LUAD_PAAD,combined_model,genie,cosmic,I142V,0,0.08168109021680169
COADREAD_LUAD_PAAD,combined_model,genie,cosmic,E143A,0,2.4084418820377356
COADREAD_LUAD_PAAD,combined_model,genie,cosmic,E143D,0,4.5806906713877676e-11
COADREAD_LUAD_PAAD,combined_model,genie,cosmic,E143G,0,0.5495577836758331
COADREAD_LUAD_PAAD,combined_model,genie,cosmic,E143K,0,0.0016964050663205105
COADREAD_LUAD_PAAD,combined_model,genie,cosmic,E143Q,0,0.10706398529838596
COADREAD_LUAD_PAAD,combined_model,genie,cosmic,E143V,0,2.640824661521445
COADREAD_LUAD_PAAD,combined_model,genie,cosmic,T144A,0,0.5443996212700106
COADREAD_LUAD_PAAD,combined_model,genie,cosmic,T144I,0,0.29202171494038237
COADREAD_LUAD_PAAD,combined_model,genie,cosmic,T144K,0,0.2073209382457648
COADREAD_LUAD_PAAD,combined_model,genie,cosmic,T144P,0,0.19551110524054283
COADREAD_LUAD_PAAD,combined_model,genie,cosmic,T144R,0,1.587604233004321
COADREAD_LUAD_PAAD,combined_model,genie,cosmic,T144S,0,0.22369734734784025
COADREAD_LUAD_PAAD,combined_model,genie,cosmic,S145A,0,3.6574767434688105
COADREAD_LUAD_PAAD,combined_model,genie,cosmic,S145L,1,0.0015384648251090948
COADREAD_LUAD_PAAD,combined_model,genie,cosmic,S145P,0,0.53413989188457
COADREAD_LUAD_PAAD,combined_model,genie,cosmic,S145T,0,1.219567436026536
COADREAD_LUAD_PAAD,combined_model,genie,cosmic,A146E,0,2.2351670802574724e-4
COADREAD_LUAD_PAAD,combined_model,genie,cosmic,A146G,0,1.6696515339476248
COADREAD_LUAD_PAAD,combined_model,genie,cosmic,A146P,3,55.573844366238625
COADREAD_LUAD_PAAD,combined_model,genie,cosmic,A146S,1,0.0962193542436908
COADREAD_LUAD_PAAD,combined_model,genie,cosmic,A146T,75,230.31730385386768
COADREAD_LUAD_PAAD,combined_model,genie,cosmic,A146V,19,57.129272487399334
COADREAD_LUAD_PAAD,combined_model,genie,cosmic,K147E,0,0.004396742171434459
COADREAD_LUAD_PAAD,combined_model,genie,cosmic,K147M,0,3.0517638099488047
COADREAD_LUAD_PAAD,combined_model,genie,cosmic,K147N,0,0.006570406852713454
COADREAD_LUAD_PAAD,combined_model,genie,cosmic,K147Q,0,3.5616984398442406e-11
COADREAD_LUAD_PAAD,combined_model,genie,cosmic,K147R,0,0.06920367634189124
COADREAD_LUAD_PAAD,combined_model,genie,cosmic,K147T,1,9.745880637308172
COADREAD_LUAD_PAAD,combined_model,genie,cosmic,T148A,0,0.1929055103292102
COADREAD_LUAD_PAAD,combined_model,genie,cosmic,T148I,0,0.03897051737582986
COADREAD_LUAD_PAAD,combined_model,genie,cosmic,T148K,0,0.3838788557717335
COADREAD_LUAD_PAAD,combined_model,genie,cosmic,T148P,0,2.040792404278858
COADREAD_LUAD_PAAD,combined_model,genie,cosmic,T148R,0,2.6836061428926503
COADREAD_LUAD_PAAD,combined_model,genie,cosmic,T148S,0,0.31018812504189053
COADREAD_LUAD_PAAD,combined_model,genie,cosmic,R149G,0,0.07825112855741986
COADREAD_LUAD_PAAD,combined_model,genie,cosmic,R149I,0,0.013605820725118154
COADREAD_LUAD_PAAD,combined_model,genie,cosmic,R149K,0,0.0256854518391955
COADREAD_LUAD_PAAD,combined_model,genie,cosmic,R149S,0,0.21965906180157072
COADREAD_LUAD_PAAD,combined_model,genie,cosmic,R149T,0,0.02815698773212512
COADREAD_LUAD_PAAD,combined_model,genie,cosmic,Q150E,0,3.129129802526735
COADREAD_LUAD_PAAD,combined_model,genie,cosmic,Q150H,0,1.3370058348582102e-4
COADREAD_LUAD_PAAD,combined_model,genie,cosmic,Q150K,0,0.2672090540293138
COADREAD_LUAD_PAAD,combined_model,genie,cosmic,Q150L,0,0.012670324078952551
COADREAD_LUAD_PAAD,combined_model,genie,cosmic,Q150P,0,0.014709824376904093
COADREAD_LUAD_PAAD,combined_model,genie,cosmic,Q150R,0,0.004860045906959263
COADREAD_LUAD_PAAD,combined_model,genie,cosmic,G151A,0,3.826731476507713
COADREAD_LUAD_PAAD,combined_model,genie,cosmic,G151C,0,0.013438089945252214
COADREAD_LUAD_PAAD,combined_model,genie,cosmic,G151D,0,0.23835717063671705
COADREAD_LUAD_PAAD,combined_model,genie,cosmic,G151R,0,0.3724357537708344
COADREAD_LUAD_PAAD,combined_model,genie,cosmic,G151S,0,0.507757492694392
COADREAD_LUAD_PAAD,combined_model,genie,cosmic,G151V,0,0.3334464448058693
COADREAD_LUAD_PAAD,combined_model,genie,cosmic,V152A,0,0.3879968667890498
COADREAD_LUAD_PAAD,combined_model,genie,cosmic,V152D,0,0.9534480753007052
COADREAD_LUAD_PAAD,combined_model,genie,cosmic,V152F,0,0.5302172888122431
COADREAD_LUAD_PAAD,combined_model,genie,cosmic,V152G,0,0.6134961912895488
COADREAD_LUAD_PAAD,combined_model,genie,cosmic,V152I,0,0.07911133570852187
COADREAD_LUAD_PAAD,combined_model,genie,cosmic,V152L,0,0.7373070059169259
COADREAD_LUAD_PAAD,combined_model,genie,cosmic,D153A,0,0.7493394236582992
COADREAD_LUAD_PAAD,combined_model,genie,cosmic,D153E,0,0.12805009418872634
COADREAD_LUAD_PAAD,combined_model,genie,cosmic,D153G,0,0.6242819285635469
COADREAD_LUAD_PAAD,combined_model,genie,cosmic,D153H,0,0.054950340705306175
COADREAD_LUAD_PAAD,combined_model,genie,cosmic,D153N,0,0.002254892833500785
COADREAD_LUAD_PAAD,combined_model,genie,cosmic,D153V,0,0.491737092202243
COADREAD_LUAD_PAAD,combined_model,genie,cosmic,D153Y,0,0.07772784477345261
COADREAD_LUAD_PAAD,combined_model,genie,cosmic,D154A,0,0.8110160954143922
COADREAD_LUAD_PAAD,combined_model,genie,cosmic,D154E,0,0.32691765392740785
COADREAD_LUAD_PAAD,combined_model,genie,cosmic,D154G,0,0.4930176962003088
COADREAD_LUAD_PAAD,combined_model,genie,cosmic,D154H,0,0.025639158014751955
COADREAD_LUAD_PAAD,combined_model,genie,cosmic,D154N,0,0.001992639941062295
COADREAD_LUAD_PAAD,combined_model,genie,cosmic,D154V,0,1.2979712921728308
COADREAD_LUAD_PAAD,combined_model,genie,cosmic,D154Y,0,0.18903740084125992
COADREAD_LUAD_PAAD,combined_model,genie,cosmic,A155D,1,0.07842082973820064
COADREAD_LUAD_PAAD,combined_model,genie,cosmic,A155G,0,0.3921196660991133
COADREAD_LUAD_PAAD,combined_model,genie,cosmic,A155P,0,0.9227436660349918
COADREAD_LUAD_PAAD,combined_model,genie,cosmic,A155S,0,4.51131561208333e-4
COADREAD_LUAD_PAAD,combined_model,genie,cosmic,A155T,0,0.33747915053431177
COADREAD_LUAD_PAAD,combined_model,genie,cosmic,A155V,0,21.14864171788098
COADREAD_LUAD_PAAD,combined_model,genie,cosmic,F156C,0,4.592895929218338
COADREAD_LUAD_PAAD,combined_model,genie,cosmic,F156I,0,9.644405526515085
COADREAD_LUAD_PAAD,combined_model,genie,cosmic,F156L,0,0.002194753929551102
COADREAD_LUAD_PAAD,combined_model,genie,cosmic,F156S,0,1.9047264810680031
COADREAD_LUAD_PAAD,combined_model,genie,cosmic,F156V,0,7.513871661149497
COADREAD_LUAD_PAAD,combined_model,genie,cosmic,F156Y,0,3.870983140619626
COADREAD_LUAD_PAAD,combined_model,genie,cosmic,Y157C,0,0.28520623386128097
COADREAD_LUAD_PAAD,combined_model,genie,cosmic,Y157D,0,0.00230465403107135
COADREAD_LUAD_PAAD,combined_model,genie,cosmic,Y157F,0,0.012656426363945462
COADREAD_LUAD_PAAD,combined_model,genie,cosmic,Y157H,0,0.595720394346503
COADREAD_LUAD_PAAD,combined_model,genie,cosmic,Y157N,0,0.06766822477735707
COADREAD_LUAD_PAAD,combined_model,genie,cosmic,Y157S,0,3.6317584081662545e-4
COADREAD_LUAD_PAAD,combined_model,genie,cosmic,T158A,0,0.09319764390650125
COADREAD_LUAD_PAAD,combined_model,genie,cosmic,T158I,0,0.07527625487022022
COADREAD_LUAD_PAAD,combined_model,genie,cosmic,T158K,0,0.22679787003780735
COADREAD_LUAD_PAAD,combined_model,genie,cosmic,T158P,0,0.1519298964012994
COADREAD_LUAD_PAAD,combined_model,genie,cosmic,T158R,0,3.456876072223727
COADREAD_LUAD_PAAD,combined_model,genie,cosmic,T158S,0,0.911530329713982
COADREAD_LUAD_PAAD,combined_model,genie,cosmic,L159F,0,1.5525994346792912e-4
COADREAD_LUAD_PAAD,combined_model,genie,cosmic,L159I,0,0.01603596472288394
COADREAD_LUAD_PAAD,combined_model,genie,cosmic,L159S,0,0.1417316608956455
COADREAD_LUAD_PAAD,combined_model,genie,cosmic,L159V,0,0.6702256533436804
COADREAD_LUAD_PAAD,combined_model,genie,cosmic,V160A,0,0.24437214763497273
COADREAD_LUAD_PAAD,combined_model,genie,cosmic,V160D,0,0.17245787501160215
COADREAD_LUAD_PAAD,combined_model,genie,cosmic,V160F,0,1.3836993080986948
COADREAD_LUAD_PAAD,combined_model,genie,cosmic,V160G,0,0.4749339664019213
COADREAD_LUAD_PAAD,combined_model,genie,cosmic,V160I,0,1.3361927625588
COADREAD_LUAD_PAAD,combined_model,genie,cosmic,V160L,0,2.9520316569595395
COADREAD_LUAD_PAAD,combined_model,genie,cosmic,R161G,0,0.8030987562317772
COADREAD_LUAD_PAAD,combined_model,genie,cosmic,R161L,0,1.155872534067082
COADREAD_LUAD_PAAD,combined_model,genie,cosmic,R161P,0,1.811991635799383
COADREAD_LUAD_PAAD,combined_model,genie,cosmic,R161Q,0,1.885335757487601
COADREAD_LUAD_PAAD,combined_model,genie,cosmic,E162A,0,5.69061595149319
COADREAD_LUAD_PAAD,combined_model,genie,cosmic,E162D,0,3.5405653613155877e-11
COADREAD_LUAD_PAAD,combined_model,genie,cosmic,E162G,0,1.8852464482725
COADREAD_LUAD_PAAD,combined_model,genie,cosmic,E162K,0,0.021317872745764393
COADREAD_LUAD_PAAD,combined_model,genie,cosmic,E162Q,0,0.07160845293518128
COADREAD_LUAD_PAAD,combined_model,genie,cosmic,E162V,0,3.1786464620292523
COADREAD_LUAD_PAAD,combined_model,genie,cosmic,I163F,0,0.020075647650204236
COADREAD_LUAD_PAAD,combined_model,genie,cosmic,I163L,0,0.5150377790943508
COADREAD_LUAD_PAAD,combined_model,genie,cosmic,I163M,0,2.6810963485190378
COADREAD_LUAD_PAAD,combined_model,genie,cosmic,I163N,0,0.014453159745870494
COADREAD_LUAD_PAAD,combined_model,genie,cosmic,I163S,1,0.31743725322873523
COADREAD_LUAD_PAAD,combined_model,genie,cosmic,I163T,0,0.027551826515611146
COADREAD_LUAD_PAAD,combined_model,genie,cosmic,I163V,0,0.05098005624366231
COADREAD_LUAD_PAAD,combined_model,genie,cosmic,R164G,0,2.6877597159010636
COADREAD_LUAD_PAAD,combined_model,genie,cosmic,R164L,0,0.3441617908928044
COADREAD_LUAD_PAAD,combined_model,genie,cosmic,R164P,0,0.4948649505115657
COADREAD_LUAD_PAAD,combined_model,genie,cosmic,R164Q,0,2.813627252788137
COADREAD_LUAD_PAAD,combined_model,genie,cosmic,K165E,0,2.140800518889651e-4
COADREAD_LUAD_PAAD,combined_model,genie,cosmic,K165I,0,4.572867655869604
COADREAD_LUAD_PAAD,combined_model,genie,cosmic,K165N,0,0.3784220822604195
COADREAD_LUAD_PAAD,combined_model,genie,cosmic,K165Q,0,1.9077797253792352e-11
COADREAD_LUAD_PAAD,combined_model,genie,cosmic,K165R,0,0.0012469662670379369
COADREAD_LUAD_PAAD,combined_model,genie,cosmic,K165T,0,7.6673084061504e-12
COADREAD_LUAD_PAAD,combined_model,genie,cosmic,H166D,0,3.98384981018103
COADREAD_LUAD_PAAD,combined_model,genie,cosmic,H166L,0,0.21572679781081547
COADREAD_LUAD_PAAD,combined_model,genie,cosmic,H166N,0,0.1038527112105234
COADREAD_LUAD_PAAD,combined_model,genie,cosmic,H166P,0,0.6412761796010001
COADREAD_LUAD_PAAD,combined_model,genie,cosmic,H166Q,0,1.8585454383031024e-6
COADREAD_LUAD_PAAD,combined_model,genie,cosmic,H166R,0,0.007312318195959291
COADREAD_LUAD_PAAD,combined_model,genie,cosmic,H166Y,0,0.06440886236764493
COADREAD_LUAD_PAAD,combined_model,genie,cosmic,K167E,0,0.18079461667422336
COADREAD_LUAD_PAAD,combined_model,genie,cosmic,K167I,0,1.0566461324260088
COADREAD_LUAD_PAAD,combined_model,genie,cosmic,K167N,0,9.55288460522419
COADREAD_LUAD_PAAD,combined_model,genie,cosmic,K167Q,0,9.551464030255663e-8
COADREAD_LUAD_PAAD,combined_model,genie,cosmic,K167R,0,5.722881052887116e-4
COADREAD_LUAD_PAAD,combined_model,genie,cosmic,K167T,0,2.074500354527618e-11
COADREAD_LUAD_PAAD,combined_model,genie,cosmic,E168A,0,1.3710953922077098
COADREAD_LUAD_PAAD,combined_model,genie,cosmic,E168D,0,2.1587970573668652e-11
COADREAD_LUAD_PAAD,combined_model,genie,cosmic,E168G,0,0.6939309462253532
COADREAD_LUAD_PAAD,combined_model,genie,cosmic,E168K,0,0.03376936838391278
COADREAD_LUAD_PAAD,combined_model,genie,cosmic,E168Q,0,0.5880487219127688
COADREAD_LUAD_PAAD,combined_model,genie,cosmic,E168V,0,17.024019813196464
COADREAD_LUAD_PAAD,combined_model,genie,cosmic,K169E,0,1.672926354678882e-4
COADREAD_LUAD_PAAD,combined_model,genie,cosmic,K169M,0,2.996248280212417
COADREAD_LUAD_PAAD,combined_model,genie,cosmic,K169N,0,0.0019749689465623412
COADREAD_LUAD_PAAD,combined_model,genie,cosmic,K169Q,0,1.3255090842807851e-11
COADREAD_LUAD_PAAD,combined_model,genie,cosmic,K169R,0,0.0721281033046763
COADREAD_LUAD_PAAD,combined_model,genie,cosmic,K169T,0,3.708153627323908
COADREAD_LUAD_PAAD,combined_model,genie,cosmic,M170I,0,2.0024301645116247e-5
COADREAD_LUAD_PAAD,combined_model,genie,cosmic,M170K,0,0.20086774751150369
COADREAD_LUAD_PAAD,combined_model,genie,cosmic,M170L,0,0.6574624898499511
COADREAD_LUAD_PAAD,combined_model,genie,cosmic,M170R,0,2.15923804993979
COADREAD_LUAD_PAAD,combined_model,genie,cosmic,M170T,0,0.0028734933216440217
COADREAD_LUAD_PAAD,combined_model,genie,cosmic,M170V,0,0.7946485252673612
COADREAD_LUAD_PAAD,combined_model,genie,cosmic,S171C,0,0.213749604358934
COADREAD_LUAD_PAAD,combined_model,genie,cosmic,S171G,0,0.02555437867335084
COADREAD_LUAD_PAAD,combined_model,genie,cosmic,S171I,0,0.009486317476645209
COADREAD_LUAD_PAAD,combined_model,genie,cosmic,S171N,0,1.151078950074562
COADREAD_LUAD_PAAD,combined_model,genie,cosmic,S171R,0,8.890430268895864e-5
COADREAD_LUAD_PAAD,combined_model,genie,cosmic,S171T,0,0.03847889869273733
COADREAD_LUAD_PAAD,combined_model,genie,cosmic,K172E,0,0.05879478147048347
COADREAD_LUAD_PAAD,combined_model,genie,cosmic,K172I,0,1.3881514469362684
COADREAD_LUAD_PAAD,combined_model,genie,cosmic,K172N,0,18.04824207339865
COADREAD_LUAD_PAAD,combined_model,genie,cosmic,K172Q,0,1.096674558642291
COADREAD_LUAD_PAAD,combined_model,genie,cosmic,K172R,0,4.0398883853478857e-4
COADREAD_LUAD_PAAD,combined_model,genie,cosmic,K172T,0,1.1349518949452634e-11
COADREAD_LUAD_PAAD,combined_model,genie,cosmic,D173A,0,5.183441524788106
COADREAD_LUAD_PAAD,combined_model,genie,cosmic,D173E,0,0.4875526311084091
COADREAD_LUAD_PAAD,combined_model,genie,cosmic,D173G,0,0.7955884609568541
COADREAD_LUAD_PAAD,combined_model,genie,cosmic,D173H,0,0.0896534833263954
COADREAD_LUAD_PAAD,combined_model,genie,cosmic,D173N,0,0.03155756827501007
COADREAD_LUAD_PAAD,combined_model,genie,cosmic,D173V,0,0.34898348635657017
COADREAD_LUAD_PAAD,combined_model,genie,cosmic,D173Y,0,0.01114948349671996
COADREAD_LUAD_PAAD,combined_model,genie,cosmic,G174A,0,0.9669197287333502
COADREAD_LUAD_PAAD,combined_model,genie,cosmic,G174C,0,3.870936828490448
COADREAD_LUAD_PAAD,combined_model,genie,cosmic,G174D,0,0.6840878349955277
COADREAD_LUAD_PAAD,combined_model,genie,cosmic,G174R,0,0.12556563988195027
COADREAD_LUAD_PAAD,combined_model,genie,cosmic,G174S,0,1.761819403473735
COADREAD_LUAD_PAAD,combined_model,genie,cosmic,G174V,0,0.28197816037465
COADREAD_LUAD_PAAD,combined_model,genie,cosmic,K175E,0,0.2819854269284381
COADREAD_LUAD_PAAD,combined_model,genie,cosmic,K175I,0,4.387696739713859
COADREAD_LUAD_PAAD,combined_model,genie,cosmic,K175N,0,4.136827870855931e-11
COADREAD_LUAD_PAAD,combined_model,genie,cosmic,K175Q,0,7.155941539092436e-8
COADREAD_LUAD_PAAD,combined_model,genie,cosmic,K175R,0,9.056476557140266e-4
COADREAD_LUAD_PAAD,combined_model,genie,cosmic,K175T,0,2.5339914145259286e-11
COADREAD_LUAD_PAAD,combined_model,genie,cosmic,K176E,0,4.02374238167908e-4
COADREAD_LUAD_PAAD,combined_model,genie,cosmic,K176M,0,3.2131751142002485
COADREAD_LUAD_PAAD,combined_model,genie,cosmic,K176N,0,5.000946229169163e-4
COADREAD_LUAD_PAAD,combined_model,genie,cosmic,K176Q,0,1.446843789239114e-11
COADREAD_LUAD_PAAD,combined_model,genie,cosmic,K176R,0,0.43909930958051
COADREAD_LUAD_PAAD,combined_model,genie,cosmic,K176T,0,2.188680864249843
COADREAD_LUAD_PAAD,combined_model,genie,cosmic,K177E,0,3.269805193371798
COADREAD_LUAD_PAAD,combined_model,genie,cosmic,K177M,0,1.1652597019034736
COADREAD_LUAD_PAAD,combined_model,genie,cosmic,K177N,0,0.003469312684780539
COADREAD_LUAD_PAAD,combined_model,genie,cosmic,K177Q,0,2.080109740792398
COADREAD_LUAD_PAAD,combined_model,genie,cosmic,K177R,0,0.1973435856054985
COADREAD_LUAD_PAAD,combined_model,genie,cosmic,K177T,0,1.723384058089543
COADREAD_LUAD_PAAD,combined_model,genie,cosmic,K178E,0,0.6208473018515592
COADREAD_LUAD_PAAD,combined_model,genie,cosmic,K178I,0,0.9584822968680085
COADREAD_LUAD_PAAD,combined_model,genie,cosmic,K178N,0,1.8725925430202968e-11
COADREAD_LUAD_PAAD,combined_model,genie,cosmic,K178Q,0,2.8317926621566216
COADREAD_LUAD_PAAD,combined_model,genie,cosmic,K178R,0,4.455393966486192e-4
COADREAD_LUAD_PAAD,combined_model,genie,cosmic,K178T,0,1.5883106557221968e-11
COADREAD_LUAD_PAAD,combined_model,genie,cosmic,K179E,0,4.2116237262051793e-4
COADREAD_LUAD_PAAD,combined_model,genie,cosmic,K179M,0,1.151203758256801
COADREAD_LUAD_PAAD,combined_model,genie,cosmic,K179N,0,0.001502612936060136
COADREAD_LUAD_PAAD,combined_model,genie,cosmic,K179Q,0,4.2155954144347046e-11
COADREAD_LUAD_PAAD,combined_model,genie,cosmic,K179R,0,0.145131262583963
COADREAD_LUAD_PAAD,combined_model,genie,cosmic,K179T,0,4.535322825954309
COADREAD_LUAD_PAAD,combined_model,genie,cosmic,K180E,0,0.1746660939351198
COADREAD_LUAD_PAAD,combined_model,genie,cosmic,K180M,0,2.590477402756844
COADREAD_LUAD_PAAD,combined_model,genie,cosmic,K180N,0,12.409225167958786
COADREAD_LUAD_PAAD,combined_model,genie,cosmic,K180Q,0,1.2038639081569031
COADREAD_LUAD_PAAD,combined_model,genie,cosmic,K180R,0,0.10829957108472232
COADREAD_LUAD_PAAD,combined_model,genie,cosmic,K180T,0,3.1257616776320414
COADREAD_LUAD_PAAD,combined_model,genie,cosmic,S181A,0,0.3518321708284503
COADREAD_LUAD_PAAD,combined_model,genie,cosmic,S181L,0,0.002420985474580012
COADREAD_LUAD_PAAD,combined_model,genie,cosmic,S181P,0,0.3414648871442167
COADREAD_LUAD_PAAD,combined_model,genie,cosmic,S181T,0,0.145621493321329
COADREAD_LUAD_PAAD,combined_model,genie,cosmic,K182E,0,4.193233399959801e-4
COADREAD_LUAD_PAAD,combined_model,genie,cosmic,K182M,0,2.972745507193584
COADREAD_LUAD_PAAD,combined_model,genie,cosmic,K182N,0,0.0016374451718401352
COADREAD_LUAD_PAAD,combined_model,genie,cosmic,K182Q,0,2.3793849716766627e-11
COADREAD_LUAD_PAAD,combined_model,genie,cosmic,K182R,0,0.13918042760589122
COADREAD_LUAD_PAAD,combined_model,genie,cosmic,K182T,0,4.460572225669578
COADREAD_LUAD_PAAD,combined_model,genie,cosmic,T183A,0,0.054584489025636666
COADREAD_LUAD_PAAD,combined_model,genie,cosmic,T183I,0,0.03795162089984038
COADREAD_LUAD_PAAD,combined_model,genie,cosmic,T183K,0,0.1778070386564863
COADREAD_LUAD_PAAD,combined_model,genie,cosmic,T183P,0,0.6180647046383002
COADREAD_LUAD_PAAD,combined_model,genie,cosmic,T183R,0,3.0751616380598605
COADREAD_LUAD_PAAD,combined_model,genie,cosmic,T183S,0,0.24123565271824143
COADREAD_LUAD_PAAD,combined_model,genie,cosmic,K184E,0,3.3990997052972104e-4
COADREAD_LUAD_PAAD,combined_model,genie,cosmic,K184M,0,1.556218807710522
COADREAD_LUAD_PAAD,combined_model,genie,cosmic,K184N,0,3.878992724349851
COADREAD_LUAD_PAAD,combined_model,genie,cosmic,K184Q,0,5.156933440965834e-12
COADREAD_LUAD_PAAD,combined_model,genie,cosmic,K184R,0,0.058655093460091214
COADREAD_LUAD_PAAD,combined_model,genie,cosmic,K184T,0,3.2833173005867726
COADREAD_LUAD_PAAD,combined_model,genie,cosmic,C185F,0,0.31614352598491746
COADREAD_LUAD_PAAD,combined_model,genie,cosmic,C185G,0,0.006701390414739992
COADREAD_LUAD_PAAD,combined_model,genie,cosmic,C185R,0,0.008181953717555843
COADREAD_LUAD_PAAD,combined_model,genie,cosmic,C185S,0,0.35616722290813463
COADREAD_LUAD_PAAD,combined_model,genie,cosmic,C185W,0,0.008302180274039289
COADREAD_LUAD_PAAD,combined_model,genie,cosmic,C185Y,0,0.06123020271961714
COADREAD_LUAD_PAAD,combined_model,genie,cosmic,V186A,0,0.05888425179109553
COADREAD_LUAD_PAAD,combined_model,genie,cosmic,V186E,0,0.1326112633498502
COADREAD_LUAD_PAAD,combined_model,genie,cosmic,V186G,0,0.08767950709300304
COADREAD_LUAD_PAAD,combined_model,genie,cosmic,V186I,0,0.12823490077018604
COADREAD_LUAD_PAAD,combined_model,genie,cosmic,V186L,0,1.221807324934022
COADREAD_LUAD_PAAD,combined_model,genie,cosmic,I187F,0,0.015095223023818964
COADREAD_LUAD_PAAD,combined_model,genie,cosmic,I187L,0,0.06261473737337672
COADREAD_LUAD_PAAD,combined_model,genie,cosmic,I187M,0,2.732595054271878e-7
COADREAD_LUAD_PAAD,combined_model,genie,cosmic,I187N,0,0.015282303010219564
COADREAD_LUAD_PAAD,combined_model,genie,cosmic,I187S,0,0.08434161468909816
COADREAD_LUAD_PAAD,combined_model,genie,cosmic,I187T,0,0.04103557287781223
COADREAD_LUAD_PAAD,combined_model,genie,cosmic,I187V,0,0.016606838955510638
COADREAD_LUAD_PAAD,combined_model,genie,cosmic,M188I,0,0.16995789950757575
COADREAD_LUAD_PAAD,combined_model,genie,cosmic,M188K,0,0.31169054865481716
COADREAD_LUAD_PAAD,combined_model,genie,cosmic,M188L,0,4.21457162344419e-6
COADREAD_LUAD_PAAD,combined_model,genie,cosmic,M188R,0,1.825527076921677
COADREAD_LUAD_PAAD,combined_model,genie,cosmic,M188T,0,0.028837186569947475
COADREAD_LUAD_PAAD,combined_model,genie,cosmic,M188V,0,0.1265137275555554
