"Codon","MUT_aa","LFC_Day6_Day0","LFC_Day12_Day0","LFC_Day12_Day6","Zscore_Day6_Day0","Zscore_Day12_Day0","Zscore_Day12_Day6"
"A11","C",-0.757109965391329,-1.58205883181046,-0.82494886641913,-1.37913662031889,-1.21387672213916,-0.790297430569307
"A11","D",-0.200762389751391,-0.321841305709004,-0.121078915957614,-0.199207026283637,0.14273074392174,0.375035492249329
"A11","E",-0.37686127899525,-2.24091159270032,-1.86405031370508,-0.572686304334883,-1.9231229879192,-2.51064239752924
"A11","F",-0.5403737748896,-1.19717283979812,-0.656799064908521,-0.919471733710379,-0.799552052364525,-0.511907225763362
"A11","G",-0.1381924407009,-0.261161567444665,-0.122969126743763,-0.0665055680324132,0.208051678016887,0.371906043607969
"A11","H",-0.285814785278303,-0.927784071265327,-0.641969285987022,-0.379590374607499,-0.509558613061156,-0.48735492088941
"A11","I",-0.633843480708538,-2.50387673124794,-1.8700332505394,-1.11770693211971,-2.20620147467143,-2.52054779733159
"A11","K",-0.538700504752336,-1.19022936462583,-0.651528859873496,-0.915922979226274,-0.792077493358605,-0.503181830634202
"A11","L",-0.370531793453791,-1.76270169183936,-1.39216989838557,-0.559262416764609,-1.40833636702595,-1.72939327154426
"A11","M",-0.463367152704299,-0.596066836842148,-0.132699684137847,-0.756152261438725,-0.152469406222647,0.35579605215107
"A11","N",-0.00892590287600292,-1.48308655200479,-1.47416064912879,0.207649331128658,-1.10733437453921,-1.86513783791627
"A11","P",-0.198167308661633,-0.466910599530262,-0.268743290868631,-0.193703249308955,-0.0134344283742826,0.130561129480449
"A11","Q",-0.675957279462134,-2.14184146140015,-1.46588418193802,-1.20702396996149,-1.81647530448219,-1.85143525024974
"A11","R",-0.603746154505469,-1.03356144164479,-0.42981528713932,-1.05387502659287,-0.62342655048065,-0.136111002317876
"A11","S",-0.971010032682933,-1.48226025597487,-0.51125022329193,-1.83278651584183,-1.10644487781333,-0.270935357447751
"A11","T",-0.637158845856401,-0.694342708612167,-0.0571838627557657,-1.1247383233296,-0.258262079801223,0.480820671816295
"A11","V",-0.733227467173453,-1.25387514036171,-0.520647673188254,-1.32848543091746,-0.860591327485027,-0.286493853370959
"A11","W",-0.795671337822785,-0.0388857259159572,0.75678561190683,-1.46091949582824,0.447328675755242,1.82843527927577
"A11","Y",-0.396029913390588,-1.28966454133348,-0.893634627942893,-0.613340097018865,-0.899118143339076,-0.90401414653371
"A130","C",-0.598376350467873,-2.07691738187754,-1.47854103140966,-1.04248647926103,-1.74658539326981,-1.87239003511987
"A130","D",0.0770833815879772,0.0425623464377658,-0.0345210351502114,0.390062097076481,0.535006446269309,0.518341437002533
"A130","E",-0.435662313850292,-0.590596734158456,-0.154934420308164,-0.697394462010519,-0.146580913175124,0.318984038692523
"A130","F",-0.264017015556005,-1.35234724535091,-1.0883302297949,-0.333360581029769,-0.96659524352351,-1.22635379836481
"A130","G",-0.0898975664432644,-0.225006705566365,-0.135109139123101,0.0359206019949281,0.246971907693612,0.351806938510796
"A130","H",-0.277439354398137,-0.915284777625164,-0.637845423227027,-0.361827344460494,-0.496103289101976,-0.480527419530307
"A130","I",-0.361923776204232,-0.606211415186895,-0.244287638982664,-0.541006105883704,-0.163389910371718,0.171050109402128
"A130","K",-0.0514994050471156,-0.428996805724875,-0.377497400677759,0.117357331427502,0.0273792682120486,-0.0494930759438802
"A130","L",-0.0146639825244819,-0.36968651237993,-0.355022529855448,0.195479726574555,0.0912260129997705,-0.0122834935655414
"A130","M",-0.408643613412679,-0.194667602875684,0.213976010536994,-0.640091859043222,0.27963154967708,0.92975520508937
"A130","N",-0.521722056730956,-0.0951022567779312,0.426619799953027,-0.879914242676695,0.386812325280954,1.28181002498463
"A130","P",-0.201721145341965,-0.0550574439395639,0.146663701402401,-0.201240402799143,0.429920035615373,0.818312388282012
"A130","Q",-0.30291348897274,-0.621273346175713,-0.318359857202969,-0.415854155366315,-0.179603879475874,0.0484155310944018
"A130","R",0.126447012779447,-0.36519718171067,-0.491644194490117,0.494754939936199,0.096058717971249,-0.238475453692089
"A130","S",-0.817132449138501,-0.706632690222093,0.110499758916407,-1.50643528752226,-0.27149208213372,0.758439065418582
"A130","T",-0.325426047525681,-0.999167317340866,-0.673741269815183,-0.463599908627688,-0.586401731468909,-0.539956880603617
"A130","V",-0.538294923241896,-1.20176669438773,-0.663471771145835,-0.915062801797781,-0.804497275951074,-0.522954613505289
"A130","W",-0.548028549031036,-0.806406403718707,-0.258377854687669,-0.935706359222581,-0.37889716248112,0.14772223151802
"A130","Y",-0.597635204153795,-0.299977455342169,0.297657748811627,-1.04091461931631,0.166266889095218,1.06829938443128
"A134","C",-0.625903562864631,-1.27888087585303,-0.652977312988398,-1.10086755966903,-0.887509670357793,-0.505579901614285
"A134","D",-0.010128252233633,-0.460569547098551,-0.450441294864916,0.205099328843117,-0.00660836946510768,-0.170259591632122
"A134","E",-3.93185064044843e-05,-0.118452636671744,-0.118413318165342,0.226496441005104,0.361675950771626,0.379448678043511
"A134","F",-0.387866747842729,-1.01735049800847,-0.629483750165742,-0.596027249740167,-0.605975684488522,-0.466683764318471
"A134","G",-0.136443873697768,-0.267201997655969,-0.1307581239582,-0.0627971202122257,0.201549234944044,0.359010515273829
"A134","H",-0.523239562033499,-0.769141702428623,-0.245902140395124,-0.883132643356371,-0.33878220538554,0.168377127484597
"A134","I",-0.357300920137504,-0.954217194652511,-0.596916274515003,-0.531201722938701,-0.53801352008764,-0.412764781750717
"A134","K",-0.326741757930344,-1.10527851985037,-0.77853676192003,-0.466390332656868,-0.700629034752349,-0.713457165752437
"A134","L",-0.239473127958206,-1.527400772207,-1.2879276442488,-0.281306684154229,-1.15503804532132,-1.55680893175996
"A134","M",-0.131419243484727,-1.03646744599192,-0.905048202507189,-0.0521406346858319,-0.626554825649075,-0.922910555164449
"A134","N",-0.157762017597044,-0.563439348568634,-0.40567733097159,-0.108009699502652,-0.117346347485644,-0.0961480020599952
"A134","P",0.0243170706559326,0.00386932412662944,-0.0204477465292978,0.27815268187831,0.493353920523113,0.541641290265946
"A134","Q",-0.0895137421948142,-1.11291157901204,-1.02339783681723,0.036734635540655,-0.708845921784254,-1.11885119046875
"A134","R",-0.513835097167817,-0.779594431823019,-0.265759334655199,-0.863187186780382,-0.350034430055847,0.135501392114878
"A134","S",-0.572414368600514,-0.973904089002444,-0.401489720401932,-0.987425017566215,-0.55920620095861,-0.0892149592989468
"A134","T",-0.17894415085531,-0.502197185669083,-0.323253034813774,-0.15293382066464,-0.0514199707241123,0.0403143456931334
"A134","V",-0.559701680418357,-0.7661599792514,-0.206458298833043,-0.960463316531362,-0.335572419899965,0.233680678438287
"A134","W",-0.123446566490406,-0.43039607717073,-0.306949510680322,-0.0352317850005207,0.0258729710441577,0.067306595352637
"A134","Y",-0.426924208093295,-1.47751524885277,-1.05059104075947,-0.678862252956437,-1.10133694052867,-1.16387248426036
"A146","C",-0.450414260124074,-0.94914839327279,-0.498734133148717,-0.72868112297607,-0.532557022575673,-0.250213614888221
"A146","D",-0.0505570600790026,-0.639834907868096,-0.589277847789093,0.119355903479133,-0.199585154654243,-0.400118539165132
"A146","E",0.605928279416442,0.699511343235457,0.0935830638190147,1.51166264487181,1.24220333523339,0.730431644829949
"A146","F",0.207851992963967,0.524678318106918,0.316826325142952,0.667402668491651,1.05399790062314,1.10003503825172
"A146","G",-0.121656494210699,-0.245396949648066,-0.123740455437368,-0.0314353107265755,0.225022080157399,0.370629025430985
"A146","H",0.293807741506678,0.347384912060987,0.0535771705543073,0.849701892796416,0.863143898561024,0.664197556419776
"A146","I",0.842531405091121,1.91591646008975,1.07338505499863,2.01346231516546,2.55164732335514,2.35259994085709
"A146","K",0.933081975778071,1.06213239502543,0.129050419247356,2.20550646667887,1.63256009192043,0.789151692388246
"A146","L",0.597160138288118,0.984474386403226,0.387314248115109,1.49306673530918,1.54896227478627,1.21673542764425
"A146","M",0.831254703355501,0.969024525402,0.137769822046499,1.98954612556823,1.53233070416472,0.803587607918517
"A146","N",-0.417436485191944,0.079305069424942,0.496741554616886,-0.658740218599707,0.574559500639224,1.39790418309158
"A146","P",-0.234261034342232,-0.169106910084698,0.0651541242575338,-0.270252616924232,0.307147296728473,0.683364456906821
"A146","Q",0.802553583389964,1.0693264415698,0.266772858179833,1.92867536363431,1.64030438768775,1.01716610356415
"A146","R",0.0621966881475249,0.984807495786832,0.922610807639309,0.358489657621674,1.54932086262325,2.10297684749188
"A146","S",-0.279519883801777,-0.20450318146378,0.0750167023379991,-0.366239834641281,0.269043679671085,0.699693022906122
"A146","T",-0.160820002334122,-0.667505986500013,-0.506685984165891,-0.11449522554316,-0.229372704095921,-0.263378765327711
"A146","V",-0.546538040810807,-0.136847526555304,0.409690514255511,-0.932545215297081,0.34187409558667,1.2537817592941
"A146","W",0.260351558973044,0.0967958871139629,-0.163555671859081,0.778746357797503,0.5933881340878,0.304710623182176
"A146","Y",0.661743615790542,0.550753856587033,-0.110989759203505,1.63003858479224,1.08206787223598,0.391739183778328
"A155","C",-0.275162543007472,-0.559638918327684,-0.284476375320212,-0.356998569684596,-0.113255234695722,0.104513304485375
"A155","D",0.972331144585249,1.72709628473555,0.754765140150299,2.28874805493169,2.34838490688894,1.82509016949239
"A155","E",0.978248748419785,1.88883877800552,0.91059002958573,2.3012984033036,2.52249855743317,2.0830751477325
"A155","F",1.0359070925436,1.56604202896996,0.530134936426368,2.42358308567414,2.17501213489744,1.45319054273987
"A155","G",-0.0474087215186341,-0.230423958561497,-0.183015237042863,0.126033056399496,0.241140306635443,0.272493205806242
"A155","H",1.15624768941626,1.41689951016282,0.260651820746567,2.67880740556192,2.01446218988374,1.00703206326578
"A155","I",-0.617002613992371,-1.25855551569131,-0.64155290169894,-1.08198998484129,-0.865629689501583,-0.486665551611566
"A155","K",1.13424007218472,1.59159482985968,0.457354757674969,2.63213255695523,2.20251938642171,1.33269507568375
"A155","L",0.0754384300707454,-1.06857385406264,-1.14401228413339,0.386573402129437,-0.661116948453288,-1.31854146895404
"A155","M",-0.802055189748044,-0.765916094641391,0.0361390951066536,-1.47445868632779,-0.335309881349323,0.635326934202672
"A155","N",0.675107384143672,0.154206884886237,-0.520900499257438,1.6583811290184,0.655190312361588,-0.286912434306222
"A155","P",-0.160019063693735,-0.2597081094251,-0.0996890457313686,-0.112796555060573,0.20961630631328,0.410448738649631
"A155","Q",0.138148358522285,-0.220544060793836,-0.358692419316121,0.519571735652674,0.251775885650909,-0.0183593929682972
"A155","R",1.1043695515728,1.8895260318866,0.785156480313802,2.56878167200044,2.52323837712846,1.87540632411426
"A155","S",0.0237248009628885,-1.10631255867275,-1.13003735963563,0.276896566872023,-0.701742163841238,-1.29540446814806
"A155","T",0.0785805917344646,-0.404485593773821,-0.483066185508285,0.393237454780337,0.0537652630472962,-0.224273630937462
"A155","V",-0.552157041612617,-0.60225912347647,-0.0501020818638533,-0.944462271513847,-0.159135320722422,0.492545326946297
"A155","W",1.12088022933802,2.00859581716242,0.887715587824399,2.60379833813826,2.65141542302874,2.04520403239636
"A155","Y",1.23407774103593,1.98729672718349,0.753218986147566,2.84387324791004,2.62848723492847,1.82253034411279
"A18","C",-0.241867381825376,-1.25767407952649,-1.01580669770111,-0.286384536772275,-0.864680835151209,-1.1062832376418
"A18","D",0.551935411244097,0.302750583955556,-0.249184827288543,1.39715188610717,0.815095635863267,0.162942283860859
"A18","E",0.776939563453153,1.78264229391949,1.00570273046633,1.87435187689872,2.40817944966278,2.24054452349104
"A18","F",0.863186378035058,1.69693867938889,0.833752301353837,2.05726840852808,2.31592064439106,1.95586196813234
"A18","G",-0.141874567191531,-0.400512861350931,-0.2586382941594,-0.0743148049294717,0.0580418568526741,0.147291045770411
"A18","H",0.950572305352841,1.01263582840047,0.0620635230476374,2.24260082707212,1.57927769389228,0.6782476319325
"A18","I",0.303865105237202,0.628641642440398,0.324776537203196,0.871032049740072,1.16591304151442,1.11319747522053
"A18","K",0.256483898716951,-0.388910921086207,-0.645394819803158,0.770543631667909,0.0705311917951953,-0.493026263062144
"A18","L",0.703110230767109,1.63603188373194,0.932921652964835,1.71777095813775,2.2503552860218,2.12004756845681
"A18","M",-0.479118465714116,-1.25709572194351,-0.77797725622939,-0.789558429055826,-0.864058240877703,-0.712530843494497
"A18","N",-0.0706333589080383,-0.393740544847185,-0.323107185939147,0.0767770909448522,0.0653321658201508,0.0405558142985879
"A18","P",0.217331946054404,0.751764012491702,0.534432066437301,0.687508224247164,1.29845264121942,1.46030490679546
"A18","Q",-0.20394106994398,-1.26028794091573,-1.05634687097175,-0.205948529245872,-0.867494622297037,-1.17340188445726
"A18","R",0.72427053346809,1.39380893736309,0.669538403894997,1.76264877996867,1.98960549426815,1.68398807869059
"A18","S",0.221997142369277,-0.829708849385161,-1.05170599175444,0.697402404495134,-0.403981936429935,-1.16571840636702
"A18","T",-0.250219490684957,-0.441558683917522,-0.191339193232569,-0.304098104418702,0.0138565728115079,0.258711994959545
"A18","V",-0.52649161323709,-0.411735457476732,0.114756155760357,-0.890029755205956,0.0459608808485185,0.765485991305366
"A18","W",0.993696766853441,1.14829669188034,0.154599925026901,2.33406132870703,1.72531481560918,0.831451665880688
"A18","Y",0.502068292196276,1.04090016492548,0.538831872729201,1.2913912211737,1.60970387759383,1.46758926255267
"A59","C",-0.32563008392137,-1.74167026759732,-1.41604018367595,-0.464032639158159,-1.38569631754424,-1.76891311367946
"A59","D",0.187762214410292,-0.0668742486325531,-0.254636463042843,0.624795267487288,0.417199401963273,0.153916510529386
"A59","E",0.609453809558071,0.633454698336935,0.0240008887788701,1.51913976444761,1.17109423240296,0.615230819219419
"A59","F",0.76207404478917,0.458314031614945,-0.303760013174221,1.84282434596243,0.982557625694308,0.0725871538544888
"A59","G",-0.1236776469199,-0.249552299412231,-0.12587465249233,-0.0357218718622244,0.220548901204239,0.36709563110111
"A59","H",0.885739425945701,0.813049492737665,-0.0726899332080375,2.10510003363196,1.36442564853031,0.455148693079698
"A59","I",0.656200662117612,-0.0373024856532762,-0.693503147770889,1.61828281310665,0.449033012916435,-0.572674809509955
"A59","K",0.65506769866896,1.46426481082413,0.809197112155166,1.61587996790599,2.06545030834621,1.91520819341091
"A59","L",0.939660987925379,0.711194615943546,-0.228466371981833,2.21945956267861,1.25478022347335,0.197243930156492
"A59","M",-0.411775668807424,-2.26284517256363,-1.85106950375621,-0.646734477816508,-1.94673419597156,-2.48915126100842
"A59","N",-0.313966415279156,-1.88818336776942,-1.57421695249027,-0.439295750909586,-1.54341572824319,-2.03079188290883
"A59","P",-0.182826589544065,-0.324455507080566,-0.141628917536501,-0.16116788962885,0.139916590789447,0.341012739341424
"A59","Q",0.647303987720058,-0.265452548977887,-0.912756536697945,1.59941430379734,0.203432493261771,-0.935672537128144
"A59","R",0.852825956212502,1.33736813646581,0.484542180253316,2.03529551091805,1.92884772007295,1.37770679780139
"A59","S",-0.320898621388292,-1.33804682111871,-1.01714819973042,-0.453997918220575,-0.951201026351135,-1.10850423951828
"A59","T",0.176205595098354,-0.959206672908765,-1.13541226800712,0.600285414779707,-0.543384627308409,-1.30430321098872
"A59","V",0.600329876638462,0.52178391958401,-0.0785459570544482,1.49978927396789,1.05088211897068,0.44545341147184
"A59","W",0.823554565506768,1.33789205443164,0.51433748892487,1.97321529045059,1.92941171082004,1.42703615774599
"A59","Y",0.596582519019387,NA,NA,1.49184169165104,NA,NA
"A66","C",-0.656550754049062,-1.57280195469329,-0.91625120064423,-1.16586564618171,-1.20391181659749,-0.94145833171722
"A66","D",-0.572184430070399,-1.94951743179773,-1.37733300172733,-0.986937352501476,-1.60944103535192,-1.70482918248637
"A66","E",-0.263166001306798,-0.717400850093075,-0.454234848786276,-0.331555707706774,-0.283083863531891,-0.176540230940776
"A66","F",-0.674459806446652,-1.67936368651023,-1.00490388006358,-1.203848054752,-1.31862410870983,-1.08823244241156
"A66","G",-0.171924954640099,-0.353687012243597,-0.181762057603507,-0.138047160412475,0.108449262866274,0.274567980070896
"A66","I",-0.688973161006858,-2.04801254431171,-1.35903938330485,-1.23462869855119,-1.71546971868593,-1.67454211623043
"A66","K",-0.622251582840695,-1.27854930446478,-0.65629772162408,-1.0931222588971,-0.887152738152425,-0.511077197667107
"A66","L",-0.342178211298346,-2.62760820409405,-2.28542999279571,-0.499128730294173,-2.33939676546302,-3.20828208612384
"A66","M",-0.688710906906181,-2.76901195327759,-2.08030104637141,-1.23407249701802,-2.49161602753345,-2.86866890255974
"A66","N",-0.35926888368359,-1.61573133860777,-1.25646245492418,-0.535375477853223,-1.25012472946812,-1.50471490356817
"A66","P",-0.298848796464831,-0.343733617195397,-0.0448848207305623,-0.407233553442746,0.119163960730231,0.501183067713011
"A66","Q",-0.28788348005893,-2.06438702780302,-1.77650354774409,-0.383977765331509,-1.73309663316467,-2.36569924632106
"A66","R",-0.551921368492629,-0.450670986918311,0.101250381574316,-0.943962444245844,0.00404729939017945,0.743125719643209
"A66","S",-0.42897435154215,-1.35386463041042,-0.924890278868267,-0.683210299093853,-0.968228688431218,-0.955761261215311
"A66","T",-0.37702683805529,-1.79969909824645,-1.42267226019116,-0.573037430219232,-1.44816358472226,-1.77989323451679
"A66","V",-0.443225531952182,-0.928801106044251,-0.485575574092067,-0.71343491092287,-0.510653437522612,-0.22842819547159
"A66","W",-0.469063739816271,-1.27490987365756,-0.805846133841291,-0.768233866558841,-0.88323493911931,-0.758670788212775
"A66","Y",-0.448989323520173,-0.886517962475397,-0.437528638955223,-0.725659046593995,-0.465136193819866,-0.148881291503345
"A83","C",-0.381938396927222,-1.32408137549407,-0.942142978566848,-0.583454108424709,-0.936167409210557,-0.984324973806077
"A83","D",-0.102159725495147,-0.612901888580668,-0.510742163085517,0.0099144055350242,-0.170592116315919,-0.270094208759816
"A83","E",-0.631020267637943,-0.757533354414438,-0.126513086776493,-1.1117193214998,-0.326285972585641,0.366038634009668
"A83","F",0.68616586601371,1.67708735509222,0.990921489078513,1.68183450707716,2.2945509568615,2.21607257776007
"A83","G",-0.278588783289798,-0.342904019969966,-0.064315236680164,-0.364265110391173,0.120057011149333,0.46901391005074
"A83","H",-0.25046754515264,-0.354840847492191,-0.104373302339548,-0.304624190664364,0.107207174512139,0.402693444591599
"A83","I",0.762869334423902,0.943946494673069,0.181077160249167,1.84451103575302,1.50533453642674,0.875287595926415
"A83","K",-0.584593469373273,-1.15959463601423,-0.575001166640962,-1.01325505989899,-0.759099613988994,-0.376481947548182
"A83","L",1.03262174250121,1.77197090278398,0.739349160282769,2.41661535199198,2.39669183852594,1.79956734547446
"A83","M",-0.588901239314804,-1.32170945474429,-0.732808215429488,-1.02239119252698,-0.93361406795684,-0.637748605239049
"A83","N",0.0653686498942516,-1.0077652350573,-1.07313388495156,0.365216911769957,-0.595657275948423,-1.20119460391298
"A83","P",0.100116281151465,0.15994183183853,0.0598255506870675,0.438911415418778,0.661363906754463,0.674542426346695
"A83","Q",-0.560265022857847,-0.963696738545776,-0.403431715687928,-0.961658081180359,-0.548218123462931,-0.0924301427873827
"A83","R",-0.36948671589788,-0.547771992408775,-0.178285276510893,-0.557045964334015,-0.100480646208141,0.280324167659242
"A83","S",-0.343290738327962,-1.04218291740366,-0.698892179075699,-0.50148823292146,-0.632707454880647,-0.581596934396062
"A83","T",-0.239700867527185,0.0230269541414945,0.262727821668683,-0.281789685552882,0.513976855351355,1.01046910759585
"A83","V",-0.0444015232386317,-0.314581323878532,-0.270179800639902,0.132410871997282,0.150546018150748,0.128182831999054
"A83","W",1.02133543997102,1.03861434569645,0.0172789057254334,2.39267880055238,1.60724322348616,0.604101848372372
"A83","Y",0.704394441105526,1.43500826362985,0.730613822524326,1.72049457526059,2.03395602300827,1.78510504789352
"C118","A",-0.150187154132119,-0.858851473026807,-0.708664318894687,-0.091944552525495,-0.435353584573222,-0.597775770060218
"C118","D",-0.281444445808615,-1.32850674965741,-1.04706230384879,-0.370321541413908,-0.940931265850979,-1.15803027818907
"C118","E",-0.608749692567038,-1.53640426604323,-0.92765457347619,-1.06448677883595,-1.16473018711897,-0.960337850275364
"C118","F",-0.0115090442078696,-0.572334195406462,-0.560825151198591,0.202170876586029,-0.12692153222934,-0.353012018907886
"C118","G",-0.0123293149703336,-0.140258383885566,-0.127929068915233,0.200431205577955,0.338202352872364,0.3636943222468
"C118","H",-0.241588879978108,-1.82839994637372,-1.58681106639561,-0.285793876210473,-1.47905966737886,-2.0516428022555
"C118","I",-0.469672877995386,-1.33502322966111,-0.86535035166572,-0.769525757088907,-0.947946170216581,-0.857186464342879
"C118","K",-0.643057525083654,-0.61076862746059,0.0322888976230633,-1.13724853545365,-0.168295688990784,0.628952515342996
"C118","L",-0.604361615240833,-1.2365913228653,-0.632229707624468,-1.05518032631452,-0.841985527000573,-0.471229994242358
"C118","M",-0.786458822928145,-0.438600169014704,0.347858653913439,-1.44138113629253,0.0170413748972496,1.15141241892306
"C118","N",-0.181085157594801,-1.33384138998988,-1.15275623239508,-0.157474574185581,-0.946673935472611,-1.33301802215553
"C118","P",0.971375961111747,2.01861378015085,1.0472378190391,2.28672225433964,2.66219962742468,2.30931036032538
"C118","Q",-0.415895076110392,-0.975586656626831,-0.559691580516439,-0.655471121597269,-0.561017462708363,-0.351135269892834
"C118","R",-0.214378133881564,-0.178425077565496,0.0359530563160675,-0.22808397326327,0.297116412922595,0.63501892683931
"C118","S",-0.242274256551598,-0.146696434507062,0.0955778220445378,-0.287247456917082,0.331271876697336,0.733734183078302
"C118","T",-0.313455428096191,-1.00804497446116,-0.694589546364968,-0.438212023891167,-0.595958411709485,-0.574473460025089
"C118","V",-0.577091670850269,-1.02365534338023,-0.446563672529956,-0.99734487268266,-0.612762766977483,-0.163839767961253
"C118","W",-0.0370488016392301,-0.0219055120831637,0.0151432895560664,0.148004889463534,0.465607650919268,0.600566104544928
"C118","Y",-0.187836130085236,-0.517119879119608,-0.329283749034373,-0.171792372229043,-0.0674840524635148,0.0303298452541452
"C185","A",1.17355513289086,1.96291010594063,0.78935497304977,2.71551389202282,2.60223536033947,1.88235738348003
"C185","D",1.28286664587243,1.6138583021003,0.330991656227868,2.94734718254693,2.2264857192464,1.12348727778127
"C185","E",0.912593032824372,2.24799776195464,1.33540472913027,2.16205249797278,2.90912844396991,2.78640188465594
"C185","F",0.979088725270062,1.88162295988106,0.902534234611,2.30307986796228,2.51473082484842,2.06973790681552
"C185","G",0.513119581957664,1.111704796156,0.598585214198334,1.31482934585093,1.6859241247889,1.56651738985339
"C185","H",0.935267338990455,1.73155719139287,0.796289852402413,2.21014129361245,2.35318701378825,1.89383882720428
"C185","I",0.924030573890093,2.04939288635579,1.1253623124657,2.18630980361649,2.69533292736018,2.43865391904507
"C185","K",1.0357014228617,1.9732548339102,0.937553411048507,2.42314689118909,2.61337132290722,2.12771594552262
"C185","L",1.52727529273478,2.32853266389385,0.801257371159066,3.46570119018198,2.99582319863438,1.90206309242266
"C185","M",1.22486915852037,2.03014411300434,0.805274954483965,2.82434322835937,2.67461187793797,1.9087146366683
"C185","N",0.950971553063876,1.98008327196504,1.02911171890117,2.24344757146399,2.62072204598072,2.27930063872953
"C185","P",0.776084405558596,2.4235617697706,1.647477364212,1.87253821552669,3.09812077175597,3.303071925383
"C185","Q",0.970993052274455,2.15803402772025,1.1870409754458,2.2859101622434,2.81228367629347,2.54076962459412
"C185","R",0.730492986662069,1.04684018597647,0.316347199314402,1.77584566801591,1.61609823153625,1.09924179355955
"C185","S",0.505195795035302,1.23397616123067,0.728780366195368,1.29802418466052,1.81754762891433,1.7820695624018
"C185","T",0.968947845558189,1.63857832423472,0.669630478676538,2.28157258617386,2.25309649547683,1.68414051846191
"C185","V",1.06439026715406,2.19840338361683,1.13401311646276,2.48399161826513,2.85574075292911,2.45297626183016
"C185","W",0.540434655482368,0.843221131402334,0.302786475919968,1.37276051159381,1.39690501770906,1.07679054753262
"C185","Y",0.630662894411532,1.78486171176507,1.15419881735353,1.56412104589244,2.41056862356115,2.48639587549992
"C51","A",-0.92377244365797,-2.01436088682475,-1.09058844316678,-1.73260268889279,-1.67924415536326,-1.23009251513667
"C51","D",-0.152769782640414,-0.802774540205167,-0.650004757564751,-0.0974219194464,-0.374987509539358,-0.500658514221903
"C51","E",-0.455621320627751,-1.68956228418628,-1.23394096355853,-0.739724515731316,-1.32960276395317,-1.46742813583194
"C51","F",-0.0737159698489371,-0.0919822636865693,-0.0182662938376374,0.0702393364271308,0.390170956496704,0.545252921419537
"C51","G",-0.413926384288963,-0.278401486198533,0.135524898090427,-0.6512958221202,0.189493133947014,0.799870893213592
"C51","H",-0.343113712527643,-2.05377441383462,-1.71066070130698,-0.501112787804325,-1.72167229486928,-2.25668928413281
"C51","I",-0.661461280436288,-0.394932895951772,0.266528384484518,-1.1762801346423,0.0640486156574639,1.01676135088828
"C51","K",-0.209754464209754,-0.863372678040349,-0.653618213830599,-0.218277864784166,-0.440220601853912,-0.506640982359656
"C51","L",-0.560109901795022,-1.06270082420582,-0.502590922410803,-0.961329092719369,-0.654794709643611,-0.256598947151
"C51","M",-0.502372953188807,-0.901962984699649,-0.399590031510842,-0.838877702055172,-0.481762555562125,-0.086069818628503
"C51","N",-0.683912004732393,-1.95420335015898,-1.27029134542659,-1.22389474673804,-1.61448536436859,-1.5276101292813
"C51","P",-0.0226351143000016,-0.493577101392621,-0.470941987092621,0.178574154066088,-0.0421405642364891,-0.204200707569593
"C51","Q",0.0881492759438363,-1.2134357505423,-1.30158502648614,0.413531195903643,-0.817058860259573,-1.57942020696819
"C51","R",-0.138807162511101,-0.384400902709499,-0.245593740198398,-0.0678093006048458,0.0753861668095813,0.16888771740595
"C51","S",-0.2063985369752,-0.267238528578398,-0.060839991603201,-0.211160447484516,0.201509909890168,0.474767554598846
"C51","T",-0.95850981297281,-1.9648450563066,-1.00633524333379,-1.80627542850411,-1.62594102000936,-1.09060221930315
"C51","V",-0.65620592507624,-1.63456112708074,-0.978355202004499,-1.16513431575496,-1.27039474722117,-1.04427823101317
"C51","W",-0.196692306428897,-0.163329026695433,0.0333632797334698,-0.190574991252521,0.313367111626744,0.630731271268182
"C51","Y",-0.376912947897502,-0.82338603970339,-0.44647309180589,-0.572795886311201,-0.397175515599312,-0.163689801763865
"C80","A",-0.517407084700819,-0.711847955664169,-0.19444087096335,-0.870762835501177,-0.277106246267825,0.253576831605459
"C80","D",-0.342069330754276,-0.124731391303568,0.21733793945071,-0.498897811023938,0.354916954618441,0.935321242458574
"C80","E",-0.0588499864361047,-0.444773667186151,-0.38592368075005,0.101767853025881,0.0103956859287684,-0.0634436950585228
"C80","F",-0.0183543555433729,-0.30054191715876,-0.282187561615384,0.187653000030433,0.165659253430078,0.108302683422046
"C80","G",-0.196222906159868,-0.150834986056804,0.0453879201030727,-0.189579463828431,0.326816780799387,0.650639365509973
"C80","H",-0.78221579464414,-1.1453184378796,-0.363102643235461,-1.43238231099007,-0.743731475889596,-0.0256609962358317
"C80","I",-0.732796619747848,-1.58932988170944,-0.856533261961589,-1.32757166828013,-1.22170391099723,-0.842588817563198
"C80","K",-0.335175919831929,-1.02944085788969,-0.69426493805776,-0.484277922473572,-0.618990796675517,-0.573936035821708
"C80","L",-0.406536449930842,-1.87962121747844,-1.4730847675476,-0.635622881985436,-1.53419868692317,-1.86335659945483
"C80","M",-0.45282130746088,-2.1856455393518,-1.73282423189092,-0.733786108620475,-1.86362981389213,-2.2933834090325
"C80","N",-0.510902087332861,-0.686168151995346,-0.175266064662489,-0.856966713724701,-0.249462277934935,0.285322799815086
"C80","P",-0.329785142856872,-1.27098645025258,-0.941201307395701,-0.472844894693416,-0.879011425818249,-0.98276593521168
"C80","Q",0.0349713773482137,-1.09588619034662,-1.13085756769483,0.300748865128844,-0.690518316511574,-1.29676241140778
"C80","R",0.410519270508766,0.9769969363731,0.566477665864337,1.09722950514606,1.54091289892229,1.51335986676256
"C80","S",-0.169865359620003,-0.391138631020036,-0.221273271400037,-0.133679068912941,0.0681330915737209,0.209152887087552
"C80","T",-0.0843341024159692,-0.615132692080103,-0.530798589664133,0.0477198730596136,-0.172993546719772,-0.303299794807113
"C80","V",-0.288938097560058,-0.528224733777911,-0.239286636217852,-0.38621445055214,-0.0794382813382542,0.179329811021897
"C80","W",-0.160966574406032,-0.389634572646465,-0.22866799824043,-0.114806082879255,0.0697521904806299,0.19691011605192
"C80","Y",-0.127027445209775,-0.140964891594596,-0.013937446384821,-0.0428262905913363,0.33744180668645,0.552419797134744
"D105","A",0.309809646037534,-0.0367371871769002,-0.346546833214433,0.883639527368053,0.449641549234746,0.001748940029788
"D105","C",0.547187933597996,-0.571216594587183,-1.11840452818518,1.38708319952179,-0.125718449758173,-1.27614505599966
"D105","E",-0.0643279599835989,0.00861684707867205,0.0729448070622709,0.0901498944204249,0.498464566065364,0.69626277591823
"D105","F",-0.14605416395079,-1.43811147527669,-1.2920573113259,-0.0831791015011096,-1.05891930046486,-1.56364604279457
"D105","G",-0.0725747466307656,-0.156939168618333,-0.0843644219875674,0.0726596993575739,0.320245709166392,0.435820312712071
"D105","H",0.183035402895033,0.0847185813848981,-0.0983168215101315,0.614770410659495,0.580387074522604,0.412720604441669
"D105","I",0.142065480950025,-0.607986005701807,-0.750051486651833,0.527879363614625,-0.165300233543607,-0.666296707966426
"D105","K",0.315698412055426,0.0134133845823747,-0.302285027473051,0.896128715064911,0.503627975122921,0.0750291524042687
"D105","L",-0.226691195149174,-0.930706252348033,-0.704015057198857,-0.254198125672601,-0.512704302271054,-0.590078413869066
"D105","M",-0.509356299670591,-1.61680333799654,-1.10744703832594,-0.853688330410622,-1.25127872260367,-1.2580037449861
"D105","N",-0.0444797697902324,0.00881279628845455,0.0532925660786887,0.13224492282107,0.498675502792916,0.66372636289148
"D105","P",-0.178380599831648,0.0422303898551082,0.220610989686758,-0.151738613639962,0.534649099407268,0.940740131552512
"D105","Q",-0.340694503454564,-1.18365652931964,-0.842962025865079,-0.495982008945083,-0.785001923256712,-0.820120166619599
"D105","R",0.555083885662963,-0.0119404615990355,-0.567024347261993,1.40382932716299,0.476334895705541,-0.363275459281997
"D105","S",-0.175216087656468,-0.774485472864313,-0.599269385207844,-0.145027158913327,-0.344534703442284,-0.416660611313559
"D105","T",-0.0867938155461001,-1.59936066074494,-1.51256684519884,0.0425031911827487,-1.23250191169801,-1.9287234543946
"D105","V",0.197666644376849,0.263610594137889,0.0659439497610421,0.6458010749021,0.772961955519641,0.684672098555561
"D105","W",-0.14910816292419,-0.304144518598376,-0.155036355674188,-0.0896561743358792,0.161781100723106,0.318815273655815
"D105","Y",0.110278100093167,-0.211302083500188,-0.32158018359336,0.460463106166689,0.261724751730017,0.0430839320362467
"D108","A",-0.172810411243763,0.0711953603170681,0.244005771560834,-0.139925080792904,0.565829506256939,0.979472726291278
"D108","C",-0.056270970691541,-1.55931862252104,-1.5030476518295,0.107237557817878,-1.1893971881993,-1.9129633989686
"D108","E",-0.0859304929014009,-0.109914530838202,-0.0239840379368008,0.0443341687627439,0.37086710855185,0.535786576907119
"D108","F",-0.462287128596325,-0.862934407959239,-0.400647279362913,-0.75386169262335,-0.439748809919685,-0.0878202069336004
"D108","G",-0.109816998852898,-0.177459399752234,-0.0676424008993362,-0.00632552043937261,0.298155952291114,0.463505429397911
"D108","H",-0.06900072643983,-0.484951030874946,-0.415950304435114,0.0802396590403561,-0.0328547136395317,-0.113156022056355
"D108","I",-0.434329151525867,-2.35203602616176,-1.91770687463589,-0.694567025082386,-2.04274696788553,-2.59947664444787
"D108","K",-0.208926742621909,-0.344465886027612,-0.135539143405701,-0.21652239169525,0.118375683036603,0.35109501985716
"D108","L",-0.645622129623254,0.301896792150558,0.947518921773813,-1.14268767624579,0.814176540299897,2.1442149276617
"D108","M",0.0663572008258821,-1.23205424001174,-1.29841144083762,0.367313479725879,-0.837101417435519,-1.57416599226962
"D108","N",-0.475943129124579,-0.914272892074791,-0.438329762950213,-0.78282401737315,-0.495014007716816,-0.15020763902821
"D108","P",-0.342705478085804,-0.911019893054123,-0.568314414968318,-0.500246983907048,-0.491512197380802,-0.365411306067131
"D108","Q",-0.392350659036055,0.0776236936798647,0.469974352715921,-0.605536951490813,0.572749521931753,1.3535881818097
"D108","R",-0.433881116306438,-1.77834811544117,-1.34446699913473,-0.693616809717527,-1.42517953468211,-1.65041595623984
"D108","S",-0.677776053713343,-0.98815632103255,-0.310380267319207,-1.21088131680335,-0.57454853986409,0.0616266062312808
"D108","T",-0.381620226911279,-1.06361348081605,-0.681993253904768,-0.582779317638907,-0.655777172389713,-0.553618933844934
"D108","V",-0.496118390589695,-0.75104222673683,-0.254923836147137,-0.825612714785388,-0.319298359663102,0.153440733236511
"D108","W",-0.68082866651992,-0.85320238569993,-0.172373719180008,-1.21735544978661,-0.429272416929269,0.290111390964191
"D108","Y",-0.351468959590308,-0.776900893556922,-0.425431933966619,-0.518833011107851,-0.347134871807985,-0.128853886481151
"D119","A",0.241323251677567,0.0739146920058662,-0.167408559671697,0.738390177802463,0.568756830782516,0.29833175019147
"D119","C",-0.355465544590752,-0.645813951172542,-0.29034840658179,-0.527309167244015,-0.206021515535373,0.0947915208683152
"D119","E",-0.128883040881398,-0.0721172255591647,0.0567658153222332,-0.0467617301319748,0.411555406783306,0.669476703121239
"D119","F",1.00820166893068,1.29511450807595,0.286912839145273,2.36482404606016,1.88336224906924,1.05051002294667
"D119","G",-0.0193048975858279,-0.00149703082596098,0.0178078667598687,0.185637043216068,0.487577110533224,0.604977600644381
"D119","H",0.147798349669095,0.209646105681262,0.0618477560121669,0.540037916570606,0.714869898849956,0.677890406240555
"D119","I",0.943401951212302,2.13475903337317,1.19135708216087,2.22739358357798,2.78722845332616,2.54791540663832
"D119","K",0.681211973969209,-0.113443943712259,-0.794655917681471,1.67132804657495,0.367067742365784,-0.740144173607414
"D119","L",0.493232951323964,-0.458999234527223,-0.952232185851187,1.27265279105358,-0.00491794879233459,-1.00102874899334
"D119","M",0.0616214175087393,-0.855638706754277,-0.917260124263015,0.357269595054669,-0.431895084257403,-0.943128714021236
"D119","N",0.341447573988672,-0.0980226225484504,-0.439470196537123,0.950738817664346,0.383668590230568,-0.152095750325251
"D119","P",0.784749306550614,1.29233940257194,0.507590096021325,1.89091516827625,1.88037488477072,1.41586511814054
"D119","Q",0.54358766957019,-0.259579300847898,-0.803166970418095,1.37944758060521,0.209754967039627,-0.754235143047622
"D119","R",0.293009953310118,0.611334403528215,0.318324450218098,0.848009903931704,1.14728202818627,1.1025153465408
"D119","S",-0.114984155008006,0.0203110799657331,0.135295234973734,-0.0172842820685593,0.511053252792741,0.799490661054421
"D119","T",0.346981826449827,0.402510618083394,0.0555287916335665,0.962476135387476,0.922485990551462,0.667428676451305
"D119","V",1.29870660090163,1.71610791477386,0.417401313872229,2.98094134656507,2.33655607224642,1.26654782303745
"D119","W",1.30354736297136,1.87979955260696,0.576252189635602,2.99120787539319,2.5127679510822,1.52954264931786
"D119","Y",0.650770366822634,0.856653516441465,0.205883149618833,1.60676597290918,1.41136480219362,0.916356597489284
"D126","A",-0.209479786611102,0.0135409653714351,0.223020751982535,-0.217695314878929,0.503765314151605,0.944729753978635
"D126","C",-0.379993722275961,-1.38834119638962,-1.00834747411366,-0.579329745756006,-1.00534225481386,-1.09393368525727
"D126","E",-0.174635219955995,-0.249253674782995,-0.0746184548270001,-0.14379522581967,0.220870366660147,0.451955816706056
"D126","F",-0.115070269399455,-0.935196188348764,-0.820125918949307,-0.0174669177506253,-0.517537658873838,-0.782312518771432
"D126","G",-0.194901167257168,0.0818620610139007,0.276763228271067,-0.186776254260942,0.577312068198705,1.03370624307547
"D126","H",-0.0715591626834691,-0.376099968034602,-0.304540805351134,0.0748136002769118,0.0843220129805885,0.0712944678561171
"D126","I",-0.0537040898356658,-0.296131431057237,-0.242427341221568,0.112681526334728,0.17040708326926,0.174130033791328
"D126","K",-0.428017941171669,-1.67434060467177,-1.2463226635001,-0.681181896437699,-1.31321682767814,-1.48792738085997
"D126","L",-0.590368062894875,-0.308640466691237,0.281727596203639,-1.02550210489029,0.156941272182818,1.04192529176339
"D126","M",-0.743248713851406,-0.442856334719934,0.300392379131473,-1.34973898902067,0.0124596689195759,1.07282686105017
"D126","N",-0.122075004095677,0.109248827812406,0.231323831908083,-0.0323229072944484,0.606793559719503,0.958476401909396
"D126","P",-0.289489527132091,-0.786739973136774,-0.497250446004683,-0.387383949799655,-0.357726510585209,-0.24775721015753
"D126","Q",-0.877529230074753,-1.2790968738015,-0.401567643726747,-1.63452778281025,-0.887742189286855,-0.089343969801246
"D126","R",-0.44846267355762,-1.67023833926797,-1.22177566571035,-0.724542101174038,-1.30880079333542,-1.44728716790302
"D126","S",0.192254594245458,-0.470737963678259,-0.662992557923719,0.63432292995452,-0.0175545351582028,-0.522161224123606
"D126","T",-0.211715828031405,-0.358729357778735,-0.14701352974733,-0.22243762267504,0.1030212447204,0.332097930743933
"D126","V",-0.344184373300973,-0.653549867743346,-0.309365494442371,-0.503383498394141,-0.214349127205115,0.0633066726153975
"D126","W",-0.586133837212591,-1.39121454614023,-0.80508070892764,-1.01652194858314,-1.00843537774188,-0.757403544382807
"D126","Y",-0.292127183160572,-0.6533460384255,-0.361218855264928,-0.392978021820749,-0.214129707645663,-0.0225421812612301
"D12","A",-0.143201634644864,-0.411880159815965,-0.268678525171106,-0.0771293155520228,0.045805110697974,0.130668356105973
"D12","C",-0.314194210006358,-1.6262181895372,-1.31202397953084,-0.43977886929054,-1.2614136855187,-1.59670302413459
"D12","E",-0.166338135556535,-0.144824954640299,0.0215131809162372,-0.126198356783491,0.333286499972484,0.611112149466888
"D12","F",-0.484043590433945,-0.562384565496794,-0.0783409750628508,-0.800003878385872,-0.116210887487115,0.445792781355775
"D12","G",0.428323330788436,0.590557553690203,0.162234222901768,1.13498924121358,1.1249160246768,0.844091072706272
"D12","H",-0.338714530706099,-0.53054600081453,-0.191831470108431,-0.491782784317187,-0.081937094541035,0.257896977284464
"D12","I",-0.373167419563812,-1.90255229423806,-1.52938487467425,-0.564852183633725,-1.55888368716528,-1.95656752336184
"D12","K",-0.556861393597206,-1.48912776377399,-0.932266370176782,-0.954439495052551,-1.11383765894877,-0.967973179109935
"D12","L",-0.458227209116609,-1.59993879179457,-1.14171158267796,-0.745251213575236,-1.23312426211136,-1.31473240855897
"D12","M",-0.550108219562489,-1.17994144354741,-0.629833223984921,-0.940117027864539,-0.781002682656355,-0.467262356069526
"D12","N",-0.541197905363459,-1.51513003065747,-0.973932125294008,-0.921219590586243,-1.14182875465886,-1.03695534855809
"D12","P",0.00619590028348505,-0.519157055903218,-0.525352956186699,0.239720402962721,-0.0696770462737819,-0.294283958894959
"D12","Q",-0.759290086469747,-2.13679130931777,-1.37750122284802,-1.38376032947417,-1.81103888269166,-1.70510769076781
"D12","R",-0.400136491412251,-1.74985726483716,-1.34972077342491,-0.622049531822102,-1.39450951157634,-1.65911414849167
"D12","S",-0.538266411752382,-1.66881681294761,-1.13055040119523,-0.915002333213535,-1.30727053909005,-1.2962538640056
"D12","T",-0.193297470279598,-0.892081799149922,-0.698784328870323,-0.183375053992345,-0.471125590266331,-0.581418376702308
"D12","V",-0.333514969447137,-1.47091090706191,-1.13739593761477,-0.480755296332914,-1.09422745411356,-1.30758739082944
"D12","W",-0.515548054667692,-1.36534481397149,-0.849796759303792,-0.86682011219594,-0.980586953895814,-0.83143580793885
"D12","Y",-0.195444992590634,-0.743906374006063,-0.548461381415427,-0.187929626061303,-0.311616708764929,-0.332542459198704
"D132","A",-0.0587822606648327,-0.144551322831067,-0.0857690621662339,0.101911489208192,0.333581060988871,0.433494778792288
"D132","C",-0.381996215372547,-1.49274436757248,-1.11074815219993,-0.583576732657668,-1.11773088500951,-1.26346909647157
"D132","E",-0.0977599613828968,-0.134934339057899,-0.0371743776750026,0.0192456439732376,0.343933616573481,0.51394854113075
"D132","F",-0.628199983169303,-1.29856218526557,-0.670362202096261,-1.1057379220045,-0.908696339117673,-0.534362468086486
"D132","G",-0.00529432537263119,-0.0558901818078628,-0.0505958564352333,0.215351361220785,0.429023604335846,0.491727829674106
"D132","H",-0.0434006842896011,-0.307214776007434,-0.263814091717833,0.134533500991335,0.158476009310243,0.138721952441833
"D132","I",-0.399519143024305,-0.305630226994959,0.0938889160293463,-0.620740228673023,0.160181755323246,0.730938016283912
"D132","K",-0.387707182018422,-1.41172100297359,-1.02401382095517,-0.595688834608081,-1.03051030676517,-1.11987101891207
"D132","L",-0.320952884259025,-1.01704069349482,-0.696087809235793,-0.454113001614193,-0.605642184035202,-0.576953996449843
"D132","M",0.0284787389044645,-0.532730553783448,-0.561209292687911,0.286978954773184,-0.0842887368617129,-0.353648006740911
"D132","N",-0.157152486251983,-0.0996048036908785,0.0575476825611041,-0.106716975126704,0.381965393198292,0.670771169001096
"D132","P",0.0413689914395956,-0.200108574440177,-0.241477565879771,0.314317243114415,0.273774415893319,0.175702489717811
"D132","Q",-0.420597496878852,-1.38282327303043,-0.962225776151584,-0.665444249316807,-0.999402283442895,-1.01757421990964
"D132","R",-0.343481058156284,-0.834022872000876,-0.49054181384459,-0.501891872674021,-0.408625924605007,-0.236650343160139
"D132","S",-0.537694301812006,-0.818418518064792,-0.280724216252786,-0.913788974012832,-0.391828044386474,0.110725410130825
"D132","T",-0.224950411828178,-0.986415873556747,-0.761465461728569,-0.250506185872408,-0.572674971221329,-0.68519377968888
"D132","V",-0.113236786129274,-1.50444101847779,-1.39120423234852,-0.0135783752901565,-1.13032217470149,-1.72779450685102
"D132","W",-0.191729743554564,-0.964487597245069,-0.772757853690505,-0.180050141223381,-0.54906947237202,-0.703889557398938
"D132","Y",-0.204139114425731,-0.605758097462312,-0.401618983036581,-0.206368551827411,-0.16290191984871,-0.0894289675880469
"D153","A",-0.200177959573834,-0.330841957417402,-0.130663997843564,-0.19796753771149,0.133041661637033,0.359166351249225
"D153","C",-0.47108281680258,-1.18864112637537,-0.717558309572791,-0.772516025398199,-0.7903677759298,-0.612500734729672
"D153","E",-0.0897675104433695,-0.0310104190232039,0.0587570914201656,0.0361964312244908,0.455806339259321,0.672773476330297
"D153","F",-0.23383976284428,-0.777217002080503,-0.54337723923622,-0.269359163390286,-0.347475158444453,-0.324125111275502
"D153","G",-0.0947822748469633,-0.0535617849886307,0.0412204898583308,0.0255608695971955,0.431530092655124,0.643739733462087
"D153","H",-0.134365472445099,-0.105674937878167,0.0286905345669357,-0.058389143519807,0.375430974188947,0.62299503564833
"D153","I",-0.614843569941028,-0.51850607676964,0.0963374931713901,-1.07741097689275,-0.0689762758634594,0.734991900891167
"D153","K",-0.724250577516642,-1.01075600526022,-0.286505427743579,-1.30944679709888,-0.598876800437265,0.101153988478882
"D153","L",0.0762707497033812,-0.145452370771798,-0.221723120475179,0.388338626980312,0.332611094821636,0.208408113230934
"D153","M",-0.506137478704376,-0.0457576939846778,0.4603797847197,-0.846861694900313,0.439931093198683,1.33770333552682
"D153","N",-0.306178042559548,-0.429172209358779,-0.122994166799227,-0.422777782891713,0.0271904485246538,0.371864587084641
"D153","P",-0.40562221500991,-0.994038328338716,-0.588416113328806,-0.633683927119195,-0.580880442779022,-0.398691844451653
"D153","Q",-0.582165918085222,-0.775467841629604,-0.19330192354438,-1.00810658845555,-0.345592210399469,0.255462482390542
"D153","R",-0.492017527512536,-0.812551543679488,-0.320534016166951,-0.816915400520541,-0.38551232421163,0.0448159754967977
"D153","S",-0.253998835724303,0.306698345056072,0.560697180780378,-0.312113527246537,0.819345348371038,1.5037896477558
"D153","T",-0.32622961612887,-1.85654654969431,-1.53031693356544,-0.465304156866119,-1.5093591128461,-1.95811064778589
"D153","V",-0.647429778729137,-0.990807196587479,-0.343377417858342,-1.14652142832642,-0.577402172268759,0.00699625035766551
"D153","W",-0.268255563274272,-0.343552988093236,-0.0752974248189648,-0.342349903725676,0.119358405564956,0.450831708360866
"D153","Y",-0.149658223621968,-0.498128575314411,-0.348470351692441,-0.0908227704068288,-0.0470401655957744,-0.00143565310222982
"D154","A",-0.105558717189901,-0.324959195612601,-0.219400478422699,0.00270565498747893,0.139374376759746,0.212253498660306
"D154","C",-0.23420792575194,-1.17080580800319,-0.936597882251245,-0.270139981585953,-0.771168292061229,-0.975144466394822
"D154","E",-0.181374429103997,-0.314350589525098,-0.132976160421101,-0.158088075581752,0.150794400624457,0.355338315725409
"D154","F",-0.371769092005676,-0.840022786727969,-0.468253694722289,-0.561886541038624,-0.415084753296022,-0.199749948443912
"D154","G",-0.134381975389596,-0.122011195665696,0.0123707797239021,-0.0584241437848455,0.357845209173747,0.595975914291543
"D154","H",-0.108006162781136,-0.162514454053067,-0.0545082912719312,-0.00248500928308558,0.314243988281285,0.485250370136876
"D154","I",-0.607845213129272,-0.59079603577797,0.0170491773513035,-1.06256851388334,-0.146795458727324,0.603721508172447
"D154","K",-0.722995751449814,-1.2618127963712,-0.53881704492138,-1.3067854995999,-0.869136108987001,-0.316575215778403
"D154","L",0.0720340335420318,-1.44661955729165,-1.51865359083368,0.379353188741359,-1.06807813800226,-1.93880072090733
"D154","M",-0.624304924540661,-0.197321456539653,0.42698346800101,-1.09747708804445,0.276774711377497,1.28241211681852
"D154","N",-0.468300251755668,-0.580545077853829,-0.112244826098161,-0.766614623127499,-0.13576043837081,0.389661284627039
"D154","P",-0.554396347270444,-1.16198238351888,-0.607586036248433,-0.949211502267162,-0.761669992534585,-0.430429727694842
"D154","Q",0.0128556551395516,-0.251628797907303,-0.264484453046851,0.253844742112855,0.218313578092686,0.137612096670356
"D154","R",-0.353872516777802,-0.555010500972648,-0.201137984194846,-0.523930594670101,-0.108272804750225,0.242489035441708
"D154","S",-0.494343553485416,-0.43343775373695,0.0609057997484701,-0.821848552028822,0.0225986465298486,0.676330895644569
"D154","T",-0.227790417332619,-0.834126962469206,-0.606336545136587,-0.256529410720756,-0.408737976614726,-0.428361059855778
"D154","V",-0.643183817213631,-1.24471915918395,-0.601535341970317,-1.13751638208079,-0.850735035085026,-0.420412148107057
"D154","W",-0.277974545457706,-1.44598289593824,-1.16800835048053,-0.362962404263573,-1.06739278049255,-1.35826955524916
"D154","Y",-0.399751389328129,-0.555702837025988,-0.155951447697857,-0.621232788178961,-0.109018095336598,0.317300239718237
"D173","A",-0.128004951504899,-0.204416257022599,-0.0764113055176985,-0.0448994345331351,0.269137252680067,0.448987558245528
"D173","C",-0.40934502154364,-1.13424772872794,-0.724902707184299,-0.641579440273833,-0.731814004200249,-0.624660180276891
"D173","E",-0.0123416483228311,0.00242484735336923,0.0147664956762004,0.200405048390896,0.491798960419346,0.599942281475004
"D173","F",-0.317261088508831,-0.492288926474668,-0.175027837965835,-0.446283257670801,-0.0407538610086002,0.285717209908205
"D173","G",-0.304455510876231,-0.284371978561531,0.0200835323147004,-0.419124552071984,0.183065978041034,0.608745211394962
"D173","H",-0.11334744692067,-0.339509354735302,-0.226161907814635,-0.0138130701974137,0.123711323287308,0.201059220128355
"D173","I",-0.40792719287729,-0.719406238858964,-0.311479045981674,-0.638572438759046,-0.285242637962346,0.0598074591723339
"D173","K",-0.406317358584655,-1.61592070091041,-1.20960334232575,-0.635158222167577,-1.25032857547742,-1.42713456843778
"D173","L",-0.606389926523008,-0.535538473706927,0.0708514528160809,-1.05948206970758,-0.0873114254479257,0.692797001281015
"D173","M",-0.673638556637307,-1.19702084252681,-0.523382285889499,-1.20210630733263,-0.799388429316267,-0.291021300820348
"D173","N",-0.387232375131624,-1.01390915901736,-0.626676783885733,-0.594681840560268,-0.602271128670266,-0.4620365276845
"D173","P",-0.497802355653414,-1.32943950660967,-0.831637150956247,-0.829184151601157,-0.941935366348907,-0.801370609873483
"D173","Q",-0.466862563407581,-2.12804502915538,-1.6611824657478,-0.763565502212473,-1.80162362800522,-2.17477270732444
"D173","R",-0.463881296416401,-2.27881122497809,-1.81492992856169,-0.757242682981048,-1.96392143980872,-2.42931828083468
"D173","S",-0.35461519205788,-1.12546630588732,-0.770851113829437,-0.525505697321918,-0.722360918886415,-0.700732743084167
"D173","T",-0.000156875718653637,-1.10152388437341,-1.10136700865476,0.226247119825685,-0.696587219418978,-1.24793759747846
"D173","V",-0.414366322926659,-1.55479196381482,-1.14042564088815,-0.652228865852042,-1.1845243000907,-1.31260339267542
"D173","W",-0.436355210693826,-0.250669383541043,0.185685827152783,-0.698863992079664,0.219346374943513,0.882917743043175
"D173","Y",-0.323751745937917,-0.530012771266735,-0.206261025328814,-0.460048966592089,-0.0813630799993546,0.234007286086656
"D30","A",-0.195664541511144,-0.496637884731962,-0.300973343220818,-0.188395256325533,-0.0454354569388551,0.07720078772194
"D30","C",-0.548561812129311,-2.02915171283208,-1.48058990070277,-0.936837330109508,-1.6951662835476,-1.87578216010012
"D30","E",-0.191483855555934,-0.3152276488524,-0.123743793296468,-0.179528649732978,0.149850257881675,0.370623499243799
"D30","F",-0.396204332429742,-0.45981480003241,-0.0636104676026665,-0.61371001358734,-0.00579589425054529,0.470180731575731
"D30","G",-0.0964407343458316,-0.247972019116467,-0.151531284770636,0.0220435262512258,0.222250052000272,0.324618298089583
"D30","H",-0.239937450347833,-0.492275967169501,-0.252338516821672,-0.282291442159265,-0.0407399104883289,0.157721009335795
"D30","I",-0.260588243396384,-0.59346068702701,-0.332872443630626,-0.326088670591968,-0.149663920484144,0.0243883727417684
"D30","K",-0.0823163776542515,-1.2223770392273,-1.14006066157304,0.0519991640338394,-0.826684039036285,-1.31199912989681
"D30","L",-0.434909555080926,-0.3366958427928,0.0982137122881284,-0.695797973793377,0.126740031607893,0.738098184808704
"D30","M",-0.417903368870032,-1.2003856898236,-0.782482320953566,-0.659730408712632,-0.803010642839278,-0.719989465984446
"D30","N",-0.158989272572342,-0.3824553012974,-0.223466028725065,-0.110612522860182,0.0774805809460029,0.205522539889278
"D30","P",-0.494176918954061,-1.05548125450071,-0.56130433554665,-0.821495145231446,-0.647022938531995,-0.353805360485441
"D30","Q",-0.262011933999226,-1.23930975203257,-0.977297818033341,-0.32910810439306,-0.844911879973679,-1.04252761734818
"D30","R",-0.712660461358178,-0.462235502790756,0.25042495856742,-1.28486590261409,-0.00840174869001345,0.990100385493946
"D30","S",-0.567573492308965,-2.47657543817815,-1.90900194586919,-0.97715824649079,-2.17681199448687,-2.58506469224565
"D30","T",-0.663283959162383,-1.49362062462264,-0.830336665460253,-1.18014576228859,-1.11867416411158,-0.799217515309442
"D30","V",-0.652290687702269,-1.790164621056,-1.13787393335373,-1.15683068570875,-1.43789984638054,-1.30837876453592
"D30","W",-0.38058190815628,-1.24375589118234,-0.863173983026056,-0.580577199609264,-0.849698089846814,-0.853583250387904
"D30","Y",-0.753944876688244,-1.0507997003022,-0.296854823613952,-1.37242394286322,-0.641983307478681,0.0840194429124452
"D33","A",0.2873674669765,0.216953916135033,-0.0704135508414634,0.836043038431629,0.722736659958105,0.45891749058974
"D33","C",0.829439016046928,0.194645784867506,-0.634793231179419,1.98569532566776,0.698722252282777,-0.47547418508336
"D33","E",-0.100570961571165,-0.22348542051653,-0.122914458945365,0.0132839350412603,0.248609550889225,0.371996552068018
"D33","F",0.585820795477998,0.0697889939952194,-0.516031801482775,1.4690176934073,0.564315571549064,-0.27885177792453
"D33","G",0.21423113773367,0.302691323135535,0.0884601854018658,0.680931875821709,0.815031842375858,0.721950164870212
"D33","H",0.378885196862736,0.243078891289301,-0.135806305573434,1.03013838925164,0.750859849495529,0.350652703958341
"D33","I",1.02334298348286,-0.110167889909786,-1.13351087339264,2.39693649862575,0.370594370868881,-1.30115524630851
"D33","K",0.850368248035723,1.30948645708776,0.459118209052033,2.03008308124592,1.898833461719,1.335614660397
"D33","L",0.712073954785236,-0.0540457041176889,-0.766119658902928,1.73678166961535,0.431009160125737,-0.692899307099185
"D33","M",0.984081926802343,0.0852255409655278,-0.898856385836815,2.31366969798022,0.580932809792769,-0.912659332174588
"D33","N",0.994696576134572,1.01219764380404,0.0175010676694676,2.33618177393022,1.57880599398118,0.604469661527928
"D33","P",0.88802790607927,1.8672409700869,0.979213064007636,2.10995355605785,2.49924880342953,2.19668801218726
"D33","Q",0.776444518696898,0.980010559841233,0.203566041144331,1.87330196137135,1.54415702464827,0.912520373497468
"D33","R",0.812119328543188,1.59176055216845,0.779641223625266,1.94896287146124,2.2026977842909,1.86627521943685
"D33","S",0.595621699667415,1.00775660687082,0.412134907203404,1.48980393820777,1.57402527657654,1.25782871651484
"D33","T",0.53806953651087,0.469714029865536,-0.0683555066453376,1.36774444971078,0.994829572734812,0.462324805615461
"D33","V",0.830723856312781,0.0237611511704117,-0.80696270514237,1.98842027877202,0.514767208723181,-0.760519392911653
"D33","W",0.411747507563351,-0.598184382583462,-1.00993189014681,1.09983441134616,-0.154748916150809,-1.09655685757151
"D33","Y",0.627095947229936,0.533083854824037,-0.0940120924059009,1.55655608699945,1.06304634950638,0.419847549619093
"D38","A",0.556692560080233,0.866076152452335,0.309383592372098,1.40724108383313,1.42150814498767,1.0877127881998
"D38","C",1.02262938915387,1.61485714554804,0.59222775639417,2.39542307230059,2.22756096098091,1.55599193002979
"D38","E",0.502078166450998,0.569409991047699,0.0673318245967032,1.29141216298396,1.1021509537461,0.686969875634533
"D38","F",0.584567860957502,1.37226286827427,0.787695007316771,1.46636040759381,1.96641143642912,1.87960913045666
"D38","G",0.276238974460998,0.888716605223099,0.612477630762102,0.81244117831579,1.4458802923572,1.58951778984014
"D38","H",0.391458458350803,1.0695423817237,0.678083923372901,1.05680438722287,1.64053684440172,1.69813611155328
"D38","I",0.721349873570004,1.65521914277897,0.933869269208966,1.75645449927301,2.27101011611051,2.1216164497633
"D38","K",0.909603717566963,1.4959760962824,0.586372378715433,2.15571260957826,2.0995870868944,1.54629771822249
"D38","L",0.813756647342638,1.85401883863037,1.04026219128773,1.95243537856099,2.48501535414029,2.29776145321454
"D38","M",1.27696521961015,1.05769473518422,-0.21927048442593,2.93483114437445,1.6277830099106,0.212468717798592
"D38","N",0.891525237208633,1.3925084694956,0.50098323228697,2.1173708697667,1.98820555784299,1.40492673979213
"D38","P",0.450598876643866,1.25632186440677,0.8057229877629,1.18223232616435,1.84160248225132,1.90945640427767
"D38","Q",0.931056152333944,1.32286423630114,0.391808083967202,2.20120999961641,1.9132344637558,1.22417545952052
"D38","R",0.546229920419517,1.05440520648279,0.508175286063269,1.38505139755076,1.62424187585734,1.41683396362333
"D38","S",1.07323086019045,1.3244101403912,0.251179280200756,2.50274118743591,1.91489860902195,0.991349246641015
"D38","T",0.833509558627959,1.38765962345306,0.554150064825102,1.99432833471721,1.98298583933658,1.49295018832555
"D38","V",0.970511011347099,1.7937073720856,0.8231963607385,2.28488782588277,2.42009085967081,1.93838546537455
"D38","W",0.637619740953101,0.7513217269899,0.1137019860368,1.57887547185738,1.29797652673803,0.763740699175342
"D38","Y",0.458748793360037,0.669061752924769,0.210312959564732,1.19951707466222,1.2094247547912,0.923690627544695
"D47","A",-0.211838514496362,-0.318523004563264,-0.106684490066902,-0.222697822228572,0.146302851129989,0.398867023037824
"D47","C",-1.01583053345407,-2.30378501033278,-1.28795447687871,-1.92784406187053,-1.99080538878282,-1.5568533560844
"D47","E",-0.147980492865631,-0.310800303145665,-0.162819810280034,-0.0872645556200613,0.154616236862438,0.305928921710389
"D47","F",-0.421076010302704,-0.694559216710601,-0.273483206407898,-0.666459104372653,-0.258495147899956,0.122713686034874
"D47","G",-0.131203230986731,-0.367439634428564,-0.236236403441831,-0.0516825046422647,0.0936447473381038,0.184379801682567
"D47","H",-0.237987136223172,-0.231097133090172,0.0068900031330017,-0.27815511901504,0.240415643176438,0.586901895149509
"D47","I",-0.533980290722306,-1.83451042007815,-1.30053012935585,-0.90591211467311,-1.48563751134382,-1.57767371053755
"D47","K",-0.800663675966788,-0.503912489160454,0.296751186806334,-1.4715074947294,-0.0532664722008483,1.06679847286281
"D47","L",-0.394626087280027,-0.762082796479099,-0.367456709199072,-0.610362792820451,-0.331183386677654,-0.0328696239264907
"D47","M",-0.65962705693399,-1.43377873407413,-0.774151677140134,-1.17239002226076,-1.05425516197911,-0.706197183052489
"D47","N",-0.676191721924864,-2.10658359731636,-1.4303918753915,-1.2075211871904,-1.77852068104397,-1.79267389341343
"D47","P",-0.0714175383154814,0.127580173612003,0.198997711927483,0.0751139642765806,0.626527010540179,0.90495700978919
"D47","Q",-0.197500352465063,-1.54755999000318,-1.35005963753812,-0.192288735453381,-1.1767391761228,-1.65967517472561
"D47","R",-0.75576150562825,-1.16955978246682,-0.413798276838572,-1.37627673982244,-0.769826962084042,-0.109593107334081
"D47","S",-0.626096526673074,-0.153687434250807,0.472409092422268,-1.10127680690606,0.323746158120057,1.35761915704374
"D47","T",-0.762103719772844,-1.49792679852977,-0.735823078756921,-1.38972762284697,-1.12330970325587,-0.642740037947538
"D47","V",-0.727215286865086,-0.662094160200022,0.0651211266650638,-1.31573450005853,-0.223546944803155,0.683309825819283
"D47","W",-0.362727661640617,-0.201710020523601,0.161017641117015,-0.542711026077728,0.272050480407366,0.842076889821856
"D47","Y",0.103115177671592,-0.303907838183553,-0.407023015855147,0.445271624231546,0.162035884053102,-0.0983759291046428
"D54","A",0.0359225317989988,0.00945064758530023,-0.0264718842137004,0.302766120769239,0.49936214126097,0.531667677994782
"D54","C",0.374116265719433,0.528907376536681,0.15479111081725,1.02002420302295,1.058550425978,0.83176819465951
"D54","E",0.00675781459939984,-0.173123801214031,-0.17988161581343,0.24091213877625,0.302823166660815,0.277681255081405
"D54","F",0.90039838941513,-0.324784103258138,-1.22518249267327,2.13618949204394,0.139562861358948,-1.45292753885454
"D54","G",0.0732085187891993,0.0719994103272672,-0.00120910846193567,0.381844095436327,0.566695055437402,0.573492938877155
"D54","H",0.0401417237945694,0.0936572671232021,0.0535155433286327,0.311714392886295,0.590009451261697,0.664095525874257
"D54","I",1.10509840176466,1.33399017522047,0.22889177345581,2.57032745371793,1.92521138955811,0.954449865781813
"D54","K",0.764835777900156,1.52403609818632,0.759200320286165,1.84868156682788,2.12979330708427,1.83243309047882
"D54","L",0.687895194946702,1.16440315140863,0.476507956461926,1.68550215384189,1.74265320584367,1.3644052703143
"D54","M",0.123735055560459,0.99156462615467,0.867829570594212,0.489003286256823,1.55659482391667,2.01228057747847
"D54","N",0.92487685898501,1.12707223535327,0.202195376368264,2.18810464711399,1.70246696943077,0.910251089535777
"D54","P",1.37876663399088,1.18659337070195,-0.192173263288929,3.15073664446458,1.76654068284137,0.257331101662458
"D54","Q",0.690955253936837,1.00036586087148,0.309410606934643,1.69199207906139,1.56606923645267,1.08775751373341
"D54","R",1.15117738964103,2.37302204307893,1.2218446534379,2.66805406175785,3.04371542574028,2.59839088228921
"D54","S",-0.0507077184064029,-0.344621303901469,-0.293913585495064,0.119036379809271,0.11820837775504,0.0888889811155493
"D54","T",-0.17323044200333,-0.0767086114467368,0.0965218305565942,-0.140815902907207,0.406612840721782,0.735297091393679
"D54","V",0.524538525694654,1.33332255992066,0.808784034226008,1.33904720935541,1.92449271053531,1.9145242981683
"D54","W",0.322759867847711,-0.246238543168195,-0.568998411015905,0.911105001528829,0.224116115886035,-0.366543735591658
"D54","Y",0.381958529304413,-0.201173224491294,-0.58313175379571,1.03665646546698,0.27262833422236,-0.389943015018191
"D57","A",0.110539255400536,0.469920272872502,0.359381017471968,0.46101697732439,0.995051590598616,1.17048893951417
"D57","C",0.322457210875234,2.0754062534085,1.75294904253327,0.910463111576748,2.72333597225535,3.47769171003516
"D57","E",0.367661474895733,0.692493270457534,0.324831795561801,1.00633456178127,1.2346484728936,1.11328896141695
"D57","F",0.65342505333302,0.0973841030834564,-0.556040950249564,1.61239616402287,0.594021340783743,-0.345091256170926
"D57","G",-0.0262690233808645,0.3148690030969,0.341138026477767,0.170867179048517,0.828140953471936,1.14028569244802
"D57","H",0.287445430294335,1.00801278949054,0.720567359196203,0.836208386911592,1.57430105377165,1.76847203995437
"D57","I",0.53740427476952,0.926834396786147,0.389430122016629,1.36633352954006,1.48691358982622,1.22023848600944
"D57","K",0.934710553673321,1.94350605204401,1.0087954983707,2.2089604356345,2.58134715346821,2.24566493566268
"D57","L",0.569239488775482,1.88331046588545,1.31407097710997,1.43385123390837,2.5165474026988,2.75108154802245
"D57","M",1.55869381655697,2.13530949655046,0.576615679993496,3.53233515729517,2.7878210196416,1.53014444696657
"D57","N",0.381828565953006,1.18600450604654,0.804175940093538,1.03638083273094,1.76590677784364,1.90689509933619
"D57","P",0.145663376198687,-0.262085647876265,-0.407749024074954,0.535509958706645,0.207056917678465,-0.0995779143296458
"D57","Q",1.04510395719488,1.73568926007401,0.690585302879132,2.44308825339579,2.35763513096406,1.71883349906031
"D57","R",0.696768806567185,0.955906846819287,0.259138040252102,1.70432175046714,1.51820969700991,1.00452583573473
"D57","S",0.883091628239654,1.50262027236349,0.619528644123834,2.09948445263695,2.10673945439506,1.60119150599221
"D57","T",0.778882697202333,1.19774858267997,0.418865885477635,1.87847297154569,1.77854912070343,1.26897257992398
"D57","V",0.270910947183664,0.780465618758582,0.509554671574918,0.801141233213804,1.32934954000327,1.41911768570712
"D57","W",0.265622218522154,1.11834546553894,0.85272324701679,0.789924634569763,1.69307271737546,1.9872704229805
"D57","Y",0.337424722864302,0.375282124742302,0.0378574018780053,0.942206955026889,0.893174878310082,0.638171777132599
"D69","A",-0.243356148767031,-0.293010778560896,-0.0496546297938636,-0.289541987707618,0.173766424325732,0.493286132301321
"D69","C",-0.249700504611599,-0.910466615847558,-0.66076611123596,-0.302997412955919,-0.490916601800134,-0.518475100537218
"D69","E",-0.0297376874316626,-0.169014592256095,-0.139276904824433,0.163510663904912,0.30724667564754,0.3449067510782
"D69","F",-0.414711304531874,-2.10170971551126,-1.68699841097938,-0.652960519989157,-1.77327401187094,-2.21751380018161
"D69","G",-0.162542434851966,-0.104645062874734,0.0578973719772353,-0.118148246047825,0.376539620981924,0.671350117696252
"D69","H",-0.141948363395931,-0.103524358760298,0.0384240046356279,-0.0744713155881182,0.377746044109202,0.639109849353447
"D69","I",-0.225996949672874,-1.44134659337892,-1.21534964370605,-0.252725735356045,-1.06240186222914,-1.43664819262149
"D69","K",0.0994104962904601,-1.40689125728125,-1.50630175357171,0.437414551801526,-1.02531114953263,-1.9183509167791
"D69","L",-0.563349989096784,-1.18936308771707,-0.626013098620291,-0.96820083093124,-0.791144957746491,-0.460937724859203
"D69","M",-0.258722069663415,-1.334602785774,-1.07588071611058,-0.322130796573,-0.947493567943957,-1.20574228034232
"D69","N",-0.0937362883561228,-0.417442849480846,-0.323706561124723,0.0277792497421691,0.039816948992191,0.0395634837744414
"D69","P",-0.79429752164565,-1.0610785906116,-0.266781068965951,-1.45800583818841,-0.653048396677763,0.133809800323081
"D69","Q",-0.265129863093863,-0.681510297108341,-0.416380434014476,-0.335720763406869,-0.244448158876388,-0.113868148152348
"D69","R",-0.0153151247184269,-0.910118053104604,-0.894802928386174,0.194098751841849,-0.490541378626603,-0.905948394429087
"D69","S",-0.976103060093191,-1.04102029068868,-0.0649172305954799,-1.84358806154405,-0.631455902629447,0.468017243935936
"D69","T",-0.953418055063401,-1.66849633871959,-0.715078283656188,-1.79547657522239,-1.30692555283061,-0.608394783270648
"D69","V",-0.631812303204955,-1.66183080986057,-1.03001850665561,-1.11339910990181,-1.29975019934749,-1.12981242631739
"D69","W",-0.0646252192513952,-0.927382448700725,-0.862757229449332,0.0895194521887486,-0.509126271692787,-0.852893269712723
"D69","Y",-0.248168617315674,-0.898689785672873,-0.650521168357198,-0.299748510229759,-0.478239000187234,-0.501513488209274
"D92","A",-0.369558254965332,-0.308888576246535,0.0606696787187992,-0.557197687944421,0.156674185534563,0.675939971711157
"D92","C",-0.418369769362709,-1.17431490215581,-0.755945132793098,-0.660719574061917,-0.774945785412942,-0.676054277357414
"D92","E",-0.139205764633003,-0.177900975644334,-0.0386952110113299,-0.0686546757991848,0.297680601695166,0.511430636856274
"D92","F",-0.590072833521804,-0.692180653503826,-0.102107819982024,-1.02487596776025,-0.255934656129308,0.406444195956331
"D92","G",-0.151770928878634,-0.542663365106268,-0.390892436227634,-0.0953035007361495,-0.0949812766180808,-0.07167000780233
"D92","H",-0.266591776290431,-0.290423103647067,-0.0238313273566337,-0.338821261584752,0.176552022077812,0.536039405809127
"D92","I",-0.127532827061433,0.0904153258177978,0.217948152879227,-0.0438981295444836,0.586519544409625,0.936331516867548
"D92","K",-0.60786241156355,-1.67113548245804,-1.06327307089449,-1.06260498917768,-1.30976655609031,-1.18486895844543
"D92","L",-0.42288690946557,-1.3185922091783,-0.895705299712731,-0.67029974933569,-0.930258394415739,-0.907442367875111
"D92","M",-0.920060702182189,-2.05591808182054,-1.13585737963835,-1.72473064306308,-1.72397992504758,-1.30504014149394
"D92","N",-0.365779049270609,-1.75456654618987,-1.38878749691925,-0.549182560645589,-1.3995789905437,-1.72379333964732
"D92","P",-0.375302334497011,-0.814337584330273,-0.439035249833262,-0.569380017349064,-0.387434973303044,-0.15137564895802
"D92","Q",-0.735182834328542,-1.33601207746542,-0.600829243136879,-1.3326324707798,-0.949010651773415,-0.419243125027111
"D92","R",-0.592161761088514,-0.692955517996836,-0.10079375690832,-1.02930626918274,-0.256768787487292,0.408619769670542
"D92","S",-0.740209715867648,-1.2870859638498,-0.546876247982159,-1.34329373103042,-0.896342338849994,-0.329918099150889
"D92","T",-0.278512965703415,-1.85878199477188,-1.58026902906846,-0.364104312685136,-1.5117655398473,-2.04081175104407
"D92","V",-0.565309801510283,-1.38693737480563,-0.821627573295347,-0.972357298518586,-1.00383105948256,-0.784798670150656
"D92","W",-0.507844227582854,-1.1284401911841,-0.620595963601252,-0.850481452762988,-0.725562266997571,-0.451969071230928
"D92","Y",0.0387143707811326,-0.666385329326548,-0.705099700107679,0.308687191662757,-0.228166331499978,-0.591874157657138
"E107","A",-0.0409057116524014,0.167553179986802,0.208458891639204,0.139824962983515,0.669557422168169,0.920621017322887
"E107","C",-0.594044891514702,-1.93979642954921,-1.3457515380345,-1.03330010579959,-1.59897650525708,-1.65254264948703
"E107","D",-0.1520128435223,-0.157726788275433,-0.00571394475312914,-0.0958165653378318,0.3193978470433,0.566034694582745
"E107","F",-0.384504679242314,-0.99296248947379,-0.608457810231474,-0.588896807526514,-0.579722316498274,-0.431873043925388
"E107","G",-0.0878044580108668,-0.144120266447436,-0.0563158084365689,0.0403597704051974,0.334045087473358,0.482257829740556
"E107","H",-0.0984971470776443,-1.38970489500126,-1.29120774792361,0.0176821839068725,-1.00681025829713,-1.56223949858557
"E107","I",-0.329603944397585,-1.3232091974101,-0.993605253012506,-0.47246059999372,-0.93522852106153,-1.06952634183625
"E107","K",0.474443726093567,0.716521250137568,0.242077524044003,1.23280366818675,1.26051427459304,0.976280303723397
"E107","L",-0.600897071917235,-0.477464896455615,0.12343217546162,-1.047832550614,-0.0247959891456604,0.779850081419278
"E107","M",-0.241677084813054,-0.871021305516242,-0.629344220703185,-0.285980945409021,-0.448454247969765,-0.466452758184009
"E107","N",-0.549202624324289,-1.36866474927876,-0.819462124954473,-0.938196396466909,-0.984160820257301,-0.781213535932853
"E107","P",-0.506154631435916,-1.43280622606259,-0.926651594626673,-0.846898073266011,-1.05320826999266,-0.958677310180612
"E107","Q",-0.284826803658133,-0.375171899340399,-0.0903450956822667,-0.377495014075621,0.0853210666308478,0.425918659782437
"E107","R",-0.107738387927506,-0.789836981454737,-0.682098593527229,-0.00191709906262274,-0.361060398996997,-0.55379333499681
"E107","S",-0.73593809518821,-1.22357419286652,-0.487636097678314,-1.33423426555443,-0.827972759063865,-0.231839615396142
"E107","T",-0.202013175501772,-0.630986766463701,-0.428973590961929,-0.201859754878661,-0.190060247690683,-0.134717483151614
"E107","V",-0.20018382548613,-0.867030502045703,-0.666846676559572,-0.197979978429878,-0.444158200921074,-0.528542134875463
"E107","W",-0.609362252868722,-0.418468880807321,0.190893372061401,-1.06578592717367,0.0387124398665208,0.891539397547804
"E107","Y",-0.347549944146071,-1.02699579435472,-0.679445850208648,-0.510521368342412,-0.616358718182847,-0.549401431175795
"E143","A",-0.115635780655431,-0.382180178370698,-0.266544397715267,-0.0186662821334372,0.0777767471305845,0.134201635206963
"E143","C",-0.601231808431999,-1.19931132195772,-0.598079513525724,-1.04854247645401,-0.801854100069516,-0.414690649896403
"E143","D",-0.152460661501463,-0.0693590717425323,0.0831015897589307,-0.0967663199687343,0.414524522815015,0.713078429518119
"E143","F",-0.449778424960844,-0.645143566387931,-0.195365141427088,-0.727332612155005,-0.205299855198883,0.252046601766444
"E143","G",-0.2355199727734,-0.326804638942532,-0.0912846661691304,-0.272922636129931,0.137387781471454,0.424363099098346
"E143","H",-0.322293999705836,-1.6429026173199,-1.32060861761406,-0.456957305919627,-1.27937425091965,-1.61091582208441
"E143","I",-0.288416499271065,0.0290477851897162,0.317464284460781,-0.385108218972587,0.520458200184875,1.10109124898496
"E143","K",0.174240944844302,0.451429360297835,0.277188415453532,0.596118686859632,0.975146368259205,1.0344101864982
"E143","L",-0.573699879280563,-1.86375410307357,-1.290054223793,-0.990151392518228,-1.51711794854217,-1.5603297144759
"E143","M",-0.367051035153125,-1.86445730559497,-1.49740627044185,-0.551880251534688,-1.51787493673741,-1.90362348119415
"E143","N",-0.440097562458927,-1.13287681714373,-0.692779254684808,-0.706800957732573,-0.730338236047589,-0.571476326117878
"E143","P",-0.672865301824624,-0.460529737068693,0.21233556475593,-1.20046635008798,-0.00656551449554071,0.927039269460183
"E143","Q",-0.162702324056003,-0.168241140083737,-0.00553881602773565,-0.118487347019718,0.30807928666106,0.566324639151765
"E143","R",-0.360505712228518,-0.777057130468199,-0.416551418239678,-0.537998605313119,-0.347303058772475,-0.114151231052505
"E143","S",-0.528677640986048,-1.68466279638477,-1.15598515539872,-0.894665991521737,-1.32432853026435,-1.33836385383782
"E143","T",-0.607465087612702,-1.21466654778905,-0.607201460176347,-1.06176232479205,-0.818383797184795,-0.429793020362988
"E143","V",-0.742955346745097,-1.21845819516375,-0.475502848418651,-1.34911680147855,-0.822465455335594,-0.211751707375948
"E143","W",-0.623846513936456,-1.65579797675065,-1.03195146281419,-1.09650486804781,-1.29325593445362,-1.13301264455157
"E143","Y",-0.348616592153707,-1.68861422549483,-1.33999763334113,-0.512783568459275,-1.32858219133578,-1.64301643719518
"E162","A",-0.123695967287031,0.189115434816504,0.312811402103534,-0.0357607266075273,0.69276890374276,1.09338789839677
"E162","C",-0.112100585192179,-0.868437514219943,-0.756336929027762,-0.0111686638630739,-0.44567283088049,-0.676702938450264
"E162","D",-0.0645834802563012,0.0150094207213964,0.0795929009776977,0.0896079743243578,0.50534608687542,0.707269415296083
"E162","F",-0.0538247539640331,-0.637970643635606,-0.584145889671574,0.112425615853164,-0.197578298913767,-0.39162202677822
"E162","G",-0.124572787222332,-0.259954892102266,-0.135382104879932,-0.0376203299123724,0.20935064803175,0.351355014141771
"E162","H",-0.270301427667833,-1.26512467311974,-0.994823245451908,-0.346688874629917,-0.872701300416808,-1.0715428602122
"E162","I",-0.399907162115575,-0.525273108169319,-0.125365946053746,-0.621563158849925,-0.0762608954864484,0.367937849696382
"E162","K",0.0396965058131329,0.0241140528744328,-0.0155824529386948,0.310770152459814,0.515147102730799,0.549696310652298
"E162","L",-0.226702245467967,-1.3398024231237,-1.11310017765573,-0.254221561738001,-0.95309090864373,-1.26736312930697
"E162","M",-0.15074360311284,-1.83970674863149,-1.68896314551865,-0.0931246971844661,-1.49123129016815,-2.22076663096619
"E162","N",-0.451622201557745,-1.5963560353232,-1.14473383376546,-0.731242985214457,-1.22926747224972,-1.31973607250425
"E162","P",0.133435603467772,0.123684686832743,-0.00975091663502958,0.509576690465567,0.622333570646485,0.559351050481463
"E162","Q",-0.183839701242333,-0.381171820151847,-0.197332118909509,-0.163316547279552,0.0788622313901064,0.248790057546583
"E162","R",-0.901420318853146,-0.2189920386918,0.682428280161346,-1.68519719149946,0.25344661687588,1.70532866465307
"E162","S",-0.391016665630207,-0.988611794326552,-0.597595128696343,-0.602707751963887,-0.575038850829012,-0.413888698358877
"E162","T",-0.617685456390292,-0.792640400435259,-0.174954944044964,-1.08343819094238,-0.364078242377765,0.285837893687657
"E162","V",-0.270032083832458,-0.386314329670379,-0.116282245837919,-0.346117636834974,0.073326388043513,0.382976899048577
"E162","W",-0.102739288123995,-1.66118620953445,-1.55844692141046,0.00868524030214144,-1.29905629563887,-2.00468288876989
"E162","Y",-0.0705048165864337,-0.126708218911533,-0.0562034023250995,0.0770497098902531,0.352788925895989,0.482443930230192
"E168","A",-0.169221271429036,-0.380702487602001,-0.211481216172965,-0.1323130546604,0.0793674616602776,0.225364694866365
"E168","C",-0.759704163139723,-1.1693325826344,-0.409628419494675,-1.3846385238593,-0.769582384475358,-0.102689456960723
"E168","D",-0.232294606950333,-0.199531195685168,0.0327634112651687,-0.26608211996187,0.274395956471487,0.629738124061069
"E168","F",-0.247635096945952,-0.559739732184379,-0.312104635238427,-0.298616993708759,-0.113363759476439,0.0587717284147161
"E168","G",-0.0994709547810331,-0.558032853506566,-0.458561898725534,0.0156168841222797,-0.11152632719985,-0.18370413067764
"E168","H",-0.214035056237282,-0.575061619624085,-0.361026563386806,-0.227356357141148,-0.129857568254953,-0.0222238212343259
"E168","I",-0.229221761655189,-1.1111285152135,-0.881906753558312,-0.259565076911109,-0.706926477234833,-0.884597380515963
"E168","K",0.184149005479972,0.232615832103706,0.048466826623736,0.617132194377977,0.739596504941891,0.655736828659888
"E168","L",-0.223227062989032,-1.38895261056106,-1.16572554757203,-0.246851221987977,-1.00600043406677,-1.3544901278367
"E168","M",-0.419601070917508,-0.288110801401396,0.131490269516112,-0.663330979606407,0.17904118480194,0.793191128711767
"E168","N",-0.34859932904337,-0.697023118667166,-0.348423789623794,-0.512746955996736,-0.261147505703817,-0.00135856455552705
"E168","P",-0.230888511056081,-0.554990887483495,-0.324102376427412,-0.263100001893375,-0.108251691089076,0.038908168679265
"E168","Q",-0.0450815970219995,0.109153217586698,0.154234814608698,0.130968537711561,0.606690636578584,0.830847186046711
"E168","R",-0.260559473925204,-0.754557206261298,-0.493997732336094,-0.32602765486738,-0.32308218853961,-0.242371990453203
"E168","S",-0.258543865544102,-0.979719476562853,-0.721175611018751,-0.321752852418367,-0.565466388600099,-0.618489568979483
"E168","T",-0.8133862910885,-1.23155627945288,-0.418169988364379,-1.49849024931113,-0.836565369493032,-0.11683094916374
"E168","V",-0.192631839864127,-1.37659819960623,-1.18396635974211,-0.181963351919229,-0.992701074398317,-1.38468976762356
"E168","W",-0.482257338540441,-1.05401362178621,-0.571756283245767,-0.796215506576895,-0.645443051364355,-0.371109691709374
"E168","Y",-0.559750393887848,-0.983755927091259,-0.42400553320341,-0.960566630478968,-0.569811574101655,-0.126492325557273
"E31","A",-0.0416537611224346,-0.0618995653154446,-0.02024580419301,0.138238462482494,0.422554582628119,0.541975627671361
"E31","C",-0.439227854419029,-0.584541025308567,-0.145313170889539,-0.704956437689026,-0.14006202285032,0.334913058959438
"E31","D",-0.161493160565731,-0.223467950941398,-0.06197479037567,-0.115922892982946,0.248628356655343,0.472888772347288
"E31","F",-0.370026785873426,-1.47318458255883,-1.1031577966854,-0.558191371584625,-1.09667503565456,-1.2509024409819
"E31","G",-0.020126023142101,-0.329777734379734,-0.309651711237633,0.183895559318792,0.134187283633674,0.0628328097173388
"E31","H",-0.139810400750545,-0.367360659394846,-0.227550258644301,-0.0699370181332725,0.0937297629153,0.198760654989764
"E31","I",-0.530975949983119,-0.681906970307113,-0.150931020323991,-0.899540359489932,-0.244875172318031,0.325612100881723
"E31","K",0.591378590413804,1.02688908811167,0.435510497697868,1.48080494118095,1.59462113908283,1.29652953784649
"E31","L",-0.436960944294499,-1.02499392742092,-0.588032983126423,-0.700148662010533,-0.614203734957967,-0.398057530913661
"E31","M",-0.32622746673459,-0.532201097076337,-0.205973630341747,-0.465299598323885,-0.0837187837330294,0.234483099608831
"E31","N",0.185609629383325,-0.37770961894436,-0.563319248327684,0.620229958158721,0.0825892451078189,-0.357141266782914
"E31","P",-0.101334327079712,-0.756000165663659,-0.654665838583945,0.0116649515244104,-0.324635515213713,-0.508375438582759
"E31","Q",-0.1951542739062,-0.717947749674535,-0.522793475768335,-0.187313055423949,-0.283672593683652,-0.290046461904394
"E31","R",0.54203218330826,0.730519014625862,0.188486831317595,1.37614862801886,1.27558268256204,0.88755510874982
"E31","S",-0.00606545485959131,-0.158973444690833,-0.152907989831242,0.213715911472575,0.318055837933193,0.322339013782754
"E31","T",-0.305141926532782,-1.03448586343423,-0.729343936901447,-0.420580336517602,-0.624421678286264,-0.632013117000216
"E31","V",-0.648425645094498,-1.82712709796908,-1.17870145287458,-1.14863351121784,-1.47768946293944,-1.37597314418441
"E31","W",0.116661570414458,-0.431677241836232,-0.548338812250691,0.474001487341574,0.0244938142601307,-0.33233953267386
"E31","Y",-0.207376975489211,-0.680746402720372,-0.473369427231161,-0.21323556852247,-0.243625836691101,-0.208219597578688
"E37","A",0.576222450856301,1.10792955697267,0.531707106116368,1.44866104700714,1.68186012983867,1.4557934399069
"E37","C",0.837288451862443,1.09240820839268,0.255119756530235,2.00234279933484,1.66515160378596,0.997873131906068
"E37","D",-0.1860461467178,-0.363496484040001,-0.177450337322203,-0.167996086524662,0.0978894964755598,0.281706499899018
"E37","F",0.916738695256935,0.475625932826883,-0.44111276243005,2.17084482493751,1.00119365792636,-0.154815196029209
"E37","G",0.318549918657636,0.740362099396139,0.421812180738504,0.90217633201312,1.28617863287368,1.27385049077325
"E37","H",0.564619636421078,0.653737804372577,0.0891181679515025,1.42405322138577,1.19292872725241,0.723039526231965
"E37","I",0.796975328734534,0.190830078588043,-0.606145250146492,1.91684472387024,0.694614695039839,-0.428044350284951
"E37","K",0.849322115156291,2.07727774151966,1.22795562636337,2.02786439063275,2.72535060440548,2.60850825970507
"E37","L",0.419033640838977,0.471529469253074,0.0524958284141004,1.1152872049853,0.99678386917674,0.662407277411576
"E37","M",0.558644393109995,0.739983634602464,0.181339241492468,1.41138062834679,1.28577122053882,0.875721499804641
"E37","N",0.977458057327311,1.22126315386448,0.243805096537168,2.29962146633002,1.80386224496128,0.979140487059141
"E37","P",0.317987105863898,0.752813848595164,0.43482674273127,0.900982690663161,1.29958277587205,1.29539750745764
"E37","Q",0.604532677610099,0.912406948480134,0.307874270870036,1.5087027831866,1.47138263292174,1.08521394301353
"E37","R",0.872320894463872,1.82753345332754,0.955212558863668,2.07664134504023,2.4565041878542,2.15695257698335
"E37","S",0.576508025703088,0.207091976167721,-0.369416049535365,1.44926670833792,0.712120412276732,-0.036113524023934
"E37","T",0.826244371420936,0.853716900439132,0.0274725290181959,1.97891996454158,1.40820357398404,0.62097849556846
"E37","V",0.775624715603216,1.13958853402585,0.363963818422631,1.87156328221848,1.71594059908199,1.17807626274487
"E37","W",0.919370599124635,1.02108904834717,0.101718449222533,2.17642669749008,1.58837747314024,0.743900656320384
"E37","Y",0.740500007119449,0.00629926386603685,-0.734200743253412,1.79706905444336,0.495969718450282,-0.640054085843947
"E3","A",0.0906916010566974,-0.800680658960889,-0.891372260017587,0.418923085380061,-0.372733474128646,-0.900268551448766
"E3","C",-0.490080411973466,-1.52884436612456,-1.03876395415109,-0.81280706959273,-1.15659205504262,-1.14429146166274
"E3","D",-0.141925238686964,-0.313220796804831,-0.171295558117865,-0.0744222715558286,0.152010607515466,0.291896403353187
"E3","F",-0.259407491068199,-0.376196016474378,-0.116788525406184,-0.323584472360046,0.0842186181080331,0.382138698399916
"E3","G",0.0144429417916658,-0.179135055952699,-0.193577997744365,0.25721113854748,0.296352130597621,0.255005411657274
"E3","H",0.168495013482806,-0.164411859971295,-0.332906873454101,0.583932430002261,0.312201455955315,0.0243313704407086
"E3","I",-0.0168919727729158,-0.806532369759049,-0.78964039698613,0.190754494103963,-0.379032763254207,-0.731840435981554
"E3","K",0.671449161874801,0.9175028559577,0.246053694082907,1.65062258938311,1.47686830978882,0.98286328378956
"E3","L",-0.489366241608796,-1.77662833753023,-1.28726209592143,-0.811292421582468,-1.42332821655201,-1.5557070444339
"E3","M",-0.208548244520266,-0.645260522135802,-0.436712277615536,-0.21571965410643,-0.205425756511532,-0.14752971690433
"E3","N",-0.0967435882968335,0.242516568830084,0.339260157126919,0.0214012185372996,0.750254516820251,1.13717667638921
"E3","P",0.0259158076295645,-0.670391830662304,-0.69630763829187,0.281543362723997,-0.23247927709254,-0.577317947256764
"E3","Q",-0.0573378823504651,-0.624732969183352,-0.567395086832883,0.104974798536258,-0.183328117795618,-0.36388925878781
"E3","R",0.551686608832433,0.622200460339634,0.0705138515072026,1.39662421358474,1.15897919434346,0.692238065756399
"E3","S",-0.0525883471858641,-0.447515936578899,-0.394927589393035,0.115047848809152,0.00744366926886656,-0.078350640821503
"E3","T",-0.356635607439323,-0.399033391942432,-0.0423977845031107,-0.529790694696205,0.0596344860645435,0.505300625500769
"E3","V",-0.212664299291962,-1.29637192748243,-1.08370762819046,-0.22444918767222,-0.906338555640086,-1.21870058084189
"E3","W",-0.0172661777697982,-0.540782141294844,-0.523515963525043,0.189960861545127,-0.0929561641156354,-0.291242618621516
"E3","Y",0.496608550735925,-0.238840473493184,-0.73544902422911,1.27981193008496,0.232080039849706,-0.642120750171577
"E49","A",-0.210785315019033,-0.235200759389231,-0.0244154443701987,-0.220464144423301,0.235998143848009,0.535072336841004
"E49","C",-0.56514161759913,-1.14130493841483,-0.576163320815702,-0.972000605719516,-0.739410996903894,-0.378406019630429
"E49","D",-0.253423586067136,-0.297207683492331,-0.0437840974251955,-0.31089350917839,0.169248511785707,0.503005434338858
"E49","F",-0.288738688770353,-0.987813441423382,-0.699074752653029,-0.385791534478474,-0.574179434508767,-0.581899204723642
"E49","G",-0.151964315312865,-0.12810733854193,0.0238569767709311,-0.0957136442989616,0.351282792155427,0.614992557306504
"E49","H",-0.494156723480605,-0.747244072266867,-0.253087348786261,-0.82145231366744,-0.315209696710488,0.156481236929794
"E49","I",-0.447616738484196,-2.58543539198544,-2.13781865350124,-0.722748000019529,-2.29399829211508,-2.96389552956122
"E49","K",-0.177518132940667,0.257603209096001,0.435121342036672,-0.149909450984992,0.766495085133749,1.29588524850895
"E49","L",-0.101459535773044,-0.229139506744765,-0.12767997097172,0.011399402703563,0.242523001994207,0.364106730866307
"E49","M",-0.396434186298194,-1.11139025439402,-0.714956068095825,-0.614197499097416,-0.707208235994013,-0.608192442176134
"E49","N",-0.914820019776947,-1.40395733001552,-0.489137310238576,-1.71361594330768,-1.02215281571237,-0.23432503535117
"E49","P",0.0850929065921093,-0.508681913421052,-0.593774820013161,0.407049095852687,-0.0584006942115157,-0.40756376364484
"E49","Q",-0.168342989207234,-0.487874355732702,-0.319531366525469,-0.130450350065657,-0.0360016341081125,0.046475970551999
"E49","R",-0.871352194044238,-1.70267835614784,-0.831326162103597,-1.62142721774094,-1.34372204160159,-0.80085573415193
"E49","S",-0.594681338301763,-0.658859883101597,-0.0641785447998338,-1.03464991378288,-0.220065288368328,0.469240218260554
"E49","T",-0.159747406679996,-0.21229939632944,-0.0525519896494409,-0.11222041136197,0.260651157686021,0.488489239314565
"E49","V",-0.306394697018106,-1.7462353228617,-1.4398406258436,-0.423237274437153,-1.39061053903885,-1.8083173229619
"E49","W",-0.820362066997868,-1.44649409006084,-0.626132023062974,-1.51328482162027,-1.06794307419103,-0.461134617152012
"E49","Y",-0.762967905471331,-0.93755987999805,-0.17459197452672,-1.39156043083434,-0.520082141609931,0.28643882902992
"E62","A",0.197015545054333,-0.143173117196769,-0.340188662251094,0.644420191093253,0.33506468108979,0.0122755805656275
"E62","C",0.783988582870442,0.458186803006031,-0.325801779864413,1.88930178768034,0.982420665782884,0.0360946222663368
"E62","D",-0.0402629308047988,-0.232126687176233,-0.191863756371433,0.141188204557261,0.239307341846758,0.257843523879889
"E62","F",0.660179432057264,0.442902490788621,-0.217276941268642,1.62672118617631,0.965967306233213,0.215769244369907
"E62","G",-0.265948235200597,-0.236771825009496,0.0291764101911021,-0.337456407651489,0.234306912528035,0.623799455358058
"E62","H",0.914758328559783,0.965035270809784,0.0502769422500027,2.16664476480365,1.52803632446302,0.658733671090814
"E62","I",0.818408757373017,0.847048439816652,0.0286396824436324,1.9623018047663,1.40102506449641,0.622910844451588
"E62","K",0.125748040163053,0.406695801328029,0.280947761164976,0.493272524065949,0.926991284850986,1.04063419041104
"E62","L",0.597229139442067,-0.0487200330748596,-0.645949172516927,1.49321307638647,0.436742174425924,-0.493944054008873
"E62","M",0.780432765186921,0.123615825833305,-0.656816939353615,1.88176043278012,0.622259442693158,-0.511936818842781
"E62","N",-0.154639640932224,-1.00996958622394,-0.855329945291716,-0.101387607860915,-0.59803023076657,-0.840596596512903
"E62","P",0.248858789141016,-0.450463978102114,-0.69932276724313,0.754371920240824,0.00427014163747169,-0.582309819734262
"E62","Q",0.589764454725733,0.349594546106401,-0.240169908619331,1.47738160197623,0.865522540328167,0.1778674579145
"E62","R",0.307524806455238,-0.456296450348665,-0.763821256803901,0.878793726004267,-0.002008437442238,-0.68909405353762
"E62","S",-0.0491425372872634,-0.510571336184729,-0.461428798897465,0.122355893730714,-0.0604346327774066,-0.188450594359738
"E62","T",0.581366938112627,0.243880552834353,-0.337486385278273,1.45957173130894,0.751722827524915,0.0167494927150779
"E62","V",0.66387983646214,-0.0452419258502328,-0.709121762312375,1.63456918778248,0.440486310760296,-0.598533117173286
"E62","W",0.528603265163772,-0.098009422102276,-0.626612687266048,1.34766791087665,0.383682800335939,-0.461930408789794
"E62","Y",0.7622791843873,0.963366209815501,0.201087025428201,1.84325941621948,1.52623960242158,0.908416094534718
"E63","A",-0.276754061300329,-0.419680753983529,-0.142926692683199,-0.36037394079326,0.0374078744524458,0.338864132054139
"E63","C",-0.348904460237076,-1.46531569998521,-1.11641123974813,-0.513394093400189,-1.08820428784489,-1.27284495114529
"E63","D",-0.139848643975203,-0.1957543847934,-0.0559057408181971,-0.0700181262651693,0.278461643345025,0.482936741087683
"E63","F",-0.359084137986214,-0.998678540285473,-0.639594402299259,-0.534983659994657,-0.585875569446201,-0.483423043775747
"E63","G",-0.232164475520666,-0.349618365006767,-0.117453889486098,-0.265806130757096,0.112829107697766,0.381037116115466
"E63","H",-0.566483802895506,-0.524190602302104,0.0422932005934022,-0.97484717901509,-0.0750955922660896,0.645515722244419
"E63","I",-0.487254182717662,-1.7558617929275,-1.26860761020983,-0.806813062097297,-1.40097330649175,-1.52482252330365
"E63","K",-0.701613513210441,-1.62400671017697,-0.922393196966533,-1.26143698584691,-1.25903305729462,-0.951627071725965
"E63","L",-0.619110284895317,-1.72145817908796,-1.10234789419264,-1.08646003806299,-1.36393827212069,-1.24956155970339
"E63","M",-0.964846841198357,-2.03980897193641,-1.07496213073806,-1.81971531297374,-1.70663868174017,-1.20422146278743
"E63","N",-0.614302719859657,-2.50056233614111,-1.88625961628145,-1.07626391515493,-2.20263357226229,-2.54741230291889
"E63","P",-0.691487105810229,-1.53975408417587,-0.84826697836564,-1.23996039765647,-1.16833622194595,-0.828903089940646
"E63","Q",-0.105731195167728,-0.188898310673661,-0.083167115505935,0.002339855118353,0.285842116276137,0.437802583244909
"E63","R",-1.05021077333444,-0.905970806392656,0.144239966941782,-2.00075938362458,-0.48607692250177,0.814299633423991
"E63","S",-0.320343487487328,-1.36834204776595,-1.04799856027862,-0.452820562648125,-0.983813436355297,-1.15958035209288
"E63","T",-1.08580859867457,-0.956345858234553,0.129462740440015,-2.07625702114695,-0.540304998224009,0.789834334771639
"E63","V",-0.677624034970114,-1.04759367431754,-0.369969639347429,-1.21055890789597,-0.638532062993437,-0.0370300519042793
"E63","W",-0.422450548189724,-1.05167343239223,-0.629222884202509,-0.669374292650687,-0.64292386849464,-0.466251872467997
"E63","Y",-0.740471179419142,-1.19639914074485,-0.455927961325711,-1.34384825592758,-0.798719175586973,-0.179343362091562
"E76","A",-0.00953006539969969,-0.235392097400355,-0.225862032000656,0.206367993215938,0.235792171014704,0.201555697010993
"E76","C",-0.367757880447042,-0.906038300647211,-0.538280420200168,-0.553379364170774,-0.486149579172344,-0.315686775443059
"E76","D",-0.0892697045117359,-0.356759830002568,-0.267490125490836,0.0372522027898566,0.10514141527066,0.132635880464667
"E76","F",-0.212429644598721,-0.223020615437454,-0.0105909708387273,-0.223951520334287,0.249109907397112,0.557960249780454
"E76","G",-0.00721905463916528,0.00575291733003702,0.0129719719692041,0.21126929971548,0.49538158364463,0.596971253154829
"E76","H",0.168624005384594,-0.238438837732684,-0.407062843117274,0.584206002439662,0.232512395423285,-0.0984418674498602
"E76","I",0.022563434532362,0.763666683516705,0.741103248984347,0.274433483215513,1.31126570884,1.80247142926458
"E76","K",0.30047255244212,-0.966400565397658,-1.26687311783977,0.863836955131023,-0.551128757237043,-1.52195088336238
"E76","L",0.0307832925441964,-0.750280174212094,-0.78106346675629,0.29186656668995,-0.318478020219175,-0.717640399217665
"E76","M",-0.00878155724116603,-0.795368156001274,-0.786586598760113,0.207955466526332,-0.367014635095531,-0.726784542332324
"E76","N",0.100742052573892,-0.701035282325952,-0.801777334899844,0.440238582558087,-0.265466546712083,-0.751934450967964
"E76","P",0.76532552395693,0.644742081176323,-0.120583442780607,1.84972024460999,1.18324495044571,0.375855801747074
"E76","Q",-0.105720411798933,-0.245065379741497,-0.139344967942565,0.00236272502292705,0.225379010767755,0.344794065215795
"E76","R",-0.360287502553255,-1.61591190418436,-1.2556244016311,-0.537535815386784,-1.25031910591841,-1.50332741559136
"E76","S",-0.167296034046322,-0.644694876221919,-0.477398842175596,-0.128229915517043,-0.20481684618135,-0.21489073035168
"E76","T",-0.390149545918948,-1.13530455172013,-0.745155005801181,-0.600868721376382,-0.732951660146003,-0.658190053693895
"E76","V",-0.296523045300276,-0.788945038759053,-0.492421993458775,-0.402300984761622,-0.36010023450539,-0.239763184110069
"E76","W",0.000459807057886508,-1.12370404996118,-1.12416385701907,0.227555011313007,-0.720463873735887,-1.2856802485435
"E76","Y",-0.341047043214104,-2.22989012613056,-1.88884308291645,-0.4967296927916,-1.91125852521669,-2.55168951168849
"E91","A",-0.167159750058165,-0.536869405219585,-0.369709655161417,-0.127940877660385,-0.0887441555833918,-0.0365996199314783
"E91","C",-0.574533262618191,-0.806489677454344,-0.231956414836155,-0.991918873327527,-0.378986805553964,0.191465786285565
"E91","D",-0.311393704566012,-0.461851754850837,-0.150458050284824,-0.433839418141643,-0.00798864911823533,0.32639515399798
"E91","F",-0.635552036746081,-1.23768518195816,-0.602133145212081,-1.12133052269516,-0.843163051817882,-0.421401876108001
"E91","G",-0.0955504189415333,-0.3221602980228,-0.22660987908127,0.0239317514175684,0.142387352923322,0.200317555187063
"E91","H",-0.25398973118409,-1.39674983868692,-1.14276010750283,-0.312094217885073,-1.014394046813,-1.31646835494794
"E91","I",-0.177329917415982,-1.3305250112993,-1.15319509388331,-0.149510274144187,-0.943103897761862,-1.3337446048722
"E91","K",0.356764596838472,0.388056307593136,0.0312917107546671,0.983223921121846,0.906926116861634,0.627301564500184
"E91","L",-0.710944804942029,-1.39891542517787,-0.687970620235838,-1.28122725320273,-1.0167252719715,-0.563515111075936
"E91","M",-0.651984239677523,-1.89720242631265,-1.24521818663512,-1.15618075550457,-1.55312462524165,-1.48609879980972
"E91","N",-0.564915183133289,-1.22865751892026,-0.663742335786976,-0.971520372248475,-0.833444892194929,-0.523402562567279
"E91","P",-0.229420975111232,-1.36301842149021,-1.13359744637898,-0.259987578711435,-0.97808262321978,-1.30129857726209
"E91","Q",-0.23560849125397,-0.226982583408169,0.00862590784579709,-0.273110370523711,0.244844901381846,0.589775873377121
"E91","R",-0.753452517214955,-1.63589776167334,-0.88244524445839,-1.37137972241745,-1.27183361664662,-0.885488910512504
"E91","S",-0.605535389891752,-1.18567005553499,-0.580134665643234,-1.05766972594164,-0.787169457543665,-0.38498101103666
"E91","T",-0.67967325225953,-1.22386843314941,-0.544195180889883,-1.21490498978841,-0.828289504829035,-0.325479302255432
"E91","V",-0.116973046344294,-0.328463841901508,-0.211490795557211,-0.0215024216808446,0.13560167147438,0.225348835158425
"E91","W",-0.494770053217678,-0.779888778584544,-0.285118725366866,-0.822753093861982,-0.350351290443855,0.103449824425104
"E91","Y",-0.266018148480411,-1.79401174805333,-1.52799359957291,-0.337604683210656,-1.44204122760986,-1.95426411677484
"E98","A",-0.137894125270371,-0.0446521164850378,0.0932420087853369,-0.065872885838313,0.441121232725595,0.729866991289935
"E98","C",-0.310056988828386,-0.755829779838628,-0.445772791010244,-0.431004444958155,-0.324452097131072,-0.162530377963335
"E98","D",-0.0196068036851962,-0.0921573750159315,-0.0725505713307353,0.184996745753003,0.389982451471275,0.455379421758624
"E98","F",-0.416442086943492,-0.921565621181182,-0.505123534237688,-0.656631249363605,-0.502864533954373,-0.260791960278857
"E98","G",-0.133479364965668,0.00483968233073284,0.138319047296401,-0.0565098427296955,0.494398498270348,0.804496909793578
"E98","H",-0.18937615623781,-0.82773712989612,-0.63836097365831,-0.175058536246959,-0.40185940652981,-0.481380969096606
"E98","I",-0.607298344844819,-0.429611941739031,0.177686403105788,-1.06140868844127,0.0267170824447797,0.869673830301286
"E98","K",-0.0670323087529301,-0.188934651634133,-0.121902342881203,0.084414377119291,0.28580299571379,0.373672219811056
"E98","L",-0.586479640062736,-1.33205526319072,-0.74557562312798,-1.01725534445732,-0.944751193643603,-0.658886431225718
"E98","M",-0.688232240671519,-0.937858078230832,-0.249625837559313,-1.23305731787341,-0.520403148055707,0.162212143602006
"E98","N",-0.0569927333879505,-1.72395836837502,-1.66696563498706,0.105706807613054,-1.36662969275493,-2.18434737024097
"E98","P",-0.101133931681174,-0.0432572796823134,0.0578766519988605,0.0120899600471345,0.442622756058925,0.671315813528352
"E98","Q",-0.329061725009396,-0.313244455094894,0.0158172699145052,-0.471310634161933,0.15198513967974,0.601681952011505
"E98","R",-0.433966441166277,-1.15556682589618,-0.721600384729901,-0.693797770921708,-0.754763729774675,-0.61919282785568
"E98","S",-0.597459553240496,-1.19515347186128,-0.597693918620784,-1.04054209012791,-0.797378229541794,-0.414052255776436
"E98","T",-0.453998867497797,-1.19195295821385,-0.737954090716047,-0.736283536482388,-0.793932919014513,-0.646268159006352
"E98","V",-0.665772251341831,-1.39699485950506,-0.731222608163227,-1.18542305603389,-1.01465780847664,-0.635123460709406
"E98","W",-0.859565403700518,-0.710709819745226,0.148855583955294,-1.59642920686753,-0.275881058034008,0.821941287200289
"E98","Y",-0.516782452913612,-0.933756181364924,-0.416973728451312,-0.869438085356893,-0.515987510439146,-0.11485041133849
"F141","A",0.132615023343428,-1.25270829519699,-1.38532331854042,0.507836363347439,-0.8593352341286,-1.71805801721633
"F141","C",-0.298063398896891,-1.34411426712484,-1.04605086822794,-0.405567843239139,-0.957732551569082,-1.15635573699363
"F141","D",-0.434124959282091,-0.588242948311933,-0.154117989029839,-0.694133964021542,-0.14404709390443,0.320335729082527
"F141","E",-0.521792645215882,-0.652401364309142,-0.130608719093265,-0.880063950244426,-0.213112778478513,0.359257871206304
"F141","G",-0.0408541158197782,-1.14112058704676,-1.10026647122698,0.139934389990132,-0.739212545099244,-1.24611553859309
"F141","H",-0.39964267258577,-0.634884164229792,-0.235241491644024,-0.62100221630754,-0.194255744736375,0.18602698589966
"F141","I",-0.170539794006764,-0.00280598607422888,0.167733807932535,-0.135109442886008,0.486168037555138,0.853196231257211
"F141","K",-0.231775861793823,-0.604808996656809,-0.373033134862988,-0.264981939447513,-0.16188022540936,-0.0421020004664344
"F141","L",-0.0651907728238648,-0.0315321117710319,0.0336586610528364,0.0883199980590139,0.455244743929915,0.631220307028294
"F141","M",-0.140784263272391,-0.561823371976654,-0.421039108704266,-0.0720024341795745,-0.115606770099792,-0.121581088574302
"F141","N",-0.37037294875952,-0.706449871756973,-0.336076922997453,-0.558925531040949,-0.271295280478785,0.0190830101471465
"F141","P",-0.0466416927517503,-0.333560701487491,-0.286919008735739,0.127659809136724,0.130114969675209,0.100469260360997
"F141","Q",-0.266043331888859,-0.430943339357585,-0.164900007468724,-0.337658093435141,0.0252838505524944,0.302484930006601
"F141","R",-0.503430746875253,-0.435152358775628,0.06827838809963,-0.841121123487512,0.0207528969281806,0.688537014013968
"F141","S",-0.0757008728709021,-0.248809723594169,-0.173108850723262,0.0660296554301164,0.221348274231541,0.288894301089287
"F141","T",-0.159931517682715,-0.725359934522272,-0.565428416839561,-0.112610883128555,-0.291651712443705,-0.360633223649451
"F141","V",-0.363593351643061,-1.52503750434866,-1.1614441527056,-0.544547024467707,-1.15249401879056,-1.34740181501673
"F141","W",-0.312454782619673,-0.568063502186478,-0.255608719566807,-0.436089805223237,-0.122324187574557,0.15230683457141
"F141","Y",-0.154190673807898,-0.368746208934708,-0.214555535126806,-0.100435416065828,0.0922382371973644,0.220274826930098
"F156","A",0.180104395716937,-0.653535926284569,-0.833640322001507,0.608554184938033,-0.214334119409498,-0.804687076455907
"F156","C",-0.0434540436938313,-0.0985863614559968,-0.0551323177621637,0.134420333714388,0.383061732767435,0.48421722670846
"F156","D",1.14347726205583,2.21891781322263,1.0754405511668,2.65172324840762,2.87782426453627,2.35600303734661
"F156","E",0.946406592586737,1.18665906650597,0.240252473919229,2.23376597636333,1.76661140350377,0.973258735612983
"F156","G",0.720246278431453,0.738403263608721,0.0181569851772636,1.75411393984429,1.28406997210761,0.605555603989297
"F156","H",-0.178832291455439,0.325256235519445,0.504088526974884,-0.152696583688948,0.83932267152003,1.41006789141042
"F156","I",-0.688416983489708,-0.962005037593904,-0.273588054104195,-1.23344912962565,-0.546397029807179,0.122540099320031
"F156","K",1.18449625981088,2.18367750795618,0.999181248145302,2.73871837786995,2.83988854293221,2.22974750331807
"F156","L",-0.203606738514264,0.107423171582367,0.311029910096632,-0.205239462530367,0.60482826498202,1.09043844546726
"F156","M",-0.22712564944608,-1.20908974970138,-0.981964100255297,-0.255119537941874,-0.812380447948849,-1.05025315286343
"F156","N",0.0528030641420134,-1.1677209731481,-1.22052403729011,0.338567192880826,-0.767847508220898,-1.44521496151846
"F156","P",0.722929587354537,0.848832727516935,0.125903140162398,1.75980483479363,1.40294582655984,0.783941031054295
"F156","Q",0.970169079175903,1.00558779112227,0.0354187119463685,2.28416263913691,1.57169057516503,0.634134261872828
"F156","R",0.840551731041165,1.4987666091791,0.65821487813793,2.00926372403221,2.10259103704698,1.66524075561131
"F156","S",0.132786871865497,0.173862101336733,0.0410752294712378,0.508200828235502,0.676348892393618,0.643499239161471
"F156","T",-0.641566923833746,-1.21786376918157,-0.576296845347823,-1.13408719422618,-0.821825563643293,-0.378627083952301
"F156","V",-0.3112227375165,-0.853549439991269,-0.542326702474767,-0.433476822724396,-0.429646016274626,-0.322385833907646
"F156","W",-0.208419517296738,-0.164004268282596,0.0444152490141398,-0.215446643011839,0.31264022300667,0.649029003194798
"F156","Y",0.212398326369367,-0.455786906610628,-0.668185232979994,0.677044758372627,-0.00145992036087041,-0.530758259977472
"F28","A",0.71373472782753,0.944448678475162,0.230713950647635,1.74030391963922,1.5058751306346,0.957466677440629
"F28","C",0.297171508759934,0.0652932190472999,-0.231878289712633,0.856835937597454,0.559475929397011,0.191595130887476
"F28","D",0.867138637226049,1.45481856946078,0.587679932234733,2.06565055628415,2.05528155470305,1.54846251466448
"F28","E",0.546094000702041,1.71588889883708,1.16979489813504,1.38476313225747,2.33632030449294,2.51221687608351
"F28","G",0.889217678592729,2.035719753529,1.14650207493627,2.11247688474709,2.68061398107268,2.47365308497249
"F28","H",0.637671671633703,0.520398888838903,-0.117272782794799,1.57898560902624,1.04939115172842,0.381336957854377
"F28","I",0.528396499673782,0.62549880997055,0.0971023102967639,1.34722939234732,1.1625298240104,0.736258138461827
"F28","K",0.963735668610891,2.06581867955006,1.10208301093916,2.27051834221065,2.71301507605419,2.40011251452666
"F28","L",0.248364069812764,0.405221121219897,0.156857051407135,0.753322694897343,0.925403811257493,0.835188583020175
"F28","N",1.18838875861313,1.56449030067043,0.376101542057302,2.74697378282294,2.17334171994697,1.19817157857741
"F28","P",0.80807290682497,2.12706747938127,1.3189945725563,1.94038101913667,2.7789485973847,2.75923309344428
"F28","Q",0.871661181479638,1.60125111560014,0.729589934120504,2.07524219294943,2.21291425005326,1.78340988976739
"F28","R",0.856424055744533,1.80997100537437,0.953546949629835,2.0429265392644,2.43759844537553,2.15419498053324
"F28","S",0.357042867910369,0.829755445918902,0.472712578008533,0.983814092243771,1.38240938573752,1.35812161029529
"F28","T",0.979159161620574,1.55226338190714,0.573104220286568,2.30322925287578,2.16017960393315,1.52433084517699
"F28","V",0.53603925374987,0.495918259856502,-0.0401209938933693,1.36343852510742,1.02303807905363,0.509070098901582
"F28","W",-0.411104626179378,-1.1279352821112,-0.716830655931814,-0.645311297253926,-0.725018739071794,-0.611296025331744
"F28","Y",-0.253443072035132,-0.466476137608568,-0.213033065573436,-0.31093483598795,-0.0129667358732009,0.222795440139069
"F78","A",-0.50685687564348,-0.996126268590032,-0.489269392946552,-0.848387427689444,-0.583128082789542,-0.23454371257704
"F78","C",-0.267744585627435,-0.248877884375267,0.0188667012521702,-0.341266196931952,0.221274900053977,0.606730615804192
"F78","D",0.991464644724672,0.484719007874888,-0.506745636849779,2.32932733313923,1.01098223271133,-0.263477526805485
"F78","E",0.762989017469664,0.502092706036061,-0.260896311433605,1.84476486550582,1.02968478854028,0.143552653659484
"F78","G",-0.213325647236937,-0.302492478782629,-0.0891668315456915,-0.22585180726903,0.163559499691422,0.427869403650999
"F78","H",-0.415229450609914,-0.126852363086012,0.288377087523903,-0.654059429948115,0.352633756602405,1.05293424469627
"F78","I",-0.158246540145608,-0.423003004085679,-0.264756463940069,-0.109037299008898,0.0338315162449543,0.137161753181443
"F78","K",1.03161649904171,1.03146517355321,-0.000151325488500831,2.41448338169317,1.59954723441697,0.575244213133617
"F78","L",-0.0153262251260013,-0.0241735995394663,-0.00884737441345962,0.194075209545673,0.463166084829945,0.560846962470975
"F78","M",-0.523042064935172,-0.0679375212373099,0.455104543697864,-0.882713781692807,0.416054803095066,1.32896960277616
"F78","N",-0.259210174873319,-0.00511894293415693,0.25409123193916,-0.323165994365505,0.483678170147435,0.9961702980699
"F78","P",1.05292055478562,1.71329072877602,0.660370173990399,2.45966608212339,2.33352340885395,1.66880908128518
"F78","Q",0.121193674963513,-0.831174289417982,-0.952367964381493,0.483613399956707,-0.405559463204807,-1.00125354505329
"F78","R",1.29093388654042,0.736235147810085,-0.554698738730334,2.96445658757205,1.28173602418291,-0.342869079657041
"F78","S",-0.0149734351332675,0.0296137790268318,0.0445872141601029,0.194823424099187,0.521067485049807,0.649313710115496
"F78","T",-0.592834280077424,-1.25754198531703,-0.664707705239607,-1.03073258088483,-0.864538637485285,-0.525000836232886
"F78","V",-0.315721291245399,-0.278814091110698,0.0369072001347011,-0.443017579092355,0.189048970227034,0.636598615252246
"F78","W",-0.414482642476116,-0.42875762724614,-0.0142749847700241,-0.652475562134688,0.0276367406747401,0.551860965787086
"F78","Y",-0.598781218492288,-1.17328346251976,-0.574502244027462,-1.0433451434929,-0.77383545431368,-0.375655927134796
"F82","A",-0.428587440323803,-0.997031757538807,-0.568444317215,-0.682389718548916,-0.584102829643082,-0.365626373303213
"F82","C",-0.140180856238167,-0.0588057328896348,0.0813751233485309,-0.0707226985464859,0.425885052234091,0.710220077422167
"F82","D",0.528609230936897,1.7655264915672,1.2369172606303,1.34768056338485,2.38975451525438,2.62334521566073
"F82","E",0.848172900082629,1.74215031286463,0.893977412781998,2.02542707817791,2.36459036866932,2.05557116168669
"F82","G",-0.232879913460216,-1.33567407325081,-1.10279415979059,-0.267323467103176,-0.948646794715716,-1.25030040072546
"F82","H",-0.299671563630161,0.365917416637577,0.665588980267739,-0.408978518946113,0.883093894139316,1.67744938020518
"F82","I",-0.455108122116537,-0.608927282515021,-0.153819160398481,-0.738636098818022,-0.166313505558943,0.320830472240939
"F82","K",1.03781626239706,2.17543034326539,1.13761408086833,2.42763214800275,2.83101057943652,2.45893804834052
"F82","L",-0.107947776201829,-0.132408126293395,-0.0244603500915623,-0.00236118012333966,0.346653051136327,0.534997990556589
"F82","M",-0.101076603531832,-0.153523911618954,-0.0524473080871211,0.0122115444359988,0.323922188066195,0.488662550976618
"F82","N",0.962643064539147,1.70626817156445,0.7436251070253,2.26820109318277,2.32596371908076,1.80664663833534
"F82","P",0.719393820566715,1.88834944032585,1.16895561975914,1.75230600482972,2.52197179190586,2.51082735984942
"F82","Q",0.946901403495927,1.93006597083246,0.983164567336534,2.23481539593622,2.56687908415603,2.20323015384393
"F82","R",0.93544284888787,1.73308804599534,0.797645197107466,2.21051352372735,2.35483495848045,1.89608274712944
"F82","S",-0.109951930190297,-0.121286248088367,-0.0113343178980703,-0.00661168952706395,0.358625605633515,0.556729558229032
"F82","T",0.0019790100199053,-1.19578172572369,-1.19776073574359,0.230777012473289,-0.798054536498864,-1.40752785084296
"F82","V",-0.0368652022543028,-0.445963772441335,-0.409098570187034,0.148394276165675,0.0091145533932015,-0.101812234056233
"F82","W",0.104600718315611,-0.224836724284582,-0.329437442600192,0.448422232674486,0.247154890290807,0.0300753889129462
"F82","Y",0.0393621686669814,-0.400854518543648,-0.440216687210631,0.310061073620609,0.0576740674124598,-0.153331646470336
"F90","A",-0.903302513762089,-1.49227797647,-0.588975462707905,-1.68918904402484,-1.11722882116845,-0.39961790791891
"F90","C",-0.351680776396053,-0.632756338202851,-0.281075561806796,-0.519282242718728,-0.191965168216973,0.110143719520072
"F90","D",1.14706791059307,1.65513810239301,0.508070191799934,2.65933847431383,2.27092287720899,1.41665996869006
"F90","E",-0.338271721802906,-0.39828119290692,-0.0600094711040136,-0.490843653183599,0.0604442183579009,0.476142571219664
"F90","G",-0.341252264827041,-0.568993579858631,-0.227741315031587,-0.497164936989728,-0.123325403862957,0.198444340451728
"F90","H",-0.446721563157416,-1.03261381646771,-0.585892253310295,-0.720849467688003,-0.622406444535745,-0.394513320890264
"F90","I",-0.201382115966698,-0.221158149850302,-0.0197760338836037,-0.200521372447182,0.251114826919719,0.542753383288511
"F90","K",-0.58104741221999,-0.23890743293811,0.34213997928188,-1.00573440561648,0.232007958894611,1.1419445338135
"F90","L",-0.120296361167465,-0.200742831917868,-0.0804464707504025,-0.0285506729572992,0.273091646123959,0.442306905247627
"F90","M",-0.140820485399736,-0.409255214135475,-0.268434728735738,-0.0720792558678236,0.0486308299364395,0.131071987504663
"F90","N",0.0287524609775556,-0.808490164927633,-0.837242625905185,0.287559478152313,-0.381140303807889,-0.810651080650434
"F90","P",0.841679139036499,0.772099853824768,-0.0695792852117307,2.01165478695132,1.32034390491769,0.460298707679723
"F90","Q",-0.268625857752498,-0.800399509180524,-0.531773651428026,-0.343135242662159,-0.372430820115965,-0.304914115143561
"F90","R",-0.198587489642748,-1.17547121386139,-0.976883724218647,-0.194594390020583,-0.776190539640206,-1.04184204019706
"F90","S",-0.162054035461363,0.0992705796728046,0.261324615134169,-0.117112424342269,0.596052107832012,1.00814594722921
"F90","T",-0.153399696680022,-0.632341821247653,-0.478942124567627,-0.0987578724541531,-0.191518946208008,-0.217445801468811
"F90","V",-0.232436852960733,-0.445683044837899,-0.213246191877168,-0.266383802371668,0.00941675293801175,0.222442586464473
"F90","W",-0.666143204525001,-1.30263679709771,-0.636493592572709,-1.18620979198456,-0.913082604756973,-0.478289317496658
"F90","Y",0.0690544006542373,0.0571500654513235,-0.0119043352029138,0.373033835197623,0.550709932466499,0.55578583285551
"G10","A",0.553000765801734,0.959149756996602,0.406148991194868,1.39941134301098,1.52170064683976,1.24791838436698
"G10","C",0.604993937992514,1.60524496442901,1.0002510264365,1.50968104713453,2.21721357538985,2.23151863712204
"G10","D",0.683218115711417,1.81570211259842,1.132483996887,1.67558277170562,2.44376790635184,2.450444638789
"G10","E",0.795975224058903,1.75592986567021,0.959954641611301,1.91472365215972,2.37942387465368,2.16480360847706
"G10","F",1.11199204230531,1.89959568830618,0.787603646000864,2.58494782925421,2.53407822881797,1.87945787190495
"G10","H",1.03725614086544,1.42788215956291,0.390626018697464,2.42644421441529,2.02628486641751,1.2222184224644
"G10","I",0.819434067305609,1.80124588572434,0.981811818418732,1.96447633303872,2.42820596970023,2.20099053152565
"G10","K",1.13252721297533,1.92606970398156,0.793542491006235,2.62849983999902,2.56257715585079,1.88929027290991
"G10","L",1.1132007255354,2.128088012084,1.01488728654861,2.58751126473132,2.78004718731478,2.2557505506515
"G10","M",1.06224344290518,1.85035533909195,0.78811189618677,2.47943852668109,2.48107164543699,1.88029933512451
"G10","N",0.842770131801066,1.6085823711831,0.765812239382035,2.01396861863884,2.22080624953228,1.84337983852564
"G10","P",1.1325667113661,1.69853848619867,0.565971774832565,2.6285836101496,2.31764281522065,1.51252230937814
"G10","Q",1.05648804196722,2.07805917123582,1.0215711292686,2.46723218627522,2.72619180313918,2.26681637604644
"G10","R",0.2663821760638,0.787112639929529,0.520730463865732,0.791536390301003,1.33650497020544,1.43762042003543
"G10","S",0.765051142020962,1.68615289693236,0.921101754911399,1.84913832176087,2.30430989251308,2.10047844729032
"G10","T",1.01877320926883,2.10551987304179,1.08674666377297,2.38724469431261,2.75575288471571,2.37472153106895
"G10","V",0.829224087268472,1.80212116003517,0.972897072766703,1.98523949403046,2.42914819089644,2.18623120474937
"G10","W",0.917621474533814,1.84988714669178,0.932265672157959,2.1727170671102,2.48056764252284,2.11896152119696
"G10","Y",0.206870685281411,0.0460367440392453,-0.160833941242164,0.665321462378422,0.538746589243525,0.309216742946001
"G115","A",-0.191102568040497,-0.25291477737893,-0.0618122093384308,-0.178719996216727,0.216929238233672,0.473157942859819
"G115","C",-0.22643772856253,-0.461468733447358,-0.235031004884826,-0.253660561136014,-0.00757633165330649,0.18637546952245
"G115","D",0.698576376207601,0.987928665794536,0.289352289586933,1.70815533401346,1.55268076077385,1.05454879731314
"G115","E",-0.508623474516392,-1.09462976157752,-0.586006287061121,-0.852134118395412,-0.689165787592211,-0.394702116113108
"G115","F",-0.47587017904249,-0.399870461627524,0.075999717414966,-0.782669301212762,0.0587333916416448,0.701320510813605
"G115","H",-0.083895518600368,0.317685063501802,0.401580582102167,0.0486500434174109,0.83117240517852,1.24035488841558
"G115","I",-0.520498623940297,-0.990587384092173,-0.470088760151878,-0.877319525598343,-0.577165547030585,-0.202788097975972
"G115","K",-0.268834279950195,-1.07371303405087,-0.804878754100676,-0.343577274819543,-0.666649207604638,-0.757069186297723
"G115","L",-0.428360908642244,-2.52419665406103,-2.09583574541878,-0.681909278897948,-2.22807560229389,-2.89438827903563
"G115","M",-0.58333894327564,-0.493628314532549,0.0897106287430933,-1.01059439858958,-0.0421956945029294,0.724020409228131
"G115","N",0.132659155954718,-0.394354140037033,-0.52701329599175,0.507929961983261,0.0646716387298311,-0.297032831235117
"G115","P",-0.23927425047364,-1.29421168157524,-1.0549374311016,-0.280884894898911,-0.904013079549242,-1.17106840412849
"G115","Q",-0.491353220733705,-1.43434658551621,-0.942993364782506,-0.815506505681809,-1.05486644653117,-0.985732880271707
"G115","R",-0.27232831754001,-0.346534884712341,-0.0742065671723253,-0.350987603425995,0.116148433371494,0.45263774132037
"G115","S",-0.0202674217662775,0.323985469065814,0.344252890832097,0.183595674087819,0.837954708273282,1.14544268768533
"G115","T",-0.491997101461353,-0.836106368556715,-0.34410926709536,-0.816872079935828,-0.410868781036235,0.00578459469616414
"G115","V",-0.728168193631348,-1.47477449349424,-0.746606299862891,-1.31775547209669,-1.09838655370655,-0.660592828169055
"G115","W",0.364997371709796,0.111231479604518,-0.253765892105278,1.00068439931398,0.608927858099005,0.155357834987872
"G115","Y",-0.500226816789706,-0.733463274868159,-0.233236458078453,-0.834326069297137,-0.300374850938113,0.189346536086144
"G138","A",-0.190456109541302,-0.360784975710034,-0.170328866168731,-0.177348954896668,0.100808399259032,0.293496866554964
"G138","C",-0.0762011609031283,-0.492616275398767,-0.416415114495639,0.0649686197024305,-0.0411062477872648,-0.113925565444351
"G138","D",-0.477381383239152,-0.983983498677182,-0.50660211543803,-0.785874338193863,-0.570056551898052,-0.26323991156686
"G138","E",0.300524108199067,0.579162889576299,0.278638781377234,0.863946297143154,1.11264981976375,1.03681142434038
"G138","F",-0.113984044721144,-1.16949393887299,-1.05550989415184,-0.0151631984574554,-0.76975608232786,-1.17201617869836
"G138","H",-0.433316500442865,-0.630507782991875,-0.19719128254901,-0.692419344327434,-0.189544628330898,0.249023227392109
"G138","I",-0.431845131204712,-0.977783360889235,-0.545938229684523,-0.689298791306504,-0.563382185735446,-0.328365108284148
"G138","K",-0.317882563658355,-1.19484219140534,-0.876959627746988,-0.447601313060972,-0.797043140256159,-0.876406878026858
"G138","L",-0.724735486961519,-0.595188436823385,0.129547050138132,-1.31047521715406,-0.151523820243274,0.7899739186065
"G138","M",-0.796502270878863,-1.75203335513479,-0.955531084255922,-1.46268177995863,-1.39685204394353,-1.00649043252956
"G138","N",-0.139232098914233,-0.0517935393309799,0.0874385595832532,-0.0687105268518753,0.433433585672254,0.7202587526989
"G138","P",-0.3931489982829,-0.379700829606048,0.0134481686768524,-0.607230109050364,0.0804457332186438,0.597759648370161
"G138","Q",-0.272460325705268,-1.20116309692855,-0.928702771223278,-0.3512675729049,-0.80384751128532,-0.962073255151657
"G138","R",0.0646170244410307,-0.243692700629667,-0.308309725070696,0.363622827146032,0.226856681640477,0.0650546131360996
"G138","S",-0.315016269813899,-1.5820282247996,-1.2670119549857,-0.441522334594347,-1.21384377409758,-1.52218074329169
"G138","T",0.17360593069311,-0.357742829386027,-0.531348760079137,0.594771917281711,0.104083229461375,-0.304210661505349
"G138","V",-0.224892835385091,-1.1889393021593,-0.96404646677421,-0.250384074889828,-0.790688758209686,-1.02058857039217
"G138","W",-0.511104551923284,-2.21980716302732,-1.70870261110404,-0.857396110692432,-1.90040434905856,-2.25344745376651
"G138","Y",-0.109236665205851,-1.2644763553259,-1.15523969012005,-0.00509471999276749,-0.872003394903446,-1.33712965534492
"G13","A",-0.0777351227032987,-0.0569659411692207,0.0207691815340798,0.0617153172645458,0.427865563639636,0.609880377924409
"G13","C",-0.454243869560802,-1.35939250017308,-0.905148630612278,-0.736803149036478,-0.974179366973711,-0.923076824767463
"G13","D",-0.337791771312519,-0.705024811166613,-0.367233039854094,-0.489825750325609,-0.2697612216386,-0.0324993151054408
"G13","E",-0.423325165201996,-1.61843860727678,-1.19511344207478,-0.671229223886865,-1.25303906831276,-1.40314496950727
"G13","F",-0.96723594354321,-1.30690452824445,-0.339668584701242,-1.82478223998718,-0.917676760779169,0.0131366252669459
"G13","H",-0.573588428235604,-0.91533348730187,-0.341745059066266,-0.989915021601933,-0.496155724423434,0.00969879710086891
"G13","I",-0.383515846102037,-0.792495745140547,-0.408979899038508,-0.586799641048466,-0.363922522870024,-0.101615761119329
"G13","K",-0.708491684632872,-1.17003157692301,-0.461539892290139,-1.27602455370831,-0.770334842563767,-0.188634521501257
"G13","L",-1.02144129245407,-1.02246435716277,-0.00102306470870062,-1.93974363846431,-0.611480686097707,0.573800954456719
"G13","M",-0.615400187320146,-1.57445624998335,-0.959056062663207,-1.07859147869942,-1.20569264355401,-1.01232641599148
"G13","N",-0.22090336287622,-1.55909023476353,-1.33818687188731,-0.241923003279345,-1.189151331805,-1.64001852552681
"G13","P",-0.205928797995012,0.375009305659763,0.580938103654772,-0.210164201704963,0.89288119218321,1.53730068739927
"G13","Q",-1.03992044462232,-2.02459435825304,-0.984673913630719,-1.97893514296743,-1.69026035173872,-1.05473954234348
"G13","R",-0.256812966714135,-0.470817765109381,-0.214004798395248,-0.318081876138099,-0.0176404403412526,0.221186631226715
"G13","S",-0.151686160203045,-0.436143908693355,-0.284457748490309,-0.095123719115175,0.0196855065820702,0.104544143219319
"G13","T",-0.319300491208867,-1.29796798007263,-0.978667488863761,-0.450608524294208,-0.908056685102063,-1.04479525572522
"G13","V",-0.679492016217496,-0.783041406889668,-0.103549390672169,-1.21452061538136,-0.353745053034728,0.404057519575708
"G13","W",-0.810978714552178,-1.59674179112972,-0.785763076577544,-1.49338414131408,-1.22968273326328,-0.725421112182493
"G13","Y",-0.480131223438265,-1.27643294473589,-0.79630172129762,-0.791706335980624,-0.884874504950921,-0.742868979712768
"G151","A",-0.0286026438407667,-0.185579759547668,-0.156977115706898,0.165917920774645,0.289414492584816,0.315602135262957
"G151","C",0.138700883764947,-0.187076381065209,-0.325777264830158,0.520743558652926,0.287803399354868,0.0361352095602008
"G151","D",-0.348117957030182,0.245960305033984,0.594078262064167,-0.511726038302526,0.753961653206306,1.55905564255182
"G151","E",-0.112823157720035,-0.969218810977198,-0.856395653257163,-0.0127011315986857,-0.554162561255167,-0.842360991451813
"G151","F",-0.119540910902062,-0.784327879511551,-0.664786968609491,-0.026948476481569,-0.355129923763458,-0.525132065324905
"G151","H",-0.191893078519842,-0.470307161850485,-0.278414083330642,-0.180396550136999,-0.0170907826997218,0.114550085340352
"G151","I",0.0210488822543571,-0.360235702542031,-0.381284584796388,0.27122134545707,0.101399684545252,-0.0557631693543465
"G151","K",-0.385355201911185,-1.24230069453003,-0.856945492618843,-0.590700638281496,-0.848131589935314,-0.843271310055423
"G151","L",-0.175946861457991,-1.52409584740502,-1.34814898594703,-0.146577020317812,-1.15148033756986,-1.6565118841182
"G151","M",0.0536998720459323,-0.988115899406991,-1.04181577145292,0.340469187663101,-0.574505026519856,-1.14934407567747
"G151","N",-0.308242186378925,-1.05151088636784,-0.743268699988919,-0.427155521710878,-0.642748889853496,-0.655067070159661
"G151","P",-0.187261661848252,-0.0447638028666404,0.142497858981612,-0.170574011435665,0.441001003815902,0.81141538504862
"G151","Q",-0.273029555421708,-0.0146940147826804,0.258335540639026,-0.352474823583505,0.473370732194275,1.00319721072517
"G151","R",-0.104122324749085,-0.0314143111490441,0.0727080136000424,0.00575202747794525,0.455371554738355,0.695870738699903
"G151","S",-0.0171671936984019,-1.1133628695738,-1.0961956758754,0.190170791884167,-0.709331730093346,-1.2393758960751
"G151","T",0.0291080005965227,0.0656722312695646,0.0365642306730436,0.288313524249825,0.559883931031493,0.636030792169404
"G151","V",0.0857178373364285,-0.45803787624123,-0.543755713577657,0.408374480040074,-0.00388305933767649,-0.324751716531529
"G151","W",0.159453510002878,-0.91878810077869,-1.07824161078157,0.564756759975716,-0.499874570049638,-1.20965099712389
"G151","Y",-0.406128254772209,-1.41868272209601,-1.01255446732379,-0.634757161401935,-1.03800450514162,-1.10089881807851
"G15","A",-0.119576543754802,-0.138380193678833,-0.0188036499240294,-0.0270240484069413,0.340224199739563,0.54436327022994
"G15","C",0.120162498927243,0.0766646674754803,-0.0434978314517593,0.481426430560004,0.571717142932041,0.50347937865671
"G15","D",0.1479355188875,0.470802044483902,0.322866525596401,0.540328831867578,0.996000806052782,1.11003524417642
"G15","E",0.411545910220728,0.405383822649014,-0.00616208757171677,1.09940685368068,0.925578957189769,0.565292745618618
"G15","F",0.593664019073458,1.29522087251802,0.701556853444567,1.48565199188928,1.88347674898156,1.73699808909557
"G15","H",0.300724910481822,0.666331723851727,0.365606813369904,0.864372168606151,1.20648591467325,1.18079641879476
"G15","I",0.573556082227915,0.780418415845386,0.206862333617471,1.44300607987689,1.32929872669276,0.917977742631738
"G15","K",0.901488524855342,1.53200575282221,0.630517227966866,2.13850150547535,2.13837253468351,1.61938429646301
"G15","L",0.161988131464319,-0.0952064040454026,-0.25719453550972,0.57013231116526,0.386700212127712,0.149681344554971
"G15","M",0.154529393514185,0.230556813016561,0.0760274195023776,0.554313448952381,0.737379998181328,0.701366374619085
"G15","N",0.40209068522922,0.254271546934616,-0.147819138294603,1.07935374250659,0.762908594969222,0.330764158557145
"G15","P",0.935410294092884,1.77731371139712,0.841903417304232,2.21044447989987,2.40244330119345,1.96935702324654
"G15","Q",0.351392986995965,0.395362669519265,0.0439696825232971,0.971831543949186,0.914791318648974,0.648291319620235
"G15","R",0.452663406538603,1.21173004937257,0.75906664283397,1.18661088379133,1.79359998431135,1.8322117729812
"G15","S",0.123223339936995,-0.267540953378553,-0.390764293315545,0.487918014325583,0.201184353600626,-0.0714578533351792
"G15","T",0.328838379033375,0.0942242247109544,-0.234614154322422,0.923996610209586,0.590619773591417,0.187065610767926
"G15","V",0.145002410346393,0.426655932245055,0.281653521898663,0.534108149470986,0.948478101265417,1.04180265373024
"G15","W",0.761681087763289,1.80287868628775,1.04119759852447,1.84199094316835,2.42996365786837,2.29931012118722
"G15","Y",1.02949448443408,1.45780774581929,0.428313261385201,2.40998290762958,2.0584993634395,1.28461373376513
"G174","A",-0.126002029315099,-0.182304955866067,-0.0563029265509662,-0.0406515375892585,0.292939775349361,0.482279157097109
"G174","C",-0.242918659270179,-0.638301932325557,-0.395383273055378,-0.288614138235422,-0.197934926798161,-0.0791050744690412
"G174","D",-0.0236327726882966,-0.0673877175476338,-0.0437549448593355,0.176458270563347,0.416646659480836,0.503053699568478
"G174","E",-0.111892495404961,-0.919367230374007,-0.807474734969047,-0.0107273366983551,-0.500497995384195,-0.761367113735791
"G174","F",0.145664107004972,-1.0382901484522,-1.18395425545717,0.535511508636941,-0.628516940692563,-1.38466972766912
"G174","H",0.339599974529165,-0.228215817532389,-0.567815792061552,0.946820336887848,0.243517341190318,-0.364585781850697
"G174","I",-0.401945596487527,-1.28162655055954,-0.879680954072013,-0.625886371794995,-0.890465352792836,-0.880912328441676
"G174","K",-0.416133502861193,-1.28420031588322,-0.868066813022024,-0.655976788902383,-0.893235977055451,-0.861683860275167
"G174","L",-0.198903616631695,-1.00707970162395,-0.808176084992253,-0.195264847853176,-0.594919308292316,-0.762528274646164
"G174","M",-0.302364165017108,-0.599984478288844,-0.297620313271738,-0.414689121814733,-0.156686695322236,0.0827520918915499
"G174","N",-0.359135376939379,-1.27926747671957,-0.920132099780195,-0.535092330113581,-0.887925841067279,-0.947883580486987
"G174","P",-0.162404678345675,-0.707797095517954,-0.545392417172279,-0.117856085201511,-0.27274554900366,-0.327461456565832
"G174","Q",-0.340203744768523,-0.782098647187956,-0.441894902419433,-0.494941183528483,-0.352730184709575,-0.156110113477074
"G174","R",-0.187605799717334,-0.275800928044168,-0.0881951283268343,-0.171303876135247,0.192292600336798,0.429478163552456
"G174","S",-0.245457753280743,-0.381895736305278,-0.136437983024535,-0.293999175029472,0.0780829452444956,0.349606893535708
"G174","T",-0.103813149001821,-0.88253799872807,-0.778724849726244,0.00640774277163478,-0.460851815589564,-0.713768565483051
"G174","V",-0.494005457768971,-0.537610974885045,-0.0436055171160721,-0.821131501826901,-0.0895424455007512,0.503301093378503
"G174","W",0.551932565470523,-0.375347284508166,-0.927279849978689,1.39714585064911,0.0851322668220048,-0.95971745494764
"G174","Y",0.332159240868258,-0.736734571669714,-1.06889381253797,0.931039659066542,-0.303896358592764,-1.19417470488839
"G48","A",-0.208324099710465,-0.4236552578424,-0.215331158131935,-0.215244276651735,0.0331293737197099,0.218990699055368
"G48","C",-0.0487145382198246,-0.707383860044711,-0.658669321824886,0.123263615428449,-0.272300706493037,-0.515003638612555
"G48","D",0.0798580921281875,-0.249737827443669,-0.329595919571856,0.395946841118925,0.22034918273707,0.02981301312539
"G48","E",-0.0229505413750974,-0.036133655896732,-0.0131831145216328,0.177905180645583,0.450291242659666,0.553668675218441
"G48","F",-0.191575930674354,-1.16229067384826,-0.970714743173911,-0.179723927221109,-0.762001862988608,-1.03162862405823
"G48","H",-0.112220286482399,-0.489679553862718,-0.377459267380317,-0.011422532309634,-0.0379449059720386,-0.0494299421406312
"G48","I",-0.0852977709752238,-0.471891392230312,-0.386593621255086,0.0456760768759095,-0.0187961857089005,-0.064552854110328
"G48","K",-0.605041271653635,-1.31334247468158,-0.708301203027947,-1.05662177542,-0.924607124801108,-0.597174592422171
"G48","L",-0.113555356862971,-1.14750126825893,-1.03394591139596,-0.0142540159380913,-0.746081263865407,-1.13631467015115
"G48","M",-0.547031087882994,-2.32848277870513,-1.78145169082213,-0.933590894036772,-2.01739220913329,-2.37389143300538
"G48","N",-0.272224878089778,-1.33439289310013,-1.06216801501035,-0.350768223898046,-0.9472676212621,-1.18303941876628
"G48","P",-0.0757658116194353,0.399363719823667,0.475129531443104,0.065891930104171,0.919098396278522,1.36212313843039
"G48","Q",-0.323659730894512,-1.37797792034081,-1.0543181894463,-0.459853816514037,-0.994186325484614,-1.17004318251244
"G48","R",-0.18045122026443,-0.00431924984386534,0.176131970420565,-0.156130088382785,0.484539029161357,0.867100298666347
"G48","S",-0.884175468316757,-2.18210430439668,-1.29792883607992,-1.64862345525338,-1.85981772139246,-1.57336698783352
"G48","T",-0.520165290326974,-1.11836983304802,-0.598204542721046,-0.876612575101445,-0.714721659919536,-0.414897649268272
"G48","V",0.00394940885660056,-0.412077806269901,-0.416027215126501,0.234955932273191,0.0455923469095834,-0.11328335603436
"G48","W",-0.765458890799561,-1.87486441276925,-1.10940552196968,-1.39684343634345,-1.52907804969235,-1.26124622673625
"G48","Y",-0.255112374956367,-1.26171910671047,-1.0066067317541,-0.314475176603092,-0.869035253308832,-1.09105169778158
"G60","A",0.294657633486102,0.239821292496469,-0.0548363409896346,0.851504385953867,0.747353087565739,0.484707248305761
"G60","C",0.800260955319692,0.942577705967359,0.142316750647668,1.92381304405806,1.50386105352465,0.811115540590132
"G60","D",0.792376055369946,0.349581063905577,-0.442794991464362,1.90709035629222,0.86550802691765,-0.157600308358723
"G60","E",1.17289614035862,1.64251042180152,0.469614281442906,2.71411626790241,2.25732934639813,1.35299204482625
"G60","F",0.371865077365216,0.0333551839332848,-0.338509893431929,1.01524977085645,0.525095057849364,0.0150549641342703
"G60","H",0.700463842388231,0.276863216952693,-0.42360062543554,1.71215836611386,0.787228228351975,-0.125821956901396
"G60","I",1.20712759510869,0.871206811368502,-0.335920783740185,2.78671603875615,1.42703123131786,0.0193415155953746
"G60","K",0.865064004949598,1.07228752935413,0.207223524404535,2.06125057302385,1.64349195944634,0.91857573309192
"G60","L",0.720605953109027,0.832970188098425,0.112364234989403,1.75487675577965,1.38587001309103,0.761525907455588
"G60","M",0.967011478831626,0.407530423836423,-0.559481054995198,2.27746584336484,0.927889744920601,-0.350786722095282
"G60","N",1.10933034236911,1.80937343387855,0.700043091509436,2.57930276371843,2.43695516757948,1.73449189229151
"G60","P",1.02782289594268,1.15054780079324,0.122724904850566,2.40643771966361,1.72773810452154,0.778679118334602
"G60","Q",0.94681544665062,1.12771015475992,0.180894708109303,2.23463309438584,1.70315368121812,0.87498552665171
"G60","R",0.392575366023236,0.721969472054036,0.329394106030803,1.0591731805352,1.26637921328462,1.12084236043642
"G60","S",0.774918586056978,0.696864234038729,-0.0780543520182526,1.87006568757565,1.23935375726341,0.446267316843601
"G60","T",0.860141219427872,1.11063325123407,0.250492031806202,2.05081008478142,1.68477062088089,0.990211432503896
"G60","V",0.851792913156663,0.995481725423362,0.143688812266703,2.03310458185344,1.56081152936883,0.813387137176617
"G60","W",0.210929626426692,0.149474239244938,-0.0614553871817538,0.673929866526235,0.650095682047193,0.473748700579329
"G60","Y",0.457466353575619,0.612573293358951,0.155106939783332,1.19679721261831,1.14861567667091,0.832291083712969
"G75","A",0.431312716990831,0.368673538623865,-0.0626391783669664,1.14132928007176,0.886060822932585,0.471788806083242
"G75","C",0.672664744175675,0.108484213644987,-0.564180530530688,1.65320065675248,0.605970462701177,-0.358567212735488
"G75","D",0.466433782053487,-0.215355098368258,-0.681788880421744,1.21581578069827,0.257361734936329,-0.553280571412836
"G75","E",-0.00276692617369889,-0.164596594177699,-0.161829668004001,0.220711595076987,0.312002592030276,0.307568209467707
"G75","F",0.54038138091804,-0.0879856537892927,-0.628367034707333,1.37264752424954,0.394473254086828,-0.464834920951524
"G75","H",-0.0944006619644799,0.13737264756166,0.23177330952614,0.0263702131680547,0.637068478974132,0.959220560778585
"G75","I",0.0548042084704985,-0.369454104308417,-0.424258312778916,0.342811319248052,0.0914761972088116,-0.126910829517216
"G75","K",0.534295828168617,0.510563656210023,-0.0237321719585957,1.35974098147033,1.03880365414294,0.5362035683078
"G75","L",0.0871516236902181,-1.18945206927916,-1.27660369296938,0.411415325411629,-0.791240745218865,-1.53806090418235
"G75","M",-0.240308724940869,-1.7686297219416,-1.52832099700072,-0.283078859771955,-1.41471781287094,-1.95480615866941
"G75","N",0.251502825895878,-0.205964729126277,-0.457467555022154,0.759979524823608,0.267470342981282,-0.181892326173708
"G75","P",-0.294946705487421,-0.434577393262488,-0.139630687775073,-0.398957804927857,0.0213718396834573,0.344321025093389
"G75","Q",-0.0859721377164799,-0.333866280330097,-0.247894142613617,0.0442458463687919,0.129786018100767,0.165079152104321
"G75","R",-0.00820040781596809,-0.113144827925636,-0.104944420109668,0.209187997115791,0.36738973654611,0.401747897278646
"G75","S",0.481382093599562,-0.0538819118108442,-0.535264005410408,1.24751890289447,0.431185480373429,-0.310692774120684
"G75","T",0.418819822100202,-0.42221469909169,-0.841034521191892,1.11483372757533,0.0346801161241253,-0.816928973909811
"G75","V",-0.00521416143690701,-0.660482513808356,-0.655268352371449,0.215521376880558,-0.221812028820557,-0.509372965402266
"G75","W",0.374424367438509,0.361592616445343,-0.0128317509931648,1.02067764046427,0.878438304045948,0.554250395587854
"G75","Y",-0.103558536140236,-0.744977943330349,-0.641419407190108,0.00694773838509839,-0.31277023894176,-0.4864445369965
"G77","A",-0.168615158678767,-0.0618744824133319,0.106740676265431,-0.131027580610222,0.422581584039837,0.752215497030834
"G77","C",-0.0738385314486383,-0.349058174728544,-0.275219643279904,0.06997940169404,0.113432145108461,0.119838826760063
"G77","D",0.718709239877271,1.52810045261934,0.809391212742064,1.75085411207355,2.13416853076934,1.91552954795105
"G77","E",0.93022251630631,1.73284563654441,0.802623120238099,2.19944198288959,2.35457400791901,1.90432423791561
"G77","F",0.936988441338636,0.341726273713677,-0.595262167624954,2.21379149302717,0.857052449370148,-0.410026228676287
"G77","H",0.120517529351662,-0.313841230866517,-0.43435876021818,0.482179396732407,0.151342718470243,-0.143633213998122
"G77","I",0.656044118646721,0.246291567132367,-0.409752551514353,1.61795080793192,0.754318252465229,-0.10289497096116
"G77","K",1.06077363820425,1.78597343711815,0.7251997989139,2.47632129180848,2.41176538117082,1.77614154553913
"G77","L",1.37396624590082,0.911535736915917,-0.462430508984905,3.1405557427795,1.47044478521843,-0.190109033881482
"G77","M",0.444461679030944,-0.0147494151925702,-0.459211094223514,1.16921625239141,0.473311094387212,-0.184778944123853
"G77","N",-0.20031121228028,-1.47526535886334,-1.27495414658306,-0.198250146675212,-1.09891496377129,-1.5353299015157
"G77","P",0.951223567053683,1.67887383328828,0.727650266234596,2.243982055261,2.2964740769646,1.78019855954182
"G77","Q",0.72524215012081,1.57896719095735,0.853725040836537,1.76470943286409,2.18892590048867,1.98892900113014
"G77","R",0.210079809940067,0.465611613540602,0.255531803600535,0.672127533477666,0.990413375927495,0.998555320450212
"G77","S",-0.148540992291272,-0.868600556011868,-0.720059563720595,-0.0884532906639631,-0.445848343208817,-0.616641831824186
"G77","T",0.824954329245498,0.404064258149941,-0.420890071095558,1.97618397896889,0.924158463493788,-0.12133434067428
"G77","V",0.20455810513411,-1.15108805735248,-1.35564616248659,0.660416827445413,-0.749942394791396,-1.66892427172475
"G77","W",0.729131863837724,1.57954124026861,0.850409376430898,1.77295893106965,2.18954385696477,1.9834395596639
"G77","Y",0.325776151628816,-0.0563558606618795,-0.382132012290691,0.917502086108985,0.428522307220815,-0.0571661773363833
"H166","A",-0.250166831750091,-0.882238422674183,-0.632071590924095,-0.303986422732003,-0.460529325937627,-0.470968214922938
"H166","C",-0.343599463182187,-1.3866341782972,-1.04303471511501,-0.50214299193878,-1.00350467245929,-1.15136216890558
"H166","D",-0.0975572009886676,0.0327871527574981,0.130344353746164,0.019675668296385,0.524483579816352,0.791293941067058
"H166","E",-0.0375264749049062,-0.751095875358524,-0.713569400453618,0.146991816256911,-0.319356111693387,-0.605896663736649
"H166","F",0.142247626048862,-1.07159402768545,-1.21384165373431,0.528265665994533,-0.664368125333985,-1.43415155192786
"H166","G",-0.223154474290887,-0.907528518392995,-0.684374044102109,-0.246697272268621,-0.487753778826861,-0.557560589824801
"H166","I",-0.262002564734697,-1.30599299070564,-1.04399042597094,-0.329088233591108,-0.916695502698611,-1.15294445171845
"H166","K",-0.0976773622008142,-0.198259486056508,-0.100582123855695,0.0194208244245413,0.275764935033656,0.408970151106231
"H166","L",0.0412747476914177,-0.533578368297233,-0.574853115988651,0.314117366288493,-0.0852013979503054,-0.376236833661348
"H166","M",-0.740533687475913,-0.452446390224683,0.288087297251231,-1.34398082612161,0.00213610125905684,1.0524544655194
"H166","N",-0.64565450051566,-1.60878668123078,-0.963132180715116,-1.14275633004353,-1.24264889783451,-1.01907487081622
"H166","P",-0.174080234196628,-0.184860950459862,-0.0107807162632341,-0.142618184433282,0.290188281041961,0.557646105683257
"H166","Q",-0.0737863956454632,-0.336085871167864,-0.262299475522394,0.0700899738970452,0.127396657978606,0.141229563566335
"H166","R",-0.0860077566079003,-0.0940037668853329,-0.0079960102774308,0.0441703040532794,0.387994835092813,0.562256487989674
"H166","S",0.0221121879505528,-1.38307460453112,-1.40518679248168,0.273476457033686,-0.999672838472667,-1.75094414927826
"H166","T",-0.683511475537252,-1.20802411476631,-0.524512639229062,-1.22304528451098,-0.811233306063373,-0.29289272317635
"H166","V",-0.0674135654974801,-0.144363424731264,-0.0769498592337818,0.0836057888634643,0.333783330803225,0.44809592425029
"H166","W",-0.47242810485241,-0.404561330823496,0.0678667740289161,-0.775369179167532,0.0536837331170112,0.687855542347527
"H166","Y",-0.331059189670084,-0.570544080391631,-0.239484890721547,-0.475546956506781,-0.124994497139025,0.179001579222681
"H27","A",-0.388432924411394,-1.66775210734478,-1.27931918293339,-0.597228025151201,-1.30612439761841,-1.54255669186951
"H27","C",-0.414095475242311,-0.606835198456245,-0.192739723213935,-0.651654438619443,-0.164061404794608,0.256393265916474
"H27","D",-0.009790123923203,-0.127012690633638,-0.117222566710437,0.20581644817198,0.352461166122095,0.381420096019779
"H27","E",-0.00320146232896334,-0.504752090510983,-0.50155062818202,0.219790009198438,-0.0541702919280398,-0.254876627405109
"H27","F",-0.455307176520268,-1.56225871186141,-1.10695153534114,-0.7390582632923,-1.19256215541124,-1.25718338613833
"H27","G",-0.373127218920464,-1.16242343245578,-0.789296213535314,-0.56476692411097,-0.762144775870242,-0.731270603008202
"H27","I",-0.241276420768871,-1.4537048778833,-1.21242845711443,-0.285131197187412,-1.07570539172235,-1.43181185189309
"H27","K",0.0072552247238864,-1.21167810949112,-1.21893333421501,0.241967070894143,-0.815166782960778,-1.44258138032548
"H27","L",-0.693019498937725,-1.9019763305633,-1.20895683162557,-1.24321037317537,-1.55826366990224,-1.42606419996505
"H27","M",-0.422631540728135,-0.959414366424975,-0.536782825696836,-0.669758150623151,-0.543608206626191,-0.313207345573065
"H27","N",0.00252673216136579,-0.534271522650721,-0.536798254812087,0.231938648817753,-0.0859475694259425,-0.313232890144133
"H27","P",0.364647654193131,0.911494381958196,0.546846727765068,0.999942701020439,1.47040026715449,1.48085872296761
"H27","Q",-0.168855001079702,-0.413999209298069,-0.245144208218365,-0.131536250296511,0.0435239820127794,0.169631966277277
"H27","R",0.166201739848866,-0.227456244294501,-0.393657984143365,0.579068741282499,0.244335011714808,-0.076248671849176
"H27","S",-0.315412133292071,-1.36750228958972,-1.05209015629765,-0.442361901536928,-0.982909447807317,-1.16635443236825
"H27","T",-0.659962672756235,-2.18532144228359,-1.52535876952735,-1.17310181297979,-1.86328092769323,-1.94990187031709
"H27","V",-0.654885092894036,-0.760250793398789,-0.105365700504748,-1.16233302920537,-0.329211259639965,0.401050421965481
"H27","W",-0.79779548442569,-1.63780445887923,-0.840008974453546,-1.46542449153341,-1.27388615092063,-0.815231070231298
"H27","Y",-0.167075694121376,-0.344991104965739,-0.177915410844362,-0.127762607651286,0.11781029181007,0.280936520321757
"H94","A",-0.310435168269015,-0.587685107348429,-0.277249939079409,-0.431806506714856,-0.143446585499897,0.116477452209732
"H94","C",-0.67205473810742,-0.276464589857708,0.395590148249715,-1.19874726626402,0.19157817718957,1.23043707648789
"H94","D",-0.193598358954768,-0.061888358567403,0.131710000387367,-0.184013193651594,0.42256664654387,0.793554916963084
"H94","E",-0.210605078204427,-0.0515368492101356,0.159068228994293,-0.220081889227449,0.433709909185607,0.838849426957076
"H94","F",-0.453558583253791,-0.562762778855006,-0.109204195601215,-0.735349759771504,-0.116618029155032,0.394695377674901
"H94","G",-0.571016951789316,-0.549502640827505,0.0215143109618108,-0.984461306528491,-0.102343666295823,0.611114020379704
"H94","I",-0.449036371699036,-1.91912263320179,-1.47008626150275,-0.725758828710455,-1.57672143746454,-1.85839224799894
"H94","K",-0.974494851453132,-0.937146648809771,0.0373482026433649,-1.84017729271737,-0.519637303712015,0.637328742660092
"H94","L",-0.428641013807631,-1.08513189688817,-0.65649088308054,-0.682503339856518,-0.678941462122735,-0.511396997375114
"H94","M",-0.650217093495236,-0.773758086552631,-0.123540993057388,-1.15243290403767,-0.343751681717303,0.370959257000186
"H94","N",-0.000702590121955282,-0.536875824848551,-0.536173234726599,0.225089741592112,-0.088751066228898,-0.312198101711178
"H94","P",-0.261007872463033,-0.742624917785676,-0.481617045322643,-0.326978640775961,-0.310237238125932,-0.221874422437368
"H94","Q",-0.171286371099001,-0.27852103964244,-0.107234668543441,-0.136692820695007,0.189364436249007,0.397956142992843
"H94","R",-0.0819998775571342,-0.233106350267168,-0.15110647271003,0.0526704131727866,0.238252747512162,0.325321620457458
"H94","S",-0.640886961312228,-0.890113106232059,-0.249226144919831,-1.13264509591012,-0.469006318429971,0.162873878048108
"H94","T",-0.392953315281481,-1.3526600050112,-0.959706689729723,-0.606815094813701,-0.966931925153029,-1.01340359955442
"H94","V",-0.499258477759428,-1.64854020950145,-1.14928173174202,-0.832272367746321,-1.285443044192,-1.3272656100818
"H94","W",-0.443362740095191,-1.63350863862551,-1.19014589853032,-0.713725908773077,-1.26926175734702,-1.39492066324997
"H94","Y",-0.385446005547424,-1.25675840557307,-0.871312400025646,-0.590893219147011,-0.863695124275148,-0.867057281013918
"H95","A",-0.398240503942699,-1.15592363033491,-0.757683126392214,-0.618028427348568,-0.755147825024494,-0.678931713962528
"H95","C",-0.861624849339993,-1.84596607453407,-0.984341225194079,-1.60079698155321,-1.49796937155179,-1.05418874061085
"H95","D",-0.0100062982678679,-0.135620128253374,-0.125613829985509,0.205357974875951,0.34319537359284,0.367527451004788
"H95","E",-0.351287221997159,-1.12462109115071,-0.773333869153552,-0.518447572986262,-0.721451056423503,-0.704843213372886
"H95","F",-0.636171139709894,-0.392715312779194,0.243455826930701,-1.12264354703596,0.0664358145546556,0.978562233404344
"H95","G",-0.46277671677635,-1.66907895132,-1.20630223454365,-0.754900035572607,-1.30755272757399,-1.42166922703808
"H95","I",-0.104610146171966,-1.18295647082005,-1.07834632464809,0.00471743155506365,-0.784248319559292,-1.20982436226904
"H95","K",-0.55638907313304,-0.725159687681098,-0.168770614548057,-0.953437774333455,-0.291436149372913,0.296076720851082
"H95","L",-0.146354754289469,-0.576429928923094,-0.430075174633627,-0.083816608433498,-0.131330535082084,-0.136541274207089
"H95","M",-0.337228015050504,-1.19449694516003,-0.857268930109519,-0.48863010802123,-0.796671487248384,-0.84380679584525
"H95","N",-0.991777466997563,-1.89063745053288,-0.898859983535316,-1.87683112286978,-1.5460575158158,-0.91266528855404
"H95","P",-0.0592561166419365,0.270014247439066,0.329270364081003,0.100906511896927,0.779855403435191,1.12063749223891
"H95","Q",-0.275425796090662,-0.391217933111994,-0.115792137021334,-0.357556889909538,0.0680477239226635,0.383788327266753
"H95","R",-0.0752640479626017,-0.622462171550934,-0.547198123588331,0.0669560954098765,-0.180883634237623,-0.330450999071789
"H95","S",-0.368242397891905,-1.07434516595677,-0.706102768064866,-0.554406952852834,-0.667329689224135,-0.593534845279288
"H95","T",-0.521560156924474,-1.21820915221833,-0.696648995293859,-0.879570877519191,-0.822197363905248,-0.577883100738017
"H95","V",-0.421263087918701,-1.64469099150659,-1.22342790358789,-0.666855867880148,-1.28129941203154,-1.45002262662484
"H95","W",-0.334399908695207,-1.28232055459366,-0.947920645898455,-0.482632119479884,-0.891212438938416,-0.9938905277187
"H95","Y",-0.183743889976139,-0.480489444944105,-0.296745554967966,-0.163113345983503,-0.0280518755112802,0.0842003489882271
"I100","A",-0.398359068653962,-0.412789012791308,-0.0144299441373459,-0.618279885281978,0.0448267425144147,0.55160441377443
"I100","C",-0.619264726329547,-1.63609356306824,-1.01682883673869,-1.08678758513387,-1.2720443942534,-1.10797549950269
"I100","D",1.18680369783596,0.966466997517164,-0.220336700318795,2.74361210713455,1.52957755928984,0.21070348193084
"I100","E",0.670358981606975,-0.0700527311171335,-0.740411712724111,1.64831048087907,0.413777807690842,-0.650337018368742
"I100","F",-0.0267025969646966,0.205308899258378,0.232011496223075,0.16994763463931,0.710200953613705,0.959614904647837
"I100","G",-0.795305837432814,-0.743381051090234,0.0519247863425782,-1.46014432443244,-0.311051205607779,0.661461855425848
"I100","H",0.592546043937599,-0.0617765921104514,-0.654322636048047,1.48328093464745,0.422686961653615,-0.507807229620273
"I100","K",0.828617102158899,0.357039961627892,-0.471577140531007,1.98395216983731,0.873537431468134,-0.20525227286558
"I100","L",-0.172167342689098,-0.2057902635164,-0.0336229208273018,-0.138561229035719,0.267658152898243,0.519828362518042
"I100","M",-0.136027554287132,0.114671404570069,0.2506989588572,-0.0619141693112248,0.612630891737486,0.990554022644293
"I100","N",-0.166339267850736,-0.728047378821428,-0.561708110970688,-0.126200758209319,-0.294544710616914,-0.354473854423487
"I100","P",0.556051753138203,0.139421207662259,-0.416630545475943,1.40588202861644,0.639273726774283,-0.114282234760578
"I100","Q",-0.26957162238028,-1.19832983583273,-0.92875821345244,-0.345141067298003,-0.800797543262908,-0.962165045765696
"I100","R",0.496344166641601,0.0916748571528334,-0.404669309488769,1.27925121115539,0.587875413200097,-0.0944791133397564
"I100","S",-0.0706217865175329,-0.220392165850399,-0.149770379332866,0.0768016342458909,0.251939398544561,0.327533667724639
"I100","T",-0.166395107878431,-0.204515625085365,-0.0381205172069325,-0.126319186515821,0.269030284277355,0.512382104681211
"I100","V",-0.146656130345631,0.0882519003845008,0.234908030730132,-0.0844557817545838,0.584190645601055,0.964410431180744
"I100","W",-0.281326692925829,-1.32162549924445,-1.04029880631863,-0.370071805246688,-0.933523690973869,-1.14683257563034
"I100","Y",0.275943748390382,0.0282260400319299,-0.247717708358453,0.811815048189762,0.519573602412535,0.165371258119249
"I139","A",-0.209684655264251,-0.513477100424563,-0.303792445160308,-0.218129810502395,-0.0635626494735135,0.0725334591895657
"I139","C",-0.422723546852589,-0.749733748499095,-0.327010201646505,-0.669953281785449,-0.317889800180532,0.0340939491499469
"I139","D",-0.137080938431762,-0.107438563707113,0.0296423747246486,-0.0641482387680861,0.373532454356194,0.624570910101156
"I139","E",-0.243434351746066,-0.721738412766813,-0.478304061020745,-0.289707844472966,-0.287753192267465,-0.216389418173083
"I139","F",-0.102786710807829,-0.249547830007298,-0.146761119199477,0.00858466391692222,0.220553712459419,0.332515823738636
"I139","G",-0.368866747107839,-0.42651592047978,-0.0576491733719404,-0.555731103705917,0.0300499083009451,0.480050299704216
"I139","H",-0.457953025988289,-0.789167516707709,-0.331214490719418,-0.744669712367258,-0.360339729068772,0.0271332933206997
"I139","K",-0.247259110154705,-1.12215027725851,-0.874891167103806,-0.297819582231861,-0.718791258012531,-0.872982317445072
"I139","L",0.00296732791333731,-0.0369274404545301,-0.0398947683678639,0.232873086190216,0.449436744102672,0.509444639756296
"I139","M",-0.1420065453826,-0.244715040595633,-0.102708495213031,-0.0745947108376274,0.225756146215477,0.405449713066195
"I139","N",-0.364027628846459,-0.208915618302179,0.155112010544279,-0.545468061148266,0.264293749889509,0.832299478906814
"I139","P",0.238876025488103,0.334892793290077,0.096016767801979,0.733199978850081,0.849696298253511,0.73446090531178
"I139","Q",-0.0022753942744238,-1.8650876330026,-1.86281223872818,0.22175406036265,-1.51855347583843,-2.5085926303378
"I139","R",-0.3848580381216,-1.26664293297296,-0.881784894851366,-0.589646228602906,-0.874335687028361,-0.884395630230925
"I139","S",-0.265463975620532,-0.266791984789464,-0.00132800916893316,-0.336429365861911,0.201990608361221,0.573296085881343
"I139","T",-0.0513406103485963,-0.0378912139066987,0.0134493964419011,0.117694111117686,0.448399254753633,0.597761681068151
"I139","V",-0.176971271383296,-0.299552020822132,-0.122580749438836,-0.148749639810044,0.166724863718051,0.372549044292415
"I139","W",-0.724103825746205,-0.584702413093581,0.139401412652623,-1.30913555864922,-0.140235754662127,0.806288882846692
"I139","Y",-0.314095040773356,-0.665914267073836,-0.35181922630048,-0.439568546251563,-0.227659239227594,-0.00698007765477621
"I142","A",-0.50383126152688,-0.599137745112444,-0.0953064835855635,-0.841970554869964,-0.155775198279007,0.417704544855674
"I142","C",-0.653109557764113,-1.01349803208077,-0.360388474316661,-1.15856738604132,-0.601828555971413,-0.0211673956820721
"I142","D",-0.225987093405777,-1.26175496758314,-1.03576787417737,-0.252704831694839,-0.869073857063028,-1.13933112683031
"I142","E",-0.194080414220183,-1.73263003978508,-1.53854962556489,-0.18503556042109,-1.37596463210822,-1.97174076088292
"I142","F",-0.12369916798383,-0.297120877896054,-0.173421709912226,-0.0357675148044031,0.169341956859725,0.288376328823434
"I142","G",-0.79012371621474,-0.714776959684425,0.075346756530319,-1.44915382415382,-0.280259280279576,0.700239463362022
"I142","H",-0.410316430538431,-0.180566587368768,0.229749843169666,-0.643639652757995,0.294811105999314,0.95587049311073
"I142","K",-0.424275114900009,-1.15802212350193,-0.733747008601922,-0.673243924427694,-0.757406825108914,-0.639302878994928
"I142","L",-0.180652769732564,-0.240291317747495,-0.0596385480149291,-0.156557544513675,0.230518225236971,0.47675667455972
"I142","M",-0.286574058797804,-0.353084235567154,-0.0665101767693503,-0.381200679630569,0.109098143970284,0.465379949050038
"I142","N",0.0322636824972165,-0.947558992697324,-0.979822675194539,0.295006251291382,-0.530846053919407,-1.04670779178726
"I142","P",0.936514932166498,1.72280466356613,0.786289731399634,2.21278725123712,2.34376503357393,1.877282544003
"I142","Q",-0.56744232677269,-1.26414393294306,-0.696701606170368,-0.97688006410132,-0.87164554661368,-0.577970203741141
"I142","R",-0.767694062043439,-0.385029301994379,0.38266476004906,-1.40158389862614,0.0747097033071474,1.20903769667269
"I142","S",-0.0863924867040655,-0.227805324480267,-0.141412837776201,0.0433543493406895,0.243959231520949,0.341370482783188
"I142","T",-0.0230039279444672,-0.141580011003432,-0.118576083058965,0.177791955755458,0.336779638794588,0.379179203136827
"I142","V",-0.137890981795032,-0.252452309702923,-0.114561327907891,-0.065866218999553,0.217427078558131,0.385826065034446
"I142","W",-0.357510283992426,-0.919934633285493,-0.562424349293066,-0.531645752209537,-0.501108797099013,-0.355659664525345
"I142","Y",-0.663545335245532,-1.49198530292012,-0.828439967674583,-1.18070010167854,-1.1169137619706,-0.796077326737919
"I163","A",-0.165478017408306,-2.24707283378443,-2.08159481637612,-0.124374175458904,-1.92975548229559,-2.87081087890076
"I163","C",-0.501135612319182,-0.563924296597927,-0.0627886842787451,-0.836253488031589,-0.117868387612498,0.471541282856775
"I163","D",-0.135477535199316,-0.435147377912912,-0.299669842713598,-0.0607476614887504,0.0207582587608865,0.0793588739635503
"I163","E",-0.227111274364661,-0.625556845959023,-0.39844557159436,-0.255089050554627,-0.184215010226361,-0.0841750413068571
"I163","F",-0.100182179768604,0.0227381046263755,0.122920284394981,0.0141084828141825,0.513665912676251,0.779002590327409
"I163","G",-0.0916930727458389,0.0945027690588773,0.186195841804718,0.032112602975165,0.590919622890601,0.883762127527312
"I163","H",-0.391622415628262,-0.156538314494448,0.235084101133815,-0.603992456671137,0.320677223318513,0.964701934800142
"I163","K",0.181268938521931,0.0288173289514955,-0.152451609570438,0.61102400520741,0.520210117098507,0.323094600724476
"I163","L",-0.104044606864434,-0.119074436860997,-0.0150298299965588,0.00591685543100941,0.361006591108182,0.550611237774778
"I163","M",-0.129168682493269,0.0967361395315667,0.225904822024834,-0.0473675330614599,0.593323816607144,0.949504644240398
"I163","N",-0.166203493478868,-2.0950625824214,-1.92885908894253,-0.12591280117222,-1.76611846118954,-2.6179403428702
"I163","P",0.895017938987833,1.79174647137407,0.896728532386241,2.12477836531959,2.4179799760413,2.06012593810148
"I163","Q",-0.462716974110554,-0.60884788790786,-0.146130913797306,-0.754773330357224,-0.166228038316496,0.333559197024861
"I163","R",0.212882736152146,-1.62130958752679,-1.83419232367894,0.678072118719588,-1.25612964050479,-2.46120926181456
"I163","S",-0.145618880937032,-0.0202840110647298,0.125334869872299,-0.0822559316479421,0.467353175276986,0.783000198052861
"I163","T",-0.0828070891125332,-0.0384316132218014,0.0443754758907318,0.0509584387802193,0.447817522052461,0.648963154482091
"I163","V",-0.0545579512538339,-0.163069948660466,-0.108511997406634,0.11087061459427,0.313646005698004,0.395841386741963
"I163","W",-0.47182805493072,-0.771370781823491,-0.299542726892771,-0.774096563465582,-0.341181779813674,0.0795693279698967
"I163","Y",-0.569533767284911,-0.451115887516709,0.118417879768204,-0.981315695103567,0.00356836979196305,0.771548371916758
"I187","A",0.15734068363413,-0.97496639519863,-1.13230707883276,0.560275772785871,-0.560349759500798,-1.29916223405955
"I187","C",-0.26739913039288,-0.748494057171197,-0.481094926778315,-0.340533538298188,-0.316555288894818,-0.221009998648682
"I187","D",1.50306355961957,2.10714902771453,0.604085468094961,3.41435174304425,2.75750664813086,1.57562365578419
"I187","E",1.2994194907196,2.32195181995527,1.02253232923567,2.98245327872824,2.98873900734584,2.26840774667719
"I187","F",-0.249963445178672,-0.414272130709405,-0.164308685530733,-0.303555070381144,0.0432301857303146,0.30346392750731
"I187","G",1.27347289447274,0.827377270391933,-0.446095624080801,2.92742444762217,1.37984931129904,-0.163064863070205
"I187","K",0.933852738226367,2.05609341856863,1.12224068034227,2.20714113799324,2.70254596148982,2.43348571903316
"I187","L",-0.164668634123831,-0.278638910502332,-0.113970276378501,-0.122657595155358,0.189237549830394,0.386804614844435
"I187","M",-0.181052473458434,-0.4294063845844,-0.248353911125967,-0.157405256044472,0.0269383619976339,0.164317955545262
"I187","N",0.586429487637066,0.3727719633488,-0.213657524288267,1.47030863799588,0.890472722835402,0.221761581116025
"I187","P",0.519612232818137,0.30922442265117,-0.210387810166967,1.32859928254059,0.822064637425809,0.22717494691074
"I187","Q",0.0671218963220994,-0.267589822306851,-0.334711718628949,0.368935283946693,0.20113174684694,0.0213432538128274
"I187","R",0.952805093909452,1.90126355980135,0.948458465891898,2.24733623603322,2.53587367037938,2.14577044468942
"I187","S",0.191415390314901,-0.216398441943999,-0.407813832258901,0.632543104542401,0.256238589403751,-0.0996852112960406
"I187","T",-0.224469412610965,-0.351876574054529,-0.127407161443566,-0.249486058822434,0.110398175584326,0.364558396581838
"I187","V",-0.0393670458315345,-0.3128425752111,-0.273475529379562,0.143088241942326,0.15241775804881,0.122726396186604
"I187","W",0.354832625776067,-1.07046573383482,-1.42529835961088,0.979126500855875,-0.663153531956271,-1.78424102647806
"I187","Y",0.185979466321093,-1.0774965123334,-1.26347597865449,0.621014326720654,-0.670722071835969,-1.51632655157578
"I21","A",0.403256394032145,-0.295338932570077,-0.698595326602222,1.08182603568234,0.171260197388256,-0.581105462981014
"I21","C",-0.133747182915716,-0.554894479155855,-0.421147296240138,-0.0570778443511858,-0.108147908802005,-0.121760204755221
"I21","D",0.789194695985282,1.08848668672925,0.299291990743964,1.90034317116625,1.66093013768447,1.0710050489171
"I21","E",0.742987575861322,0.988000767584621,0.245013191723299,1.80234481388629,1.55275837739536,0.981140619460551
"I21","F",0.854099441348323,0.468596446846824,-0.385502994501499,2.03799638149809,0.993626509425721,-0.0627472034192753
"I21","G",0.20275517804115,0.15095198941248,-0.0518031886286714,0.656593090044518,0.651686460518956,0.489728960489721
"I21","H",0.290893158601882,0.206623042786429,-0.0842701158154497,0.84352050049021,0.71161561170622,0.435976446792126
"I21","K",0.769046956086532,1.07284969674157,0.303802740655032,1.85761284286003,1.6440971251889,1.07847308384958
"I21","L",-0.0435790078424976,-0.190650865010966,-0.147071857168468,0.134155303536023,0.283955514757413,0.332001363382148
"I21","M",0.0118901857093636,0.0406354633876287,0.0287452776782686,0.251797126552555,0.532932182201479,0.623085668797099
"I21","N",0.797291239781828,1.05915717831887,0.26186593853704,1.91751472372304,1.6293573105643,1.00904216674084
"I21","P",0.604674281907169,1.07232138864657,0.467647106739404,1.50900310461887,1.64352840852594,1.34973517408554
"I21","Q",0.962912925843339,0.470711200414124,-0.492201725429215,2.2687734284513,0.995903013615559,-0.239398506535011
"I21","R",0.446676451188697,0.489647866374797,0.042971415186102,1.17391345127822,1.01628808356775,0.646638579944326
"I21","S",0.665151407224711,0.417291683410399,-0.247859723814312,1.63726599826457,0.938397611492794,0.165136136153674
"I21","T",0.229896114353934,0.170806880166435,-0.0590892341874998,0.714154936932131,0.673059987292515,0.47766612308447
"I21","V",-0.1755166065444,-0.285852171126667,-0.110335564582263,-0.145664514309422,0.181472570360629,0.392822273814442
"I21","W",-0.20959011857453,-1.79543501448226,-1.58584489590773,-0.217929312391487,-1.44357335505905,-2.0500432023893
"I21","Y",-0.226051340500508,-1.69661059356023,-1.47055925305972,-0.252841090127018,-1.33719017558787,-1.85917533674025
"I24","C",-0.314531723301378,-1.24686691655554,-0.932335193254156,-0.440494684264152,-0.853047067432809,-0.968087123167159
"I24","D",0.60652429294983,1.50948904544746,0.902964752497638,1.5129267000008,2.11413359759287,2.07045067579626
"I24","E",0.28198528838719,0.139347869241128,-0.142637419146064,0.824628246535386,0.639194778935838,0.339343055719373
"I24","F",-0.39313460786766,-1.11105891029101,-0.717924302423354,-0.607199589142387,-0.706851548458199,-0.613106675525976
"I24","G",0.314253829409687,0.216910470264201,-0.0973433591454853,0.893064972380715,0.722689891053913,0.414332276799472
"I24","H",-0.548526776435574,-1.19163612360547,-0.643109347169894,-0.936763024668634,-0.793591850757381,-0.48924241563124
"I24","K",0.835848332710059,1.08330269703266,0.247454364322602,1.99928852304922,1.65534964147591,0.985182245045484
"I24","L",-0.263482627980235,-0.343116802600669,-0.0796341746204359,-0.332227225295071,0.119827953467241,0.443651749451741
"I24","M",-0.156327083916166,-0.433448517278599,-0.277121433362431,-0.104966420822776,0.0225870597199051,0.116690207339662
"I24","N",-0.0285968284469398,-0.989147674252203,-0.96055084580526,0.165930254350952,-0.575615718467332,-1.01480119134844
"I24","P",0.508242427221754,1.16066853765825,0.652426110436492,1.30448563364733,1.73863294363363,1.65565682383441
"I24","Q",-0.0136901897082407,-0.934148866371606,-0.920458676663365,0.197544994785745,-0.516410230644858,-0.948424263881043
"I24","R",0.652384690307459,1.24978121979552,0.597396529488071,1.6101897104026,1.83456156500594,1.56454939359668
"I24","S",-0.170270333120332,-0.419940770645832,-0.249670437525497,-0.134537956843365,0.0371279699612972,0.1621383035284
"I24","T",0.0174785511989679,-0.244876190327332,-0.2623547415263,0.263649209876339,0.225582670664908,0.141138064712289
"I24","V",-0.126822189949268,-0.319809497957834,-0.192987308008567,-0.0423909750317686,0.144917958039737,0.255983362478794
"I24","W",-0.010679061578367,-0.288231534172851,-0.277552472594481,0.203931145004488,0.178911217573457,0.115976575215142
"I24","Y",-0.180736194690613,-0.125578785082665,0.0551574096079488,-0.156734476311698,0.354004746445164,0.666813813292121
"I36","A",0.762691060551235,1.23338116851127,0.470690107960033,1.84413294366201,1.81690712713692,1.35477319212318
"I36","C",1.1048711223283,1.14850866855737,0.0436375462290695,2.56984542819141,1.72554300569282,0.647741432019162
"I36","D",1.03939952964504,1.63319136888237,0.593791839237337,2.43099001988529,2.2472975094296,1.55858143854619
"I36","E",0.827959047993035,1.7313266980374,0.903367650044364,1.98255653585097,2.35293889074566,2.07111771631335
"I36","F",0.772422293381366,-0.00828207599513142,-0.780704369376499,1.86477142598039,0.480273099326101,-0.717045874619912
"I36","G",0.478029953516264,1.2876743775579,0.809644424041634,1.24040951757346,1.87535304716544,1.91594876667693
"I36","H",0.997667537837858,1.17477090817503,0.177103370337166,2.34248273719481,1.75381395860602,0.868708556418075
"I36","K",0.391633726206162,1.16921473672913,0.777581010522967,1.05717610400295,1.74783281367659,1.8628643135521
"I36","L",-0.294500043221598,-0.651433122848832,-0.356933079627234,-0.398010501391256,-0.212070479377921,-0.0154466156000678
"I36","M",0.269833863846566,0.105415814636231,-0.164418049210333,0.798856901331487,0.602667371831612,0.303282864093088
"I36","N",0.833243966657102,1.46515918275067,0.631915216093567,1.99376505406304,2.06641308787265,1.62169881719044
"I36","P",0.597783801518499,1.39391567242777,0.796131870909267,1.49438943129,1.98972039315079,1.89357727173506
"I36","Q",0.929914921118367,1.12508579810027,0.195170876981896,2.19878961972467,1.70032859605278,0.898621270141034
"I36","R",0.525649829822964,1.04820338024807,0.522553550425103,1.34140411839282,1.61756569210416,1.44063873725069
"I36","S",0.721991791808264,1.77822811496036,1.0562363231521,1.75781591138198,2.40342764451133,2.32420835830374
"I36","T",0.80838976473613,1.4987722900003,0.690382525264171,1.94105302714543,2.10259715237571,1.71849777876061
"I36","V",0.195726180224304,-0.191797857914894,-0.387524038139198,0.641685642068374,0.282720792096635,-0.0660932600138484
"I36","W",0.793429102949267,0.436095718507733,-0.357333384441533,1.90932371194464,0.958639906078262,-0.0161093635678701
"I46","A",-0.0766864900897382,-1.14069552954434,-1.0640090394546,0.0639393094381209,-0.738754976330876,-1.18608743409238
"I46","C",-0.745560256360061,-1.86290594158472,-1.11734568522466,-1.35464142327806,-1.51620491393952,-1.2743920268198
"I46","D",-0.486917656485733,-1.28710973848329,-0.800192081997556,-0.806099340536159,-0.896367931927874,-0.749309893126251
"I46","E",-0.506730009275168,-1.71325988599515,-1.20652987671998,-0.848118363189096,-1.35511291825256,-1.42204611331164
"I46","F",-0.11014949343663,-0.450838718355616,-0.340689224918984,-0.00703069148060712,0.00386673872074909,0.0114468448646029
"I46","G",-0.114397262960622,-0.624462327599048,-0.510065064638422,-0.0160395722405072,-0.183036775716739,-0.268973198959821
"I46","H",-0.409247426061816,-0.90702028166425,-0.497772855602433,-0.641372454924583,-0.487206668723675,-0.248622115816671
"I46","K",-0.296220385337348,-0.982825950178864,-0.686605564841514,-0.401659088467246,-0.568810466279798,-0.561255114053143
"I46","L",-0.225862235795267,-0.5586203456548,-0.332758109859533,-0.252440027467891,-0.112158754711799,0.0245776646806511
"I46","M",-0.330280641462167,-0.507989780312824,-0.177709138850657,-0.473895772766387,-0.0576556220928681,0.28127802594387
"I46","N",-0.224857535428237,-1.23031188992488,-1.00545435449664,-0.250309208986597,-0.835225800657167,-1.08914381244461
"I46","P",0.584953621967669,0.109551825541988,-0.475401796425677,1.46717854872006,0.60711973275998,-0.211584404858981
"I46","Q",-0.613459793951545,-1.32806249939006,-0.71460270543851,-1.0744761959878,-0.940453036325519,-0.607607412032436
"I46","R",-0.286160352951855,-1.69267562711856,-1.40651527416671,-0.380323271707476,-1.33295423636079,-1.75314359456487
"I46","S",-0.171906287875567,-0.483273864229934,-0.311367576354366,-0.138007571010344,-0.0310492659725011,0.0599920092110326
"I46","T",-0.233125095577764,-0.250431621151629,-0.0173065255738631,-0.267843461525888,0.219602323004818,0.546841921710456
"I46","V",-0.454197812577895,-0.390069235041166,0.0641285775367315,-0.736705469097671,0.0692842821730128,0.681666553257353
"I46","W",-0.527533021801238,-0.707669047295866,-0.180136025494631,-0.892238426256436,-0.272607706789517,0.277260052304965
"I46","Y",-0.27885350411192,-1.52134883096575,-1.24249532685383,-0.364826543469801,-1.14852321077729,-1.481590810592
"I55","A",0.0573926387247301,-0.998913198373439,-1.05630583709817,0.34830099080014,-0.586128175768136,-1.17333394843612
"I55","C",-0.795329329462592,-1.51051145819922,-0.715182128736626,-1.46019414749697,-1.13685692261429,-0.608566710046365
"I55","D",1.19378550241069,2.04787011675045,0.854084614339763,2.75841946533687,2.69369368606025,1.9895243140018
"I55","E",1.12392404489391,2.09582887859689,0.971904833702977,2.61025381347496,2.74532065762379,2.18458844553298
"I55","F",0.0863679612044024,-0.101110325732236,-0.18747828693664,0.40975329505644,0.380344718672408,0.26510414341767
"I55","G",0.882571542916867,1.53485849023093,0.652286947314062,2.09838142983134,2.14144346869865,1.6554264242157
"I55","H",0.895375365001298,1.49826809567387,0.60289273067257,2.12553641217633,2.10205439386505,1.57364894982369
"I55","K",1.29132011319427,2.19258018489702,0.90126007170274,2.96527571625858,2.84947215667803,2.06762839214586
"I55","L",-0.231360800042667,-0.2621113453385,-0.0307505452958328,-0.264101655853256,0.207029254700921,0.524583891250764
"I55","M",-0.15387884658773,-0.1783975649623,-0.0245187183745674,-0.0997740773966003,0.29714602987533,0.534901355543559
"I55","N",0.582244966982755,0.722409791799819,0.14016482481707,1.46143389858286,1.2668532116557,0.8075527943524
"I55","Q",1.06473460935473,2.09962591885129,1.03489130949656,2.4847219163213,2.74940812113811,2.2888693768136
"I55","R",0.875332222985572,1.70129369240812,0.825961469422552,2.08302792025991,2.3206087581923,1.94296340222579
"I55","S",0.260738475992033,0.254879299001532,-0.00585917699049787,0.779566950644729,0.763562832015141,0.565794246887046
"I55","T",-0.105031896842799,0.0551502984720003,0.160182195314801,0.00382296176745291,0.54855720981478,0.840693718828534
"I55","V",-0.167121630490803,-0.00293778471646888,0.164183845774335,-0.127860031787028,0.486026158063402,0.847318884490244
"I55","W",0.489761130240161,1.17618305201391,0.68642192177375,1.26528958031744,1.75533411273441,1.71194057080111
"I55","Y",1.21385212118647,2.19365826037773,0.979806139191266,2.80097774793301,2.85063269064604,2.19766991237598
"I84","A",-0.228765429372219,-1.25805302617151,-1.02928759679929,-0.258597264721452,-0.865088766192661,-1.12860232590236
"I84","C",-0.591577172974857,-1.01229986340611,-0.420722690431255,-1.02806644565186,-0.600538743271638,-0.121057223859408
"I84","D",-0.369350409679203,-0.345734293655486,0.0236161160237174,-0.556756879329767,0.117010259034521,0.61459378625745
"I84","E",-0.469895398103874,-1.17393317174958,-0.704037773645705,-0.769997688796296,-0.774534857689441,-0.590116023406715
"I84","F",-0.232012248624958,-1.93634925374742,-1.70433700512246,-0.265483280389596,-1.59526566618948,-2.24621972032647
"I84","G",-0.716641591635879,-2.51505530808655,-1.79841371645067,-1.29330928160602,-2.21823506449628,-2.40197390319702
"I84","H",-0.768381311301519,-0.997943193307144,-0.229561882005623,-1.40304145101532,-0.585083978169072,0.195430194682826
"I84","K",-0.374048217701935,-0.595811498622112,-0.221763280920175,-0.566720224108867,-0.152194538012599,0.208341623265396
"I84","L",-0.366255810666466,-0.699576925768532,-0.333321115102065,-0.550193699913373,-0.263896645204607,0.0236455485356002
"I84","M",-0.252846596912931,-0.379211204323262,-0.126364607410331,-0.309669801898458,0.0809728083468987,0.366284457678706
"I84","N",-1.16509521870816,-0.27080817409461,0.894287044613552,-2.24441202619224,0.197667233797998,2.05608379071287
"I84","P",-0.630907950131707,-1.33184127252948,-0.700933322397768,-1.11148111294936,-0.944520835532649,-0.584976268194641
"I84","Q",-0.622995339769602,-1.06842644875495,-0.44543110898535,-1.09469965556352,-0.660958268593022,-0.161964686371468
"I84","R",-0.248885498758368,-0.387140714022834,-0.138255215264467,-0.301268908029059,0.0724367962395922,0.346598268780224
"I84","S",-0.880637035927089,-1.30952307091244,-0.428886034985348,-1.64111897194857,-0.920495587259524,-0.134572524751227
"I84","T",-0.179940586030128,-0.0281694173060973,0.151771168724038,-0.155047109915434,0.458864639957964,0.82676835350431
"I84","V",-0.299516498809036,-0.675215885457069,-0.37569938664803,-0.408649649765314,-0.237672308149258,-0.0465162690164647
"I84","W",-0.368325210484441,-1.28682057522892,-0.918495364744475,-0.554582585915637,-0.896056651516618,-0.94517378839854
"I84","Y",-0.235908223646549,-0.518915396753908,-0.283007173107357,-0.273746057881363,-0.0694169034020903,0.106945727843973
"I93","A",-0.882313252432203,-1.28300081066867,-0.400687558236465,-1.64467397523608,-0.891944725588197,-0.0878868929704364
"I93","C",-0.452265489012573,-1.48906249956226,-1.03679701054969,-0.73260730122599,-1.11376740288975,-1.14103497353658
"I93","D",1.29703204127582,1.65830756602572,0.361275524749903,2.97738985726956,2.27433476280691,1.17362550146293
"I93","E",0.388270459029536,-0.813810952633107,-1.20208141166264,1.05004311978929,-0.386868061260128,-1.41468119769914
"I93","F",-0.0815260730787148,-0.00271962585023289,0.0788064472284802,0.0536752812630815,0.486261003191797,0.705967355951688
"I93","G",-0.340848118724942,-0.501124019650721,-0.160275900925779,-0.496307803846599,-0.0502647217272697,0.31014063911818
"I93","H",-0.215681899768084,-1.25070474481682,-1.03502284504874,-0.230849064764621,-0.85717843869601,-1.13809765043104
"I93","K",1.0790942248734,1.07570837126557,-0.00338585360783306,2.51517650271894,1.64717445042996,0.56988910157534
"I93","L",-0.0715830827046346,-0.449964239579234,-0.378381156874601,0.0747628695069776,0.00480810353466432,-0.050956230026889
"I93","M",-0.2693309820653,-0.269367115137667,-3.61330723670505e-05,-0.344630705355946,0.199218514667793,0.575434926652345
"I93","N",-0.328987630297584,-0.296652329744997,0.0323353005525817,-0.471153490413931,0.169846342734995,0.629029340417639
"I93","P",0.985646582060498,0.725247124581097,-0.2603994574794,2.31698809662955,1.26990756279354,0.144375249183399
"I93","Q",-0.452707135212696,-0.769817078640976,-0.31710994342828,-0.733543966441111,-0.339509238927847,0.0504848986975718
"I93","R",1.02553174435724,1.83803010468577,0.812498360328537,2.40157853148978,2.46780369393651,1.92067376724355
"I93","S",-0.248438770079366,-0.370760884866801,-0.122322114787433,-0.300321463640087,0.0900694652555663,0.372977241964532
"I93","T",0.0210509194964299,-0.207138573742801,-0.228189493239231,0.271225666141328,0.266206714807741,0.197702332897185
"I93","V",-0.275040135301998,-0.841044956652821,-0.566004821350822,-0.356738961338032,-0.416185105674017,-0.361587523734847
"I93","W",-0.283823240281231,-0.791664314517217,-0.507841074235987,-0.37536660697951,-0.363027498822381,-0.26529114201977
"I93","Y",-0.437990208078682,-1.12699311878298,-0.689002910704302,-0.702331575807954,-0.72400451273481,-0.565224179729917
"K101","A",-0.374730406500666,-1.03671452331156,-0.661984116810894,-0.568167044024306,-0.626820801109323,-0.520491640660456
"K101","C",-0.444254283449569,-0.627521099605767,-0.183266816156198,-0.715616738236988,-0.186329503246192,0.272076689341416
"K101","D",-0.205477694791341,-1.03532205115897,-0.82984435636763,-0.209207479606617,-0.625321823290526,-0.798402444296025
"K101","E",-0.0547560655536365,-0.123459198419138,-0.0687031328654957,0.110450443939137,0.356286453399041,0.461749272764656
"K101","F",-0.397345468173953,-2.25743723836853,-1.86009177019458,-0.616130190998659,-1.94091262647813,-2.50408860008958
"K101","G",-0.586433227388069,-0.629113388959322,-0.0426801615712513,-1.01715691014975,-0.188043581633789,0.504833119686752
"K101","H",-0.106934407581301,-1.04894459648197,-0.942010188900673,-0.000211977579134063,-0.639986312800614,-0.984105126134355
"K101","I",-0.31992939962864,-0.876048184581514,-0.556118784952872,-0.451942344533423,-0.453865616665793,-0.345220119950724
"K101","L",-0.788534383880362,-1.36987564250936,-0.581341258629001,-1.44578308913456,-0.985464330772917,-0.386978656382699
"K101","M",-0.153676540411455,-0.439141360882624,-0.285464820471166,-0.0993450164014684,0.0164587890234727,0.102876826502401
"K101","N",-0.252899114662231,-0.455745034863261,-0.202845920201026,-0.30978118415179,-0.00141484597972686,0.239661362436539
"K101","P",0.292448043809665,-0.193826476601147,-0.486274520410817,0.846818178331046,0.280537010964757,-0.229585376788945
"K101","Q",-0.158661253568461,-0.114244892531461,0.044416361037003,-0.109916843851175,0.366205531576331,0.649030844269065
"K101","R",-0.158750533160566,-0.250356654802767,-0.0916061216422026,-0.110106192448132,0.21968302328589,0.423830894753288
"K101","S",-0.382151423227043,-0.789827569065539,-0.407676145838495,-0.583905905190747,-0.361050266684761,-0.0994572565174365
"K101","T",-0.106089681486697,-0.337655006289497,-0.2315653248028,0.00157955951299836,0.125707504814826,0.192113278185676
"K101","V",-0.411013499314507,-0.544898600980563,-0.133885101666053,-0.645118030869058,-0.0973874784147312,0.353833465068047
"K101","W",-0.264576314034175,-0.990204988187124,-0.725628674152949,-0.334546769044575,-0.576753902906426,-0.625862097206137
"K101","Y",-0.413505473456286,-0.89805332292093,-0.484547849464644,-0.650403133503099,-0.477553856469365,-0.226726686061872
"K104","A",-0.206302148581898,-1.22409023417634,-1.01778808559444,-0.210956022188606,-0.828528270695146,-1.10956363985737
"K104","C",0.112583556324434,-0.796724093347917,-0.909307649672352,0.465352632344451,-0.368474283679897,-0.92996253118831
"K104","D",-0.00471940940698978,-1.08682241085167,-1.08210300144468,0.216570671579356,-0.680761278001233,-1.21604394750434
"K104","E",-0.0704861602790654,-0.134579946057199,-0.0640937857781321,0.0770892771143108,0.34431511594221,0.469380545999265
"K104","F",-0.765955463230764,-1.42058838245987,-0.654632919229106,-1.39789659183978,-1.04005592326893,-0.508320937026092
"K104","G",-0.00408568780868102,-0.728642049276857,-0.724556361468176,0.217914699846872,-0.29518486548143,-0.624086767439178
"K104","H",-0.50196506396412,-1.84452515840229,-1.34256009443817,-0.838012630311589,-1.49641824443139,-1.64725886902207
"K104","I",-0.593491502535993,-2.36881773613542,-1.77532623359943,-1.032126450945,-2.06081225627583,-2.36375007526699
"K104","L",-0.56716930397268,-1.19617224424173,-0.629002940269048,-0.9763010237753,-0.798474924508264,-0.465887731469126
"K104","M",-0.23262991485827,-0.246224115590211,-0.0135942007319372,-0.266793257640926,0.224131646982536,0.552988077482069
"K104","N",-0.0811077811533334,-0.332123268309834,-0.251015487156501,0.0545624155714064,0.131662347441653,0.159911428213143
"K104","P",0.436666248613443,-0.263234685553343,-0.699900934166784,1.15268331605701,0.20581999384649,-0.583267037684222
"K104","Q",-0.0212737528364002,-0.310554047831566,-0.289280294995161,0.181461397130345,0.154881327444615,0.0965598952623743
"K104","R",0.0142759679843287,-0.110382346264638,-0.12465831424897,0.256857012196737,0.370363511444924,0.369109410776377
"K104","S",-0.371574348559987,-1.57931734345786,-1.20774299489787,-0.561473519458456,-1.21092554625862,-1.42405456181984
"K104","T",-0.217862956368931,-0.463235340228652,-0.245372383859719,-0.235474758022375,-0.00947806044175674,0.169254196794604
"K104","V",-0.433010299583044,-0.925293854997612,-0.492283555414568,-0.691769938322911,-0.506877928250068,-0.239533984936871
"K104","W",-0.330090166058223,-0.187218074109241,0.142872091948984,-0.473491803061315,0.287650868670727,0.812034968250598
"K104","Y",-0.950083358715032,-1.6064860116474,-0.656402652932372,-1.78840418544153,-1.24017225751718,-0.511250922810661
"K117","A",-0.17606806606554,-0.657613519669273,-0.481545453603735,-0.146834077074491,-0.21872359465062,-0.221755894594276
"K117","C",-0.198952181392153,-1.18733652165206,-0.988384340259902,-0.195367846411273,-0.788963386234175,-1.06088255541835
"K117","D",1.18985272630106,1.30655854983656,0.116705823535499,2.75007863826824,1.89568160836461,0.768713877430411
"K117","E",-0.1367708322814,-0.183394536401432,-0.0466237041200355,-0.0634905502292556,0.291766856342495,0.498304157963608
"K117","F",-0.364482762669214,-1.88945095335653,-1.52496819068732,-0.546433331583922,-1.54478026732928,-1.94925522475287
"K117","G",-0.293241974115906,-1.21770904059222,-0.924467066476313,-0.395342325894239,-0.821659000367363,-0.955060587272113
"K117","H",-0.791498783110514,-1.19004388043321,-0.398545097322696,-1.45207013437991,-0.791877822083342,-0.0843398169274407
"K117","I",-0.352138728402799,-1.2284123644992,-0.876273636096398,-0.520253490099084,-0.833180986709515,-0.875271144565461
"K117","L",0.165796055354006,-0.505130474255891,-0.670926529609897,0.57820834543953,-0.0545776170149758,-0.535296773394536
"K117","M",-0.480453909507483,-0.856636004587864,-0.376182095080381,-0.792390704636703,-0.432968662158765,-0.0473154450971765
"K117","N",-0.120316772176432,-0.260080225219333,-0.139763453042899,-0.0285939616397313,0.20921572859218,0.344101217815775
"K117","P",0.781375926904964,1.18385584208036,0.402479915175402,1.8837607370356,1.7635937695588,1.24184383170423
"K117","Q",-0.235187131603803,-0.211171730372575,0.0240154012312299,-0.272216730032167,0.261865075144412,0.615254846155807
"K117","R",-0.211805549568565,-0.0689492168434658,0.142856332725101,-0.222627908571038,0.414965726182338,0.812008877148943
"K117","S",-0.355030121060391,-0.966586812754514,-0.611556691694124,-0.526385699376252,-0.551329250048492,-0.437003577754785
"K117","T",0.0947247309684638,0.121321679863431,0.0265969488949658,0.427476747780779,0.619789824959312,0.619528877860676
"K117","V",-0.494409138487987,-0.902979997278907,-0.408570858790918,-0.821987647962453,-0.482857356125935,-0.100938550695782
"K117","W",-0.752214189734879,-0.852951537658958,-0.100737347924079,-1.36875341594138,-0.429002382337478,0.408713160852301
"K117","Y",-0.488234949747078,-0.641959746331954,-0.153724796584875,-0.808893121566472,-0.201872515101579,0.320986701752719
"K128","A",-0.322300359930406,-0.271939852500246,0.0503605074301596,-0.456970795000056,0.196448996991678,0.65887202229557
"K128","C",-0.409198554422574,-1.39089790141375,-0.981699346991171,-0.641268805522706,-1.00809451389009,-1.04981482516538
"K128","D",-0.356309160242443,-0.588406928591041,-0.232097768348599,-0.529098349253619,-0.144223616501773,0.191231760238994
"K128","E",-0.07697197712797,0.0297029421674981,0.106674919295468,0.0633338343360936,0.521163467989117,0.752106629246447
"K128","F",-0.239082964505673,-0.731689797659779,-0.492606833154106,-0.280479206109366,-0.298465726225954,-0.24006920624139
"K128","G",-0.386627599075602,-1.19631556407472,-0.80968796499912,-0.593399201437695,-0.798629206409161,-0.765031355714191
"K128","H",-0.506763179055277,-1.3511426107785,-0.844379431723221,-0.848188711307595,-0.965298470370497,-0.822466835504107
"K128","I",-0.347977502221667,-0.618521339050814,-0.270543836829143,-0.511428154762726,-0.176641380276359,0.127580130667449
"K128","L",-0.565779835034562,-1.2533214645964,-0.687541629561839,-0.973354168981887,-0.859995302861154,-0.5628048705611
"K128","M",-0.712506600711224,-0.705848257291468,0.00665834341975824,-1.28453958730573,-0.270647650479447,0.586518357408544
"K128","N",-0.00435782129869899,0.138616237575766,0.142974058874465,0.217337545613691,0.638407187143882,0.812203785537404
"K128","P",-0.192256303090765,-0.956982780278686,-0.764726477187919,-0.181166894862634,-0.540990636363833,-0.690592743906787
"K128","Q",-0.249338008451634,-0.154548761284067,0.0947892471675669,-0.302228613080454,0.322818950983322,0.732428611977221
"K128","R",-0.147434617285498,-0.227457971988166,-0.0800233547026643,-0.086106835554651,0.244333151875474,0.443007419682544
"K128","S",0.157463419704593,-0.329137361863994,-0.486600781568587,0.560536077545225,0.134876636160456,-0.230125537465413
"K128","T",-0.0651590480722977,0.0751956120188702,0.140354660091168,0.0883872814891508,0.570135724201372,0.807867087205325
"K128","V",-0.359838013461719,-0.405392501381449,-0.0455544879197305,-0.536582516577689,0.0527889890263004,0.500074361165221
"K128","W",-0.536480182211891,-0.188732212215649,0.347747969996238,-0.91121400881194,0.286020919064999,1.15122916971253
"K128","Y",-0.281893762536464,-0.868535097222233,-0.586641334685769,-0.371274474665526,-0.445777877689255,-0.395753506222992
"K147","A",-0.574293214689309,-1.68594985967185,-1.11165664498254,-0.991409767747352,-1.32571403683633,-1.26497320465096
"K147","C",-0.141014485652768,-1.06289716725701,-0.921882681604243,-0.0724907012480597,-0.655006070336215,-0.950781858261615
"K147","D",-0.358714632182112,-0.680980214664118,-0.322265582482004,-0.534199993717464,-0.243877532149996,0.0419491799564398
"K147","E",-0.0164433898890035,-0.0792305220405023,-0.0627871321515006,0.19170587098288,0.403898037388723,0.471543852571503
"K147","F",-0.318845522983715,-0.992038287775115,-0.6731927647914,-0.449643605066176,-0.578727425617453,-0.539048771140887
"K147","G",-0.485544754953153,-0.267135156741869,0.218409598211284,-0.803187622719964,0.201621188302276,0.937095489583211
"K147","H",-0.177586924563258,-1.62675384582177,-1.44916692125852,-0.150055347677761,-1.26199031241037,-1.82375801493605
"K147","I",-0.0902971284683307,-0.934431510321138,-0.844134381852806,0.0350731909902408,-0.516714493110846,-0.822061128907967
"K147","L",-0.525467698804349,-0.912350548201855,-0.386882849397503,-0.887858186578985,-0.492944630013088,-0.0650317026196921
"K147","M",-0.0125707768099304,-0.762165448792052,-0.74959467198212,0.199919101305652,-0.331272360797214,-0.665540401813714
"K147","N",0.000113980637506117,-0.196419385820397,-0.196533366457903,0.226821565449894,0.27774577855226,0.25011247872457
"K147","P",-0.123290184031841,-0.876851631896154,-0.753561447864311,-0.0349001213087423,-0.454730517052475,-0.672107828836177
"K147","Q",-0.202640900099933,-0.0456593229964319,0.156981577103501,-0.203191064410156,0.440036988263887,0.835394748794999
"K147","R",-0.128861686096695,-0.105949593530095,0.0229120925665978,-0.046716439843046,0.375135311019467,0.613428199187736
"K147","S",-0.703249843952015,-0.765737191957166,-0.0624873480051473,-1.26490739742441,-0.335117294980629,0.472040177688459
"K147","T",-0.109621124246532,0.0152071851828364,0.124828309429368,-0.00591009983741335,0.505558977697325,0.782161532385776
"K147","V",-0.253873753457956,-1.34002718619837,-1.08615343274041,-0.311848246558323,-0.953332863114986,-1.2227498751227
"K147","W",-0.446312931236633,-1.16661380875286,-0.720300877516227,-0.719982820797623,-0.766655660421905,-0.617041352943956
"K147","Y",-0.332939690435433,-0.451966692657322,-0.119027002221891,-0.479535216008207,0.002652489333222,0.378432657634006
"K165","A",0.0765333052464694,-0.833793843035316,-0.910327148281786,0.388895467827531,-0.408379377958744,-0.931650421534478
"K165","C",-0.228459293633664,-0.0129530219226961,0.215506271710968,-0.257947996829348,0.475244887935879,0.93228871816998
"K165","D",-0.135029174665348,-1.02186083131945,-0.886831656654095,-0.0597967561806482,-0.610830998525475,-0.892751090893065
"K165","E",-0.1335679256043,-0.118557808651403,0.0150101169528973,-0.0566976665343894,0.361562734529295,0.600345622879546
"K165","F",-0.443748277059042,-0.964414759300306,-0.520666482241264,-0.714543574730763,-0.548991063289752,-0.28652499379499
"K165","G",-0.120276015262036,-1.32672317510936,-1.20644715984733,-0.0285075223496842,-0.939011271486486,-1.42190916657182
"K165","H",-0.511943671782745,-1.83039890400713,-1.31845523222439,-0.859175757802394,-1.48121151878044,-1.60735065938858
"K165","I",-0.227001324449708,-0.100950717991045,0.126050606458664,-0.254855863309466,0.38051653429063,0.784185177476417
"K165","L",-0.368704526546965,0.295799313759868,0.664503840306832,-0.555387058276554,0.807612685617965,1.67565281349356
"K165","M",-0.510061006117775,-0.635070083522812,-0.125009077405036,-0.855182906874235,-0.194455884391452,0.368528684388488
"K165","N",-0.0648961997946333,-0.0362871569778651,0.02860904281677,0.0889447431824108,0.45012600078007,0.62286011723145
"K165","P",-0.208998826809886,-1.56706966845673,-1.35807084164685,-0.216675271424362,-1.19774108642984,-1.67293859063532
"K165","Q",-0.186269603137871,-0.325116253991592,-0.13884665085372,-0.1684700040082,0.139205305496148,0.345619083117543
"K165","R",-0.0748005223626365,-0.254355458171469,-0.179554935808833,0.0679391635437904,0.215378364452845,0.278222109204152
"K165","S",-0.633604446934344,-0.889278616760077,-0.255674169825733,-1.11719997740921,-0.468108001572291,0.152198474580357
"K165","T",-0.0778205454687644,-0.123001809343187,-0.045181263874424,0.0615341484172451,0.356778826677843,0.500692273987466
"K165","V",-0.418832507999452,-1.26818855377934,-0.84935604577989,-0.661700973165111,-0.875999527343388,-0.830706158976571
"K165","W",-0.727320202272743,-1.65399343003951,-0.926673227766772,-1.31595700987035,-1.29131336383348,-0.958713126186629
"K165","Y",-0.393391397606472,-1.27800472449462,-0.884613326888148,-0.607744201585282,-0.886566505031494,-0.889078405749693
"K167","A",-0.199862860042781,-0.768062006636903,-0.568199146594122,-0.197299258962674,-0.337619927174212,-0.365220466791605
"K167","C",-0.281965964306815,-0.290487991902609,-0.00852202759579335,-0.371427603769182,0.176482170730639,0.561385609358389
"K167","D",-0.153943014774667,-0.500411873970295,-0.346468859195625,-0.0999101684772073,-0.0494981063398631,0.00187803446148208
"K167","E",-0.115444080343032,-0.336182929286867,-0.22073884894383,-0.0182597145816231,0.127292176199743,0.210037681334704
"K167","F",0.0440538456621642,-0.474840568031979,-0.518894413694143,0.320011415411715,-0.0219709343760177,-0.283591142423586
"K167","G",-0.347317207093239,-0.0151670644009201,0.332150142692319,-0.510027768031583,0.472861500549238,1.12540527757197
"K167","H",-0.295235705341733,-0.3772091546802,-0.0819734493384683,-0.399570730184847,0.0831279882558822,0.439778826843448
"K167","I",-0.647146931024153,-0.560218270523391,0.0869286605007602,-1.14592155085354,-0.113878899656649,0.71941455955249
"K167","L",-0.436596469335942,-0.638517556860652,-0.20192108752471,-0.69937566540065,-0.198167043752668,0.241192523079359
"K167","N",-0.127540294546533,-0.143766625059699,-0.0162263305131649,-0.0439139669580859,0.334425777740693,0.548630301604316
"K167","P",-0.377606363761002,-1.48231370168759,-1.10470733792658,-0.574266517143691,-1.10650241141479,-1.25346787430155
"K167","Q",-0.1880722195839,-0.527780849949066,-0.339708630365163,-0.17229308257364,-0.0789604462789861,0.0130703253339077
"K167","R",-0.278577108688999,-0.247104241652533,0.0314728670364666,-0.364240350317463,0.223184202940145,0.627601488341538
"K167","S",-0.25487275632792,-0.14303094251709,0.11184181381083,-0.313966981504621,0.335217730248323,0.760660982623139
"K167","T",-0.291771523292466,-0.324519341436897,-0.032747818144431,-0.392223720692886,0.13984787395081,0.52127718977161
"K167","V",-0.581576017816598,-1.1003873067106,-0.518811288894007,-1.00685549864235,-0.695363708627237,-0.283453520315641
"K167","W",-0.817985436539708,-0.54555633895829,0.272429097581417,-1.5082443456041,-0.0980955246312102,1.02653062038958
"K167","Y",-0.297045341249238,-0.901007536258392,-0.603962195009153,-0.403408695973117,-0.480734027977006,-0.424430066109016
"K169","A",-0.482546126448232,-1.22380101785684,-0.741254891408609,-0.796827982327168,-0.828216933159988,-0.651732991986056
"K169","C",-0.100629386329274,-0.574862078897604,-0.47423269256833,0.0131600249100125,-0.129642765307271,-0.20964882682462
"K169","D",0.0790471935321797,-0.500609219355267,-0.579656412887445,0.394227047067355,-0.0497105460315043,-0.384189211810987
"K169","E",-0.0685475123987285,-0.288000049655198,-0.219452537256467,0.0812008579076522,0.179160407589007,0.212167309623718
"K169","F",-0.316470329634157,-1.31307804802063,-0.996607718386477,-0.444606176941366,-0.924322473004858,-1.07449724839025
"K169","G",-0.0118353313378385,-1.00741396269994,-0.995578631362097,0.201478870621304,-0.595279135910885,-1.07279348338484
"K169","I",-0.272231065760339,-1.66913767084809,-1.39690660508775,-0.350781347017356,-1.30761593836781,-1.73723540241256
"K169","L",-0.144121523789478,-1.28386138616931,-1.13973986237983,-0.0790802621769144,-0.892871123710033,-1.31146801209413
"K169","M",-0.126916617841259,-0.563900317014873,-0.436983699173613,-0.0425912423990423,-0.117842573909125,-0.1479790846851
"K169","N",-0.0891195379422669,-0.243871517664665,-0.154751979722397,0.0375706835150532,0.22666418747204,0.319286088838169
"K169","P",-0.319759362868917,0.0362382597946986,0.355997622663619,-0.451581722121004,0.528198650806774,1.16488736303192
"K169","Q",-0.103641731531766,-0.352217445709131,-0.248575714177365,0.00677129346316024,0.110031231765482,0.163950736575329
"K169","R",-0.107053970149195,-0.215742799839431,-0.108688829690232,-0.000465551816489194,0.25694437944055,0.395548621747863
"K169","S",-0.0251805926883453,-0.80134913975834,-0.776168547069995,0.17317557696628,-0.37345308484819,-0.709536329621779
"K169","T",-0.0522915111516653,-0.205977469543864,-0.153685958392199,0.115677393425976,0.26745662809059,0.321051002586358
"K169","V",-0.294930680791499,-0.40094938238493,-0.106018701593431,-0.398923818956169,0.0575719477444844,0.399969307951763
"K169","W",-0.345781616441746,-0.662096634552956,-0.316315018111212,-0.506771011044845,-0.223549608411298,0.0518009836399029
"K169","Y",-0.00680041407484566,-1.06667160247717,-1.05987118840232,0.212157173434596,-0.659069199830746,-1.17923677360066
"K16","A",0.279295202376961,0.944496566911829,0.66520136453487,0.818922978402746,1.50592668190204,1.67680764038575
"K16","C",0.884743683713086,0.850076373265519,-0.0346673104475634,2.10298821400744,1.40428459472702,0.518099262408081
"K16","D",0.853588605138595,1.88324627491303,1.02965766977444,2.03691297467122,2.51647830196766,2.2802045195195
"K16","E",0.4381857733282,0.793659201515034,0.355473428186833,1.15590599960649,1.3435522569952,1.16401950231226
"K16","F",0.841671721371444,1.29265418940602,0.450982468034571,2.01163905519854,1.88071374862595,1.32214506014917
"K16","G",0.293539006775731,0.822967137086977,0.529428130311249,0.849131946820424,1.37510186124069,1.45202034867851
"K16","H",0.04785012883527,-0.205340158955982,-0.253190287791252,0.328062761475609,0.26814268449261,0.156310810260095
"K16","I",0.240133979652708,0.153140815011829,-0.0869931646408766,0.735867910574326,0.65404270226967,0.431468144591369
"K16","L",0.180335701721871,-0.286572742606573,-0.466908444328444,0.609044750211346,0.180696884711743,-0.197522740744032
"K16","M",0.323010958788126,0.787089715832176,0.464078757044044,0.911637527676802,1.33648029271843,1.34382738475967
"K16","N",-0.16427462081443,0.00389597724640289,0.168170598060835,-0.121821952142675,0.493382612253334,0.853919384613219
"K16","P",0.606154063547951,2.10236882363154,1.49621476008359,1.51214149908147,2.75236082178424,3.05264030450397
"K16","Q",-0.169378608855137,0.281064099677097,0.450442708532231,-0.1326467436948,0.791750422933416,1.32125142984421
"K16","R",0.321035441176168,0.530414769259469,0.209379328083303,0.907447751723871,1.06017311426765,0.922144899527217
"K16","S",0.996236073694512,1.25473425338535,0.258498179690838,2.3394468168826,1.83989344002627,1.0034664772871
"K16","T",0.490107570110199,0.755549503431867,0.265441933321664,1.26602432721508,1.30252767205002,1.01496261333985
"K16","V",-0.450565947332835,0.311720882532544,0.76228682986538,-0.729002828748668,0.824752043404261,1.83754314131547
"K16","W",1.00469616203486,2.04728460859513,1.04258844656027,2.35738939277941,2.69306339429037,2.30161282072098
"K16","Y",0.747777777297555,1.40832180485502,0.660544027557469,1.81250411120955,2.00522840379426,1.66909691469151
"K172","A",-0.414588707316135,-1.1476632910467,-0.733074583730566,-0.652700509719802,-0.74625567924927,-0.638189606805657
"K172","C",-0.343004281988387,-0.496158637316594,-0.153154355328207,-0.500880702076961,-0.0449195534473439,0.321931129024396
"K172","D",-0.658923528303466,-0.993801435864462,-0.334877907560996,-1.17089794376927,-0.580625431169859,0.0210681100397547
"K172","E",-0.248970542112636,-0.441074633084936,-0.192104090972299,-0.301449272202232,0.0143776471179977,0.257445623923088
"K172","F",-0.364666480392646,-0.797558384986184,-0.432891904593536,-0.546822969264247,-0.369372387572203,-0.141204675670412
"K172","G",-0.356949723997067,-0.997316967664441,-0.640367243667372,-0.530456888706367,-0.584409854563635,-0.484702566349182
"K172","H",-0.303065249467547,-0.967036816336645,-0.663971566869101,-0.416176016567602,-0.551813672941071,-0.523782079446439
"K172","I",-0.534390818162956,-0.907773654024465,-0.373382835861509,-0.906782781676249,-0.488017664085526,-0.0426809683374912
"K172","L",-0.23691849226096,-1.30893521965675,-1.07201672739579,-0.275888685778497,-0.919862773173167,-1.19934502860599
"K172","M",-0.246846987185959,-1.19627497815364,-0.949427990967679,-0.296945531353424,-0.798585516202974,-0.996386100706387
"K172","N",-0.172318056686498,-0.3320038125688,-0.159685755882304,-0.138880870773283,0.131790939963812,0.311117688142575
"K172","P",-0.0994846808983425,-0.732992035235556,-0.633507354337212,0.015587773090375,-0.299867567718627,-0.473345276727589
"K172","Q",-0.339395120772565,-0.267050107039166,0.0723450137333987,-0.493226213561766,0.201712743180131,0.695269753112577
"K172","R",-0.153269879087699,0.0435935109607009,0.196863390048405,-0.098482548851218,0.536116481212942,0.901423408799475
"K172","S",-0.133474512662358,-0.700411609989633,-0.566937097327273,-0.0564995517236327,-0.264795171707131,-0.363131007567051
"K172","T",-0.221101102244964,-0.409958345994898,-0.188857243749935,-0.242342378762052,0.0478739178078891,0.262821131090431
"K172","V",-0.780287805531122,-0.65736480182785,0.122923003703271,-1.4282933358403,-0.218455853190413,0.779007092436747
"K172","W",-0.111487441240405,-0.97375794918718,-0.862270507946773,-0.00986827769122756,-0.559048883384168,-0.852087449559719
"K172","Y",-0.193257388483486,-1.69616277583036,-1.50290538734687,-0.183290046526716,-1.33670810573628,-1.91272786471223
"K175","A",-0.491106323904321,-0.468232992395423,0.0228733315088974,-0.814982874612995,-0.0148579667688744,0.613364026059402
"K175","C",-0.443412926395384,-1.4697557511922,-1.02634282479682,-0.713832346373249,-1.09298394412831,-1.12372693697231
"K175","D",0.096466116463878,-0.276273260492081,-0.372739376955955,0.431169964702412,0.191784140716113,-0.0416156524412366
"K175","E",-0.0425523728222306,-0.150216788334397,-0.107664415512165,0.136332642120257,0.327482262455013,0.397244650350194
"K175","F",-0.205234156696259,-0.928066017806998,-0.722831861110739,-0.208690971908471,-0.509862124776824,-0.621231670356804
"K175","G",-0.531160726811459,-1.57318929151298,-1.04202856470152,-0.89993224337259,-1.20432877955077,-1.14969637794323
"K175","H",-0.276454912789955,-0.683848020121982,-0.407393107332027,-0.359739491762013,-0.246964686720353,-0.0989886556206414
"K175","I",-0.219853771224102,-1.11762062920351,-0.897766857979406,-0.239696977129125,-0.713915151909597,-0.910855500825154
"K175","L",-0.334375711677714,-1.56540913172006,-1.23103342004235,-0.482580801242368,-1.19595354063875,-1.4626143826923
"K175","M",-0.296308080434876,-1.36140398424524,-1.06509590381036,-0.401845076589341,-0.976344702920594,-1.18788685572643
"K175","N",-0.121981833923533,-0.191862510326599,-0.0698806764030664,-0.0321253073619454,0.282651194632228,0.459799721925777
"K175","P",-0.375113934857332,-0.647031439109574,-0.271917504252244,-0.568980450028028,-0.207332125165066,0.125305875498446
"K175","Q",0.0220882968392342,-0.365147929419464,-0.387236226258699,0.273425787577192,0.0961117374100252,-0.0656167562794527
"K175","R",-0.229261385507399,-0.3775224748561,-0.148261089348697,-0.259649113146548,0.0827907032387402,0.330032460729623
"K175","S",-0.0574477058567631,-0.771283984476586,-0.713836278619819,0.104741879384858,-0.341088343619997,-0.606338509440179
"K175","T",-0.260110684078159,-1.03663987100549,-0.776529186927329,-0.325075839050762,-0.62674043889116,-0.710133407958134
"K175","V",0.275884689933457,-0.772651083785425,-1.04853577371888,0.811689794078565,-0.342560007908744,-1.16046976711636
"K175","W",-0.312908826603699,-0.329753394702932,-0.0168445680992342,-0.437052764274744,0.134213484973195,0.547606742333604
"K175","Y",-0.0345143992367696,-1.2453294421068,-1.21081504287003,0.153379976061903,-0.851391996563822,-1.42914066990002
"K176","A",-0.535121411158359,0.241791400239606,0.776912811397969,-0.908332259618126,0.749473882442757,1.86175803754352
"K176","C",-0.344489710987457,-1.15148926116734,-0.806999550179887,-0.504031073737743,-0.750374285381216,-0.760580393861093
"K176","D",-0.461638010621376,-1.17390576902653,-0.71226775840515,-0.752485010954915,-0.774505359021223,-0.603741654374748
"K176","E",-0.0989035596842989,0.0048307340165028,0.103734293700803,0.0168202438482156,0.494388865528665,0.747238105143523
"K176","F",-0.0452601415239755,-1.47859186848749,-1.43333172696352,0.130589871656458,-1.10249590729776,-1.79754113603804
"K176","G",-0.68076403717666,-1.5295805911668,-0.848816553990142,-1.21721838066275,-1.15738459154392,-0.829812971898799
"K176","H",-0.470524984212615,-1.3761445692001,-0.905619584987488,-0.771332946311963,-0.992212747277767,-0.923856540733769
"K176","I",-0.393170629040318,-1.01613467849293,-0.622964049452608,-0.607275984635945,-0.604666870892454,-0.455889693790304
"K176","L",-0.212406653613602,-0.673516033279885,-0.461109379666281,-0.223902759910181,-0.23584243980748,-0.187921761233624
"K176","M",-0.0445785871279174,-0.158009990612562,-0.113431403484643,0.132035346099173,0.319092983480464,0.387696777273041
"K176","N",-0.111527207404935,-0.112403080690447,-0.000875873285510309,-0.00995261574970916,0.36818821761493,0.5740446457967
"K176","P",-0.269279559006339,-0.714327905035441,-0.4450483460291,-0.3445216447763,-0.279775878900954,-0.161330980849218
"K176","Q",-0.0441151111337987,-0.237042553054998,-0.192927441921199,0.133018309026541,0.234015477374823,0.256082477269138
"K176","R",0.00912809276706916,0.0412155989916361,0.0320875062245669,0.245939142538982,0.533556690491059,0.628619090074754
"K176","S",-0.395659984734499,-0.994158731779999,-0.5984987470455,-0.612555533936156,-0.58101005548794,-0.415384736385853
"K176","T",-0.20694632668183,0.000485402100169452,0.207431728781996,-0.21232222712455,0.489711173306397,0.918920437984594
"K176","V",-0.561399359007348,-0.296404811866399,0.264994547140947,-0.964063837673216,0.170112792451123,1.01422191707165
"K176","W",-0.0126026477603531,-0.569165515895925,-0.556562868135575,0.199851507809715,-0.123510490728555,-0.34595534774804
"K176","Y",0.0865918058487978,-0.485073502648216,-0.571665308497014,0.410228035905422,-0.0329865528804239,-0.370959073161448
"K177","A",-0.236272378064564,-1.1075861046385,-0.87131372657394,-0.274518374672931,-0.703113119195953,-0.867059477258266
"K177","C",-0.242687159030398,-0.960683252624738,-0.717996093594341,-0.288123161019192,-0.544974145804569,-0.613225533583581
"K177","D",-0.369974922405472,-1.24684894238804,-0.876874019982566,-0.558081376963694,-0.85302771847969,-0.876265145102666
"K177","E",-0.140210401906105,-0.0846308107001033,0.0555795912060013,-0.0707853604677397,0.398084698212936,0.667512780644395
"K177","F",-0.245114774416626,-1.6156925963423,-1.37057782192568,-0.293271768405233,-1.25008302393277,-1.69364525082789
"K177","G",-0.511904171544476,-1.27243192537397,-0.760527753829499,-0.859091983733545,-0.880567460630554,-0.683641302720576
"K177","H",-0.541270256094165,-1.56871741829177,-1.0274471621976,-0.921373035612425,-1.19951486729077,-1.12555528712447
"K177","I",0.0333475271929426,-1.02984903744945,-1.06319656464239,0.29730492299918,-0.619430196562275,-1.18474229406046
"K177","L",-0.382770786589937,-1.51451801865715,-1.13174723206721,-0.585219481798858,-1.14116993185109,-1.29823534711517
"K177","M",-0.446524778204232,-0.393695575665921,0.0528292025383088,-0.720432116377258,0.0653805745478363,0.662959214374222
"K177","N",-0.176735046023632,-0.233261500950132,-0.0565264549264999,-0.148248641324683,0.238085729858055,0.481909081666239
"K177","P",-0.159061834306563,-0.870147385919099,-0.711085551612534,-0.110766415393108,-0.447513485104889,-0.601784383012174
"K177","Q",-0.132581669949765,-0.194082891217798,-0.061501221268033,-0.0546059665162273,0.280260984028017,0.473672817286267
"K177","R",-0.1896525369601,-0.193439592883701,-0.00378705592360085,-0.17564469822147,0.280953486159487,0.569224867696668
"K177","S",-0.232857900922223,-1.3140659278761,-1.08120802695388,-0.267276781818373,-0.925385912577587,-1.21456222032089
"K177","T",-0.0728684013809016,0.197820595507634,0.270688996888534,0.0720369017661295,0.702139893863316,1.02364969526256
"K177","V",-0.101030081260401,-0.777492186970568,-0.676462105710167,0.0123102111818361,-0.347771391331773,-0.544461519058394
"K177","W",-0.359833547207698,-1.10075445617494,-0.74092090896724,-0.536573044324148,-0.695758940160017,-0.651180047888478
"K177","Y",-0.553437153312626,-1.39088147797043,-0.837444324657805,-0.947177196040614,-1.00807683427101,-0.81098501477671
"K178","A",-0.171327959896841,-0.957722553053957,-0.786394593157116,-0.136781024284815,-0.541786991952718,-0.726466656264888
"K178","C",-0.382469588690933,-0.941762231198545,-0.559292642507614,-0.58458068632233,-0.524605916986424,-0.350474784819501
"K178","D",0.0402078629414078,-1.8795770212183,-1.91978488415971,0.311854664076637,-1.53415111023484,-2.60291701423557
"K178","E",-0.130822211602034,-0.0751754863805374,0.0556467252215018,-0.0508744197910125,0.408263229538105,0.667623928276784
"K178","F",-0.379054595156729,-0.417654150335716,-0.0385995551789886,-0.57733799827824,0.0395894864221467,0.51158900544498
"K178","G",0.0796595470262744,-0.148534021728292,-0.228193568754566,0.395525756797261,0.329293738405949,0.197695585440223
"K178","H",0.0820546283236165,0.040721456065155,-0.0413331722584598,0.400605364270348,0.533024752179235,0.50706320635525
"K178","I",-0.520696813781765,0.000773886676480373,0.521470700458242,-0.877739856465996,0.49002172312971,1.43884596187219
"K178","L",-0.526074753001641,-1.0997575288712,-0.573682775869564,-0.889145657296809,-0.694685761129125,-0.374299208861805
"K178","M",-0.352621065978074,-0.871811503960618,-0.519190437982546,-0.521276455605363,-0.449304886123184,-0.284081242688563
"K178","N",-0.190469751278231,-0.26770425792053,-0.0772345066423004,-0.177377886970469,0.20100855842535,0.447624659641928
"K178","P",-0.171680078422852,-1.81061092122266,-1.63893084279981,-0.137527814758326,-1.45991001754934,-2.13793273597684
"K178","Q",-0.19146047149373,-0.349600428157634,-0.158139956663904,-0.179479055651454,0.112848416478153,0.313676926138298
"K178","R",-0.209240461120501,-0.519962038696301,-0.3107215775758,-0.217187741481774,-0.070543599582658,0.0610615301420939
"K178","S",-0.27226924591643,-0.888482015996402,-0.616212770079972,-0.3508623213903,-0.467250471406992,-0.444712219714418
"K178","T",-0.149793505358165,-0.335218989327933,-0.185425483969768,-0.091109682637709,0.12832984479111,0.268502781020807
"K178","V",-0.567599191968526,0.194807607836665,0.762406799805191,-0.977212751606299,0.69889645256455,1.83774176454199
"K178","W",-0.320400581742552,-0.650700189468429,-0.330299607725877,-0.452941650982716,-0.211281486306974,0.0286479811862655
"K178","Y",-0.127657145330419,-0.835718757034753,-0.708061611704332,-0.0441617899091161,-0.41045152236959,-0.596777923041348
"K179","A",-0.198017484219353,-0.0625482430589255,0.135469241160431,-0.193385494184107,0.421856289633737,0.799778747139072
"K179","C",-0.455878571819087,-1.23129324557496,-0.775414673755874,-0.740270106845663,-0.836282217009258,-0.708288210715717
"K179","D",-0.317233516068322,-0.895032381066047,-0.577798864997725,-0.446224780668365,-0.474301852597027,-0.381113840131625
"K179","E",-0.135224140390797,-0.284284953979164,-0.149060813588367,-0.0602102491827785,0.183159658850676,0.328708430651265
"K179","F",-0.379382451725435,-1.33801327509631,-0.958630823370875,-0.578033332786654,-0.951164914502585,-1.01162238629521
"K179","G",-0.330254076110784,-0.709349158743089,-0.379095082632302,-0.473839431648629,-0.274416324497103,-0.0521382114275037
"K179","H",-0.153678575789364,-1.71578168203074,-1.56210310624137,-0.0993493331321147,-1.35782759826526,-2.01073609867405
"K179","I",-0.582037472823192,0.84542411720415,1.42746159002734,-1.00783417535892,1.39927650273007,2.93881198641459
"K179","L",-0.394309954544887,-0.543325251465415,-0.149015296920528,-0.609692322801046,-0.0956937885121825,0.328783788423728
"K179","M",-0.232866416854719,-0.379060049876889,-0.146193633022166,-0.267294842831331,0.0811355241052742,0.333455358556439
"K179","N",-0.184237793312734,-0.273350263639633,-0.0891124703268993,-0.164160840731316,0.194930708091326,0.427959404535312
"K179","P",-0.146056491151539,-0.993632324057373,-0.847575832905829,-0.0831840371441405,-0.580443384550648,-0.827758823789994
"K179","Q",-0.132932380941231,-0.280257732659798,-0.147325351718562,-0.0553497718205066,0.187494909231007,0.331581675704352
"K179","R",0.00171665117870567,-0.190777931310365,-0.192494582489068,0.230220588801213,0.283818729570032,0.256799122931996
"K179","S",-0.348875721262374,-1.00443329108183,-0.655557569819454,-0.513333142354047,-0.592070482414762,-0.509851796205872
"K179","T",-0.248309470155736,-0.199639231296167,0.0486702388595681,-0.30004723793465,0.274279657567967,0.656073599643169
"K179","V",-0.466161503546067,-0.994666000909026,-0.528504497362958,-0.762078659609017,-0.581556123982852,-0.299501676582586
"K179","W",-0.349076831607061,-0.800366637157637,-0.451289805550575,-0.513759667170103,-0.372395433818958,-0.171664392954743
"K179","Y",-0.410989786254252,-0.43695598303748,-0.0259661967832301,-0.645067739032111,0.0188113193124764,0.532504898295203
"K180","A",-0.880501848052492,-1.15499170101236,-0.274489852959865,-1.64083225878404,-0.754144615458975,0.12104707366155
"K180","C",-0.0562248675917374,-0.763017958497761,-0.706793090906023,0.107335335563692,-0.332190076197691,-0.59467774949568
"K180","D",-0.249590028399604,-1.25921661473389,-1.00962658633428,-0.30276310951383,-0.86634135385983,-1.09605139404949
"K180","E",0.00572300063846676,-0.138693048835931,-0.144416049474398,0.238717453888082,0.339887415308999,0.336398340608618
"K180","F",0.0826698164413138,-0.21166380888711,-0.294333625328424,0.401910085810897,0.26133535914469,0.0881935596866497
"K180","G",-0.469430364546117,-1.58003580678386,-1.11060544223774,-0.769011422510537,-1.21169896250777,-1.26323282467556
"K180","H",-0.270050721890954,-1.16471449789941,-0.894663776008459,-0.346157165355915,-0.764611077458417,-0.905718012599412
"K180","I",-0.235235043892045,-0.619719172132186,-0.384484128240141,-0.272318344794754,-0.177930831714406,-0.0610603599938228
"K180","L",-0.494634111663558,-1.94390699376568,-1.44927288210212,-0.822464782256452,-1.60340147316166,-1.8239334445868
"K180","M",-0.0754977731416986,-0.255241230720969,-0.179743457579272,0.0664603994317455,0.214424842041836,0.277909990998768
"K180","N",-0.204998233414969,-0.145499418910468,0.0594988145045026,-0.208190614085944,0.332560448123853,0.674001479215241
"K180","P",-0.0858413267226368,-0.63337531946206,-0.547533992739423,0.0445232768270502,-0.192631493339583,-0.33100706682162
"K180","Q",-0.0885003538476603,-0.229661207783231,-0.141160853935565,0.0388838799220689,0.24196139774004,0.341787669317886
"K180","R",-0.0966982925226656,-0.132958917155699,-0.0362606246330337,0.0214972840667736,0.346060132072305,0.515461358239129
"K180","S",-0.111965131904256,-1.38475311307881,-1.27278798117456,-0.0108813877967662,-1.00147973068015,-1.53174358011478
"K180","T",-0.134758362722865,-0.183631897440531,-0.0488735347176625,-0.059222404751172,0.291511340329486,0.494579319782264
"K180","V",0.155867141260392,-0.911066273409683,-1.06693341467008,0.557150610870969,-0.491562125218916,-1.19092905393286
"K180","W",-0.561395967240895,-0.625478250393861,-0.064082283152965,-0.964056644246319,-0.184130403142037,0.469399589840812
"K180","Y",-1.10430718377486,-1.4981068890034,-0.393799705228551,-2.11548973997835,-1.12350356826413,-0.0764833064522244
"K182","A",-0.214366336437642,-1.51308503444839,-1.29871869801075,-0.22805895265776,-1.1396273433407,-1.57467468979162
"K182","C",0.0537060058649885,-0.969896256142151,-1.02360226200714,0.340482196571463,-0.55489182199753,-1.1191896385072
"K182","D",-0.247546435291486,-0.648576575549209,-0.401030140257722,-0.298428955664663,-0.208995444065713,-0.0884540746037418
"K182","E",-0.00524039205173388,-0.149799866359066,-0.144559474307332,0.215465745688729,0.32793107343628,0.336160885266677
"K182","F",-0.0717667958064219,-1.35673199114509,-1.28496519533867,0.0743732416284677,-0.971315364262958,-1.55190427679511
"K182","G",-0.424828708224371,-0.986763398575908,-0.561934690351539,-0.674418012668707,-0.573049077298949,-0.354848981124043
"K182","H",-0.708177495618953,-1.6976168499754,-0.989439354356451,-1.2753582060295,-1.33827339728359,-1.06262924549929
"K182","I",-0.371955067052353,-0.868382834463917,-0.496427767411564,-0.562280966162295,-0.44561396884776,-0.246395176661383
"K182","L",-0.242119173161019,-0.87332474821163,-0.631205575050606,-0.286918548353263,-0.450933873505424,-0.469534431866283
"K182","M",-0.239185339268522,-0.220790332199877,0.0183950070686443,-0.280696327595387,0.251510777745969,0.605949675005108
"K182","N",-0.165232903684233,-0.177941044542536,-0.0127081408583027,-0.123854326088471,0.297637468057258,0.554455045551465
"K182","P",-0.414129899275315,-2.05526395272007,-1.64113405344476,-0.65172744681983,-1.72327576373965,-2.14158038977819
"K182","Q",-0.125808759084334,-0.301954602971236,-0.176145843886895,-0.0402416404765343,0.164138515874292,0.2838662300406
"K182","R",-0.118301414135601,-0.344096850158733,-0.225795436023132,-0.0243196901248101,0.118772945258874,0.201665953863249
"K182","S",-0.320387352141246,-1.45855822379908,-1.13817087165783,-0.452913592986633,-1.08092995428266,-1.30887037805286
"K182","T",-0.205017852879836,-0.23921423635397,-0.0341963834741357,-0.208232224022303,0.23167768908329,0.518878933007769
"K182","V",0.034626311598565,-0.192630871007879,-0.227257182606444,0.300017032534031,0.281824064541381,0.199245874106706
"K182","W",-0.135783713215785,-1.22138739972422,-1.08560368650844,-0.0613970190459565,-0.825618705226227,-1.22183971070539
"K182","Y",0.296422807896551,-0.460355910449369,-0.756778718345918,0.855248055589036,-0.00637839244344151,-0.677434368506426
"K184","A",0.0488805120085445,-0.743215304571084,-0.792095816579629,0.330248049329059,-0.310872781676438,-0.73590564900814
"K184","C",-0.34735934180215,-1.21326441521111,-0.865905073408959,-0.510117129416726,-0.816874420046133,-0.858104866257857
"K184","D",-0.188088050459047,-1.43363722591057,-1.24554917545152,-0.172326657480594,-1.05410283031635,-1.48664678763699
"K184","E",-0.0046382401312286,-0.202866761124863,-0.198228520993631,0.216742819414254,0.270805264479587,0.2473059668278
"K184","F",0.167282467365492,-0.775470715701269,-0.942753183066765,0.581360801921909,-0.345595304299528,-0.985335233432787
"K184","G",-0.271004082957512,-0.856048899652464,-0.58504481669495,-0.348179100896732,-0.4323366514763,-0.393110297807355
"K184","H",-0.191782792539763,-0.865916852565135,-0.674134060025372,-0.180162650148217,-0.442959372013667,-0.540607187330582
"K184","I",-0.402521825199765,-0.735545697800223,-0.333023872600457,-0.627108466291802,-0.302616551627576,0.0241376656844535
"K184","L",-0.428819373189263,-0.857544401461722,-0.428725028272458,-0.682881613299193,-0.433946539355119,-0.134305960703135
"K184","M",-0.47544560590072,-0.588196391474265,-0.112750785573541,-0.781768845388488,-0.143996976085665,0.388823613926812
"K184","N",-0.208839205343633,0.149344018496636,0.358183223840269,-0.21633673828407,0.649955501137372,1.16850586245164
"K184","P",-0.288497726014835,-1.58601088608523,-1.2975131600704,-0.385280488688495,-1.21813105619212,-1.57267879118753
"K184","Q",-0.293919147662066,-0.464607313254433,-0.170688165592365,-0.396778509212721,-0.0109549712222052,0.292902007451751
"K184","R",-0.191872381480932,-0.103837573985565,0.0880348074953705,-0.180352654828046,0.377408872070026,0.721245905683193
"K184","S",-0.0760289260137395,-0.618530949228413,-0.542502023214672,0.0653339040175128,-0.176651725505187,-0.322676096377481
"K184","T",0.0887945764301019,-0.275467270428864,-0.364261846858962,0.414899781252315,0.19265177833794,-0.0275801833609977
"K184","V",-0.485379312182458,-1.0747838452354,-0.589404533052942,-0.802836743467838,-0.667801921654069,-0.400328280337776
"K184","W",-0.202268879180803,-0.779662852324304,-0.577393973143499,-0.202402063951986,-0.35010808381875,-0.380443497822508
"K184","Y",-0.416685742004939,-1.4659361633953,-1.04925042139036,-0.657148005129829,-1.08887220848328,-1.16165294372341
"K42","A",0.515412668638183,0.798194575121792,0.282781906483612,1.31969263807058,1.34843452657872,1.04367081659978
"K42","C",0.559273251422329,0.336346998861623,-0.222926252560706,1.41271434231566,0.851261731279704,0.206416197780012
"K42","D",0.391738127663343,0.863910341925019,0.472172214261677,1.05739752380305,1.41917667865699,1.35722697959811
"K42","E",0.0780105921535625,0.24499208825703,0.166981496103469,0.392028571334911,0.75291938067702,0.851950697558747
"K42","F",0.579524738631877,0.966478015179636,0.386953276547759,1.45566470307582,1.52958941965748,1.21613780012604
"K42","G",0.842466307673606,0.961297449035396,0.118831141361792,2.01332425332645,1.52401260885765,0.772232571235721
"K42","H",0.386954666714997,0.772643144835495,0.3856884781205,1.04725252204157,1.32092875049088,1.21404378936873
"K42","I",0.721278869292398,0.982962491980508,0.261683622688112,1.75630390987149,1.5473347404763,1.00874032311054
"K42","L",0.644799605778211,0.996294084911918,0.351494479133711,1.59410288608414,1.56168602359262,1.15743192128713
"K42","M",0.0691257521983637,0.21505262523303,0.14592687303467,0.373185161099237,0.720689945498586,0.817092489130441
"K42","N",0.106759617086899,0.276617025536835,0.169857408449934,0.453000932505862,0.786963206555408,0.856712081871685
"K42","P",1.14377538536086,1.5230788590869,0.379303473726033,2.65235552313243,2.12876285187936,1.20347272318195
"K42","Q",0.228711556397235,0.293730924423235,0.0650193680259967,0.71164266753408,0.805386091908005,0.683141353373189
"K42","R",-0.180594792801598,-0.225416731442763,-0.0448219386411637,-0.156434584156493,0.246530520271457,0.501287175821311
"K42","S",0.553238487873386,0.323485050258522,-0.229753437614864,1.39991551579752,0.837416014058935,0.195113053628782
"K42","T",0.139644956124803,0.394825722315705,0.255180766190904,0.522745794242832,0.91421330210013,0.997974140005847
"K42","V",0.286619029548637,0.712403779187316,0.425784749638682,0.834455715130358,1.25608187168107,1.2804275087643
"K42","W",0.210655835009499,0.447615991043318,0.236960156033819,0.673349196078687,0.97104132679265,0.967807946839094
"K42","Y",0.379362306928213,1.01932517920873,0.639962872280519,1.03115026799528,1.58647869138805,1.63502258346293
"K5","A",-0.33613663437694,-2.25596179790013,-1.91982516352318,-0.486315453637025,-1.93932433436688,-2.60298370108352
"K5","C",-0.220884231401538,-1.23932471802735,-1.01844048662582,-0.241882428296829,-0.844927990668735,-1.11064376041124
"K5","D",-0.49649670231414,-0.43808827482451,0.0584084274896277,-0.826415057096182,0.0175924222092147,0.672196225437587
"K5","E",-0.159416124639264,-0.223401735007466,-0.0639856103681993,-0.111517811942207,0.248699637230707,0.469559642104379
"K5","F",-0.311577244719945,-1.29590339108086,-0.984326146360907,-0.434228679223748,-0.905834182412983,-1.0541637759697
"K5","G",-0.841472940176272,-1.38298615240368,-0.541513212227402,-1.5580578108626,-0.999577620929665,-0.321039012712871
"K5","H",-0.777089660719691,-2.15028432631242,-1.37319466559273,-1.42151055134685,-1.82556393667282,-1.69797771888833
"K5","I",-0.488650692874547,-1.42966434467326,-0.941013651798713,-0.809774850257486,-1.04982607631422,-0.982455251050239
"K5","L",-0.705988689684055,-0.975895777795831,-0.269907088111776,-1.27071607759887,-0.561350227550223,0.128634337120536
"K5","M",-0.340076211839555,-1.37009804013246,-1.0300218282929,-0.494670705353162,-0.985703738866895,-1.12981792564761
"K5","N",-0.275500788068033,-0.446727734286499,-0.171226946218466,-0.357715936622941,0.00829215859113751,0.292009997782406
"K5","P",-0.682819018529763,-1.0324162379984,-0.34959721946864,-1.22157668726798,-0.622193753931903,-0.00330130473064025
"K5","Q",-0.378246542023067,-0.649548525379798,-0.271301983356731,-0.575624239024658,-0.210041735177766,0.126324936993761
"K5","R",-0.219144432233399,-0.519579791264466,-0.300435359031063,-0.238192575736937,-0.0701321152879472,0.0780914788046697
"K5","S",-0.737633964352383,-0.852274524051449,-0.114640559699065,-1.33783094917818,-0.428273586160985,0.3856948882244
"K5","T",-0.713952523530594,-1.48709300441677,-0.773140480886173,-1.28760617229678,-1.11164726746598,-0.704523038154843
"K5","V",-0.55729763724062,-1.11362560806369,-0.556327970823075,-0.955364702256845,-0.709614564595828,-0.345566449810915
"K5","W",-0.593395682678178,-1.73793879585682,-1.14454311317864,-1.03192323142741,-1.3816794376662,-1.31942031392025
"K5","Y",-0.353708122234856,-1.43366178004136,-1.0799536578065,-0.523581938551493,-1.05412926251274,-1.21248547636577
"K88","A",-0.496057994419367,-1.50220598113275,-1.00614798671338,-0.825484623585109,-1.12791618661895,-1.09029219569064
"K88","C",-0.362222424843523,-0.818004681062837,-0.455782256219313,-0.54163949476351,-0.391382554338163,-0.179102131509979
"K88","D",-0.224504948067601,-1.3610560151034,-1.1365510670358,-0.249561424185308,-0.975970118750792,-1.30618861609762
"K88","E",-0.348424485215935,-0.353596959204904,-0.00517247398896892,-0.512376138516156,0.108546203769017,0.566931158066953
"K88","F",-0.309407376194558,-1.03593042227965,-0.72652304608509,-0.42962671419258,-0.625976726739619,-0.627342826788477
"K88","G",-0.27595107848909,-0.0794196016888726,0.196531476800221,-0.358670934931516,0.403694495652993,0.900873890475281
"K88","H",-0.130712681563086,-1.51848465273908,-1.387771971176,-0.0506421230397561,-1.14543996087325,-1.72211202681132
"K88","I",-0.339074200774967,-1.19236517739323,-0.853290976618259,-0.492545590478168,-0.794376667498261,-0.837220863080588
"K88","L",-0.355234439095522,-0.906080786289378,-0.550846347193852,-0.526819027221652,-0.486195314403104,-0.336491028305216
"K88","M",-0.22789809029419,-1.87161563034974,-1.64371754005555,-0.256757768889997,-1.52558077847162,-2.14585763161987
"K88","N",-0.226391501210834,-0.50656357199097,-0.280172070780138,-0.25356251987061,-0.0561203277349399,0.111639546750864
"K88","P",-0.440799887361523,-1.68324639179927,-1.24244650443775,-0.708290483298039,-1.32280378949868,-1.48150997979535
"K88","Q",-0.289644971008467,-0.194923092184801,0.0947218788236643,-0.387713622899673,0.279356518821638,0.732317076388787
"K88","R",-0.374160351351565,-0.66512087067783,-0.290960519326264,-0.566958042727081,-0.226805158521625,0.0937781019361045
"K88","S",-0.479787063315408,0.0041985526697168,0.483985615985121,-0.790976424084128,0.49370833068671,1.37678534538682
"K88","T",-0.176687774351233,-0.499427268843267,-0.32273949449203,-0.148148385212021,-0.0484381919689047,0.0411645673054231
"K88","V",-0.521783586456408,-1.15136749208613,-0.629583905629721,-0.880044737977029,-0.750243202579011,-0.466849582534604
"K88","W",-0.285320209802036,-1.64451811636498,-1.35919790656294,-0.378541454352457,-1.28111331423259,-1.67480456865018
"K88","Y",-0.0982795582426572,-1.08171378935353,-0.983434231110868,0.01814365712429,-0.675261914659499,-1.0526871136906
"L113","A",-0.483850524083989,-1.25118020730116,-0.767329683217167,-0.799594413673703,-0.857690267759419,-0.694902633381077
"L113","C",-0.195559095638398,-0.0298837087216164,0.165675386916782,-0.188171621476978,0.457019227967471,0.849788292365792
"L113","D",1.12784146661385,0.673084158980021,-0.454757307633827,2.61856207619068,1.21375482160353,-0.177405218138296
"L113","E",1.0424075015061,0.119231254583946,-0.923176246922159,2.43736947613225,0.617539509848899,-0.952923495721482
"L113","F",-0.434582964314043,-0.153954282198603,0.28062868211544,-0.69510532386039,0.323458899840605,1.04010592049248
"L113","G",0.735445173337705,-0.00224563188993621,-0.737690805227645,1.78634851168706,0.486771251408544,-0.645832261369958
"L113","H",0.241795713835558,-0.191551856772847,-0.433347570608404,0.739392199032866,0.282985609065966,-0.141959080100645
"L113","I",-0.508071032946198,-1.56869043638981,-1.06061940344362,-0.85096247285189,-1.19948582163088,-1.18047552462334
"L113","K",1.12697776345851,0.987204716377805,-0.139773047080698,2.6167302916048,1.55190143882074,0.344085333847291
"L113","M",-0.0152513129053755,-0.0164566161031949,-0.00120530319782119,0.194234087107006,0.471473315231272,0.573499238903956
"L113","N",0.0857766481737414,-0.126789208722334,-0.212565856896074,0.40849920898729,0.352701741437963,0.223568954696978
"L113","P",0.506383307823835,0.758436444626469,0.252053136802639,1.3005427208128,1.30563542598739,0.992796010872574
"L113","Q",0.0553154823160362,-0.114581745207611,-0.169897227523643,0.343895654234705,0.365842914134531,0.294211491072678
"L113","R",0.442436595097137,0.802213305982537,0.359776710885399,1.16492135371919,1.35276063709287,1.17114405280848
"L113","S",-0.277464633861916,-0.114794233345355,0.162670400516561,-0.3618809584039,0.365614173470206,0.844813211979843
"L113","T",-0.432215833108998,-0.319657033916014,0.112558799192982,-0.690084994332426,0.145082083560257,0.761848029563349
"L113","V",-0.0984493772989019,0.0348625492187988,0.133311926517701,0.0177834964282291,0.526717716603154,0.796207079139318
"L113","W",-0.645057517906892,-0.903875262959932,-0.258817745053038,-1.14149021965131,-0.483821097767225,0.146993945383829
"L113","Y",-0.540035169230238,-0.809950249066869,-0.269915079836629,-0.918753601996172,-0.382712065034296,0.128621105954643
"L120","A",-0.357806429272703,-2.68139591616267,-2.32358948688996,-0.532273831841108,-2.39729852469371,-3.27145926076665
"L120","C",-0.366975098637255,-1.24515725232873,-0.878182153691471,-0.551719201597084,-0.851206636549636,-0.878430902111381
"L120","D",0.0217283766383201,-0.969804245841797,-0.991532622480115,0.272662450923732,-0.554792774128546,-1.06609487755134
"L120","E",-0.343427785691002,-1.79289314205016,-1.44946535635916,-0.501778889781517,-1.44083706307156,-1.82425210656175
"L120","F",-0.174741926952464,-0.192864500530433,-0.0181225735779655,-0.144021535322106,0.28157256545648,0.545490865872432
"L120","G",-0.531645628232367,-0.424298277931941,0.107347350300428,-0.900960646410135,0.0324371711148177,0.753219911590564
"L120","H",-0.549117972587517,-1.31173595449066,-0.762617981903138,-0.938016862855589,-0.92287772710567,-0.68710190164061
"L120","I",-0.774819946294926,-1.63805194513134,-0.863231998836415,-1.41669682816902,-1.27415256659126,-0.853679301844301
"L120","K",-0.469574233410228,-0.39272068151841,0.0768535518918174,-0.769316546749156,0.066430035178037,0.702734126249042
"L120","M",-0.328592106721061,-0.929907820682162,-0.601315713961096,-0.470314644351661,-0.511844801163804,-0.420048530154975
"L120","N",-0.508392001786458,-1.80910624732107,-1.30071424553461,-0.851643199523432,-1.45829025603467,-1.57797853480885
"L120","P",0.212102954625539,-0.291288017883181,-0.503390972508717,0.67641831929561,0.175620953364742,-0.257923516722967
"L120","Q",-0.994910946111995,-1.81914691005455,-0.824235963942557,-1.88347676113855,-1.46909889640534,-0.789117143321407
"L120","R",-0.425763150831724,-0.942859140832882,-0.517095990001155,-0.676399825000817,-0.525786725671206,-0.280613657254285
"L120","S",-0.406021273538899,-0.548527641810832,-0.142506368271931,-0.634530270284374,-0.101294092775359,0.339560024632581
"L120","T",-0.534603777523817,-1.14007118280473,-0.605467405280912,-0.907234436474811,-0.738082875339724,-0.426922104708328
"L120","V",-0.119344726149434,-0.165650045897134,-0.0463053197476988,-0.0265323981059992,0.310868565214967,0.498831277768838
"L120","W",-0.113954910794599,-0.225805675314831,-0.111850764520232,-0.0151014097778113,0.246111827347579,0.39031369624097
"L120","Y",-0.618840776188538,-1.67219789550287,-1.05335711931433,-1.08588845060058,-1.31091022965364,-1.16845202683774
"L133","A",0.112955795791542,-0.400082580977379,-0.513038376768922,0.466142096310036,0.0585050479725956,-0.273895839162341
"L133","C",-0.454125518206293,-1.51452795681412,-1.06040243860783,-0.736552143600679,-1.14118063014537,-1.18011631584327
"L133","D",-0.31718236979172,-0.778138100451491,-0.460955730659769,-0.446116307102504,-0.348466708634145,-0.187667378665183
"L133","E",-0.146145749338585,-0.887276126463957,-0.741130377125373,-0.0833733403441847,-0.465952347306131,-0.651526845106905
"L133","F",0.086800433660235,0.0330627500141016,-0.0537376836461334,0.410670504138649,0.524780256610786,0.486526194508024
"L133","G",-0.432891515440149,-0.840193421181223,-0.407301905741072,-0.691518015007989,-0.415268439023649,-0.0988376615108865
"L133","H",-0.861429449071972,-2.2727047305511,-1.41127528147912,-1.60038256695159,-1.95734787948319,-1.76102430211657
"L133","I",-0.543462400575134,-0.341925489166409,0.201536911408724,-0.92602224459751,0.121110386591573,0.909160929492189
"L133","K",-0.377259609234935,-1.68138137895645,-1.30412176972151,-0.573531102907903,-1.3207961278891,-1.58362006009018
"L133","M",-0.578637849153937,-1.42603895300544,-0.847401103851506,-1.00062408448844,-1.04592339022861,-0.82746954091971
"L133","N",-0.305330318228789,-1.19635008380209,-0.891019765573304,-0.420979886991302,-0.798666366438211,-0.899684958725759
"L133","P",-0.54094154108104,-0.779351277977039,-0.238409736895999,-0.920675880472412,-0.349772678162998,0.180781612805851
"L133","Q",-0.426020323733079,-0.428565758273976,-0.00254543454089706,-0.676945250073881,0.027843285080569,0.57128050634695
"L133","R",-0.35132582177612,-1.85618308319086,-1.50485726141474,-0.518529437316248,-1.5089678459719,-1.91595940359379
"L133","S",-0.109237771308164,0.00786941162019872,0.117107182928367,-0.00509706586953798,0.49765996169956,0.769378371367231
"L133","T",-0.0117012601166024,-2.11214510599105,-2.10044384587445,0.20176321553188,-1.78450757142945,-2.90201748833647
"L133","V",-0.12551992170377,-0.0565584361872364,0.0689614855165352,-0.0396290598019454,0.428304237352361,0.689667955758092
"L133","W",-0.434299144022708,-0.672027525441512,-0.237728381418806,-0.694503383678034,-0.234240080845632,0.181909670580153
"L133","Y",-0.713780734003821,-0.351137918998532,0.362642815005289,-1.28724183252887,0.111193327963224,1.17588919854022
"L159","A",-0.202582483305456,-0.462621071757241,-0.260038588451783,-0.203067171168574,-0.00881680857275608,0.144972706935973
"L159","C",-0.310928751189756,-0.252762340327093,0.0581664108626629,-0.432853321908799,0.217093334699832,0.671795540704439
"L159","D",0.97761725138658,0.99110037091028,0.0134831195237037,2.29995909300433,1.55609505929854,0.59781751328184
"L159","E",0.179590037717121,-0.0944028422002923,-0.273992879917413,0.607463308923677,0.387565235804927,0.121869866348953
"L159","F",0.153420287972304,-0.0556562377184306,-0.209076525690731,0.551961202786361,0.429275442047821,0.229345920355957
"L159","G",-0.708834672283825,-1.29305393053688,-0.584219258253061,-1.27675197896811,-0.902766775899318,-0.39174349640972
"L159","H",0.913321997465816,1.89730684521128,0.983984847745468,2.16359852242063,2.53161431955877,2.20458821688647
"L159","I",-0.368473030483292,-0.654979898064141,-0.286506867580849,-0.554896089917221,-0.215888535894253,0.101151604672366
"L159","K",1.13902177492547,1.79755227373087,0.658530498805403,2.64227382982266,2.42422984533813,1.66576329980387
"L159","M",-0.241929255079883,-0.908798939294025,-0.666869684214142,-0.286515760646107,-0.489121370090814,-0.528580226539028
"L159","N",0.0596168089810494,-0.545257781990768,-0.604874590971818,0.353018121641567,-0.0977741320122411,-0.425940636425654
"L159","P",-0.0455581932502085,-0.675404882119995,-0.629846688869787,0.129957748739537,-0.237875760552257,-0.467284648644491
"L159","Q",-0.203148543459012,-0.742399436158918,-0.539250892699908,-0.204267699680658,-0.309994510142878,-0.317293497755746
"L159","R",1.12585824439475,1.73699792425235,0.611139679857599,2.61435595992393,2.35904389060922,1.58730266723531
"L159","S",-0.222159081247195,-0.233696819906131,-0.0115377386589319,-0.244586193221323,0.237617114770902,0.556392773131641
"L159","T",-0.339824889142117,-0.983671179083862,-0.643846289941743,-0.494137687683372,-0.569720343994797,-0.490462504191217
"L159","V",-0.2280986195385,-0.245933484992102,-0.0178348654536009,-0.257183061279487,0.224444506969874,0.545967197827312
"L159","W",0.313969375169126,0.266071014152567,-0.0478983610165642,0.892461687687329,0.775610565059205,0.496193825442879
"L19","A",-0.65595451540494,-1.23586618480287,-0.57991166939793,-1.16460111362669,-0.841204925486114,-0.384611816605008
"L19","C",-0.0923675093514635,-1.68659952347334,-1.59423201412188,0.0306822242962217,-1.32641339130909,-2.06392898480707
"L19","D",0.911191786192544,1.59395414875694,0.6827623625644,2.15908066446108,2.2050591619482,1.70588177424805
"L19","E",0.372184424968291,0.543300295434458,0.171115870466167,1.01592705912758,1.0740442124321,0.858795602014392
"L19","F",0.0163593072490631,-0.0322618888571355,-0.0486211961061986,0.261275461670609,0.454459148567953,0.494997093678485
"L19","G",-0.0386663732603658,-0.303089347648562,-0.264422974388197,0.144574263161165,0.162916978267133,0.137713881247086
"L19","H",0.404565586491344,0.00327402216804806,-0.401291564323294,1.08460263612877,0.492713085853824,-0.0888868904530738
"L19","I",-0.357042484777581,-0.946803142369012,-0.589760657591428,-0.53065362038075,-0.530032391057738,-0.40091788307483
"L19","K",0.5370776382592,-0.0602307236389823,-0.597308361898182,1.36564078259212,0.424351068576831,-0.413413924871462
"L19","M",-0.680958064091746,-0.773084428614522,-0.092126364522775,-1.2176298825892,-0.34302649787445,0.42296957632906
"L19","N",0.278498408072046,-0.587027170564088,-0.865525578636129,0.81723309743284,-0.142738325270733,-0.85747657156716
"L19","P",0.950015361721006,1.59103632232927,0.641020960608268,2.24141963333248,2.20191816046673,1.63677436326652
"L19","Q",-0.360236080894509,-0.578562383596473,-0.218326302701966,-0.537426757776783,-0.133626094278036,0.214031912885039
"L19","R",1.09104679199388,1.80307421068525,0.712027418691367,2.54052610122115,2.43017413729112,1.75433324368573
"L19","S",-0.136660405183298,-0.308573750513499,-0.1719133453302,-0.063256350950353,0.157013091264009,0.290873589724963
"L19","T",-0.251693967839717,-0.300991922573731,-0.0492979547340138,-0.307225248863664,0.165174828564472,0.493876646486106
"L19","V",-0.248837058186204,-0.483004696515037,-0.234167638328833,-0.301166172855671,-0.0307595104945068,0.187804866347105
"L19","W",0.392953559586568,0.663831478546733,0.270877918960167,1.05997527224403,1.20379443373644,1.02396247620992
"L19","Y",0.666264644225295,1.15291629874306,0.486651654517766,1.63962700663358,1.73028776117646,1.38119926087442
"L23","A",-0.0498248152106378,-0.44165893181048,-0.391834116599844,0.120908884795301,0.0137486572832549,-0.0732290616300834
"L23","C",-0.189651534277852,-1.25487230401777,-1.06522076973992,-0.175642571683115,-0.861664760946063,-1.18809358479414
"L23","D",0.906831168383471,1.73239305046487,0.825561882081402,2.14983244944858,2.3540868050022,1.94230184211248
"L23","E",-0.42375419955064,-0.37963943053809,0.0441147690125536,-0.672139141260442,0.0805118285016213,0.648531526014152
"L23","F",-0.430968747202414,-0.704040464687061,-0.273071717484646,-0.687440112550043,-0.268701585698223,0.123394950506139
"L23","G",-0.0126956510797847,0.163475662260421,0.176171313340205,0.199654261746739,0.665168028372229,0.867165435130131
"L23","H",-0.571878524068859,-1.31159639865444,-0.73971787458558,-0.986288571847055,-0.922727497097419,-0.649188294196887
"L23","I",-0.329486443505923,-2.35025653596419,-2.02077009245827,-0.472211398261803,-2.04083137027019,-2.77010896193962
"L23","K",-0.320524751893393,-0.507377843836085,-0.186853091942691,-0.453204997211023,-0.0569968805852276,0.266139221430523
"L23","M",-0.627732561638641,-1.10605477925115,-0.478322217612513,-1.1047465911871,-0.701464667710063,-0.216419478376874
"L23","N",-0.548719893075228,-1.46039142716872,-0.911671534093488,-0.937172596037694,-1.0829033734159,-0.933876197824998
"L23","P",0.114993843945866,0.719866190087,0.604872346141137,0.470464490145562,1.26411505812044,1.57692641759815
"L23","Q",-0.211157285323383,-1.20738379754303,-0.996226512219646,-0.22125303753513,-0.810544013058186,-1.07386612030146
"L23","R",-0.0962787361277275,0.0497183798615382,0.145997115989266,0.02238710012499,0.542709821416061,0.81720878394816
"L23","S",-0.355236998218702,-0.574050628928466,-0.218813630709764,-0.526824454737305,-0.128769250169077,0.213225088596935
"L23","T",-0.26032018888707,-1.00237521146384,-0.742055022576773,-0.325520167263827,-0.589854986980303,-0.653057695778602
"L23","V",-0.241561692939131,-0.352332871017564,-0.110771178078432,-0.285736216586763,0.109906977950605,0.39210106850034
"L23","W",-0.345601563515224,-1.41924692733925,-1.07364536382402,-0.506389145847982,-1.03861186460895,-1.20204141257276
"L23","Y",-0.635480270064189,-2.67477444829453,-2.03929417823034,-1.12117831634874,-2.39017060228337,-2.80077759184937
"L52","A",-0.665852610167896,-1.70085088096589,-1.03499827079799,-1.18559348502678,-1.34175478878648,-1.13805696509786
"L52","C",-0.417357907477795,-1.8535762536583,-1.4362183461805,-0.658573567077502,-1.5061616285266,-1.80232024673454
"L52","D",-0.131075034130809,-0.524141377748293,-0.393066343617482,-0.0514106183776566,-0.0750426026862511,-0.0752691468917131
"L52","E",-0.182241012343074,-2.13844977657742,-1.95620876423434,-0.159925968392385,-1.81282420071815,-2.6632206919248
"L52","F",-0.911193712709037,-1.23607956381419,-0.324885851105153,-1.70592509101707,-0.841434625164034,0.0376110415102936
"L52","G",-0.499400191473705,-1.24019650478603,-0.740796313312327,-0.832572921236042,-0.845866457561267,-0.650973766289703
"L52","H",-0.265246348090431,-0.528100006670133,-0.262853658579703,-0.33596781057797,-0.0793040142596529,0.140312053504247
"L52","I",-0.136280126627796,-0.66797209975409,-0.531691973126296,-0.0624498372864843,-0.229874468836861,-0.304778887870366
"L52","K",-0.130143131468348,-0.990003865173421,-0.859860733705073,-0.0494341928869299,-0.576537396647519,-0.848097807355826
"L52","M",-0.54006970128879,-1.48456738891534,-0.944497687626548,-0.918826839302511,-1.10892847584891,-0.988223449638336
"L52","N",-0.421723397259013,-1.31660019849329,-0.894876801234273,-0.667832114810711,-0.928114021312055,-0.906070698928569
"L52","P",-0.00500258379253715,-0.0771697286823372,-0.0721671448898018,0.215970101266102,0.406116454128525,0.456014225751615
"L52","Q",-0.761896088518116,-1.93468020112627,-1.17278411260815,-1.38928726816075,-1.59346895316161,-1.36617634660347
"L52","R",-0.0881068524865327,-0.25497849532117,-0.166871642834643,0.0397184371694039,0.21470767321787,0.299220674156223
"L52","S",-0.708530738053719,-1.89619581984329,-1.18766508178957,-1.27610738014456,-1.55204102671724,-1.39081340249593
"L52","T",-0.628477000905502,-2.09053655372275,-1.46205955281724,-1.10632543498977,-1.76124625127575,-1.84510316258343
"L52","V",-0.260447593084002,-0.393572485430973,-0.13312489234697,-0.325790372417848,0.0655130795545292,0.355092073916428
"L52","W",-0.686765272263942,-2.14804253172536,-1.46127725946141,-1.22994609835273,-1.82315067450879,-1.8438079912208
"L52","Y",-0.519602471715732,-2.16081858697756,-1.64121611526182,-0.875418921413436,-1.8369039286756,-2.14171625200256
"L53","A",-0.0519427437805824,-1.11136615433467,-1.05942341055409,0.116417076603532,-0.707182292599505,-1.17849542888448
"L53","C",0.000803426258084272,-1.6090437359929,-1.60984716225098,0.228283775993838,-1.24292561387936,-2.08978155344934
"L53","D",0.681558177613443,1.37234161608568,0.690783438472232,1.67206229247316,1.96649620740451,1.71916153399016
"L53","E",0.905164278685202,0.913684255773429,0.00851997708822871,2.14629722691666,1.47275763729571,0.589600493537063
"L53","F",-0.0817526072928665,-0.391021843011366,-0.309269235718498,0.0531948362408639,0.0682588123173439,0.06346603935632
"L53","G",0.857080614702284,0.913619556082439,0.0565389413801594,2.04431900213904,1.47268798893578,0.669101088742681
"L53","H",1.03153443256468,1.57594800387108,0.544413571306396,2.41430933102924,2.18567578560149,1.47683036897154
"L53","I",-0.933231157483332,-1.11599115276045,-0.182759995277114,-1.75266319935914,-0.712161042112962,0.272915786188755
"L53","K",1.28787544402153,1.76302416846321,0.475148724441683,2.95797009064512,2.38706079759449,1.36215491451789
"L53","M",-0.118731859629635,-0.80546360977899,-0.686731750149352,-0.0252326003256786,-0.377882257299207,-0.561464027494473
"L53","N",0.58580047458215,0.152455398310309,-0.433345076271843,1.46897459584125,0.653304860273835,-0.141954950456364
"L53","P",1.01617871553401,1.1224252599133,0.106246544379292,2.38174216302949,1.69746456195278,0.751397408185366
"L53","Q",0.617835161769936,-0.543353866086372,-1.16118902785631,1.53691535284923,-0.0957245917724331,-1.34697942820208
"L53","R",1.16216893426791,1.89521676639931,0.733047832131403,2.69136547598392,2.52936437741604,1.78913481436916
"L53","S",0.0861138597889362,0.020594808612433,-0.0655190511765031,0.40921438414333,0.511358682920855,0.467020864794823
"L53","T",-0.584493299755716,-1.18811232086432,-0.603619021108607,-1.01304261519472,-0.789798523805049,-0.423861904555456
"L53","V",-0.0883649573491656,-0.170162171880266,-0.0817972145310968,0.0391710355465342,0.306011321390196,0.440070602650957
"L53","W",-0.126473756645597,-0.270716316937031,-0.144242560291433,-0.0416520003609867,0.197766116810812,0.336685570737605
"L53","Y",-0.60023848051242,-0.949764746809553,-0.349526266297133,-1.04643577722459,-0.533220518989894,-0.0031838340719179
"L56","A",-0.345965432493534,0.0407471100067838,0.386712542500321,-0.507160857264834,0.533052368307425,1.21573923884219
"L56","C",-0.510510130110919,-1.44384566984607,-0.933335539735152,-0.856135431364511,-1.0650920849275,-0.969743305090775
"L56","D",-0.570290228455407,-2.50501020805408,-1.93471997959867,-0.98292003555707,-2.20742164743205,-2.62764368200857
"L56","E",-0.704443048779607,-0.883431069648276,-0.178988020868672,-1.26743800553608,-0.461813194599917,0.279160698276996
"L56","F",0.0408933098875579,-1.4717672221015,-1.51266053198906,0.313308394033082,-1.09514926590554,-1.92887856302084
"L56","G",-0.50340850682337,-0.956588166395984,-0.453179659572612,-0.841073955679943,-0.540565839748648,-0.174793250934484
"L56","H",-0.270879983375989,-0.460015550340628,-0.189135566964639,-0.347915904335341,-0.0060119992969383,0.262360336869756
"L56","I",-0.0506747136398022,-0.426471857740895,-0.375797144101092,0.119106377958919,0.0300973412554221,-0.0466781170658518
"L56","K",1.5088225104438,1.78563917920405,0.276816668760251,3.42656561222538,2.41140555695598,1.03379471959221
"L56","M",-0.874449708535614,-0.83390623181568,0.0405434767199351,-1.62799658044936,-0.408500362991395,0.642618864899882
"L56","N",-0.427064527360948,-1.7795633615372,-1.35249883417625,-0.679159849034441,-1.42648773099968,-1.66371352889285
"L56","P",0.199173366348569,0.641501962046236,0.442328595697667,0.648996605757737,1.17975700514122,1.30781763739522
"L56","Q",-0.0947387820077488,-1.66125116562856,-1.56651238362081,0.025653111372598,-1.29912622001336,-2.01803613484228
"L56","R",-0.0177070735727636,-0.0908631757941301,-0.0731561022213665,0.1890257878096,0.391375639782421,0.454376899798178
"L56","S",-0.527036281163165,-1.11098549366516,-0.583949212501993,-0.89118491401861,-0.706772516433406,-0.391296406426436
"L56","T",-0.649783699385502,-2.86902554291837,-2.21924184353287,-1.15151374026605,-2.59927933137113,-3.09870043771584
"L56","V",-0.206370368107605,-0.184153890784067,0.0222164773235374,-0.211100705549866,0.290949421412784,0.612276532826896
"L56","W",-0.553282012470008,-0.121745413713743,0.431536598756265,-0.946848165629656,0.358131319922801,1.28995031782784
"L56","Y",-0.422480922000353,-1.12944661391429,-0.706965691913932,-0.669438710938127,-0.726645667729192,-0.594963509154685
"L6","A",-0.333035042953556,-0.90557728713395,-0.572542244180392,-0.479737444368544,-0.48565330423481,-0.372410935145846
"L6","C",-0.586454846658548,-0.763207712921988,-0.17675286626344,-1.01720276137326,-0.332394344320687,0.282861238763714
"L6","D",0.950892680405371,1.68616326681563,0.735270586410266,2.24328029440913,2.304321055555,1.79281482477279
"L6","E",-0.386123448188448,-1.05310974128417,-0.666986293095725,-0.592329973175257,-0.644470035982409,-0.528773285169693
"L6","F",-0.127036457580557,-0.7788873194995,-0.651850861918943,-0.0428454044752891,-0.349273233010447,-0.503714939889013
"L6","G",-0.694572581928638,-2.2306015822447,-1.53602900031606,-1.24650422878508,-1.91202439829513,-1.96756759283302
"L6","H",-0.202870852963029,-0.537042728052327,-0.334171875089295,-0.203678759872993,-0.0889307353159115,0.0222370232506578
"L6","I",-0.0834340176766872,-0.413626567585164,-0.330192549908476,0.0496288175172157,0.0439251258783605,0.0288252269959213
"L6","K",0.472785291911297,-0.275548738603701,-0.748334030515004,1.22928637853348,0.192564078927368,-0.663453273354064
"L6","M",-0.685727381560527,-1.79996087799151,-1.11423349643098,-1.22774488815616,-1.44844538714863,-1.26923946126287
"L6","N",-0.386703374477657,-0.472106050700544,-0.0854026762228859,-0.59355990967711,-0.0190272627073865,0.434101370396265
"L6","P",-0.197252093200232,-0.352888183075667,-0.155636089875436,-0.191762214863747,0.109309191879223,0.317822348742347
"L6","Q",-0.557251444082388,-0.86503285369534,-0.307781409612952,-0.955266733510639,-0.442007758945354,0.0659292965859897
"L6","R",0.537344017866962,1.39155563953746,0.854211621670503,1.36620573370579,1.98717984902025,1.98973458839106
"L6","S",-0.45366802430093,-0.702757234728116,-0.249089210427188,-0.735581867784507,-0.267320205653173,0.163100587928877
"L6","T",-0.789050375844051,-1.64817705763609,-0.859126681792035,-1.44687743054072,-1.28505211602153,-0.846882504925654
"L6","V",-0.235702483249863,-0.509347550135264,-0.2736450668854,-0.273309713420872,-0.0591172433131437,0.122445708487013
"L6","W",1.1846350307263,1.40956279131787,0.224927760591566,2.73901269012557,2.00656430927558,0.947887013234759
"L6","Y",-0.647224425141017,-1.61087781445911,-0.963653389318095,-1.14608590422876,-1.24489997504248,-1.01993778809847
"L79","A",-0.530680611806405,-1.14098511539645,-0.61030450359004,-0.898913991603717,-0.739066711662993,-0.434930444753021
"L79","C",-0.696451408789168,-0.745394312194675,-0.0489429034055071,-1.25048893818596,-0.313218454506359,0.494464472407824
"L79","D",1.08748126972657,0.918202677199899,-0.169278592526668,2.53296416435721,1.4776216580818,0.295235708300179
"L79","E",0.181936421987769,-0.236121592026908,-0.418058014014679,0.612439637321859,0.235006879716705,-0.116645563502466
"L79","F",-0.212804768902888,-0.579475060158233,-0.366670291255343,-0.22474710260571,-0.134608578501701,-0.0315676238619589
"L79","G",0.0829575986145255,-0.211163876974657,-0.294121475589183,0.402520428549279,0.261873529223195,0.0885447965529809
"L79","H",-0.353167737139303,-1.18643421891719,-0.833266481777883,-0.522435862978709,-0.787992069297677,-0.804068143483734
"L79","I",-0.104133484461014,-0.38540643050548,-0.281272946044464,0.00572835940614396,0.0743037294627696,0.109816928540505
"L79","K",-0.207648093411354,-0.538557689292544,-0.330909595881192,-0.213810568888818,-0.0905615710142759,0.0276380797414722
"L79","M",-0.44133636754667,-0.536180861793614,-0.0948444942469457,-0.709428277142724,-0.0880029477101215,0.418469418233106
"L79","N",-0.108057747724512,-0.876776962591364,-0.768719214866849,-0.0025944131952469,-0.454650136535409,-0.697203153495071
"L79","P",0.617367807625564,0.402724024854066,-0.2146437827715,1.53592416494803,0.92271572011196,0.220128723398251
"L79","Q",-0.402581444525245,-1.18432626568998,-0.781744821164732,-0.627234909920912,-0.785722885583827,-0.718768455222535
"L79","R",0.502068531595164,0.94167266622013,0.439604134624966,1.29139172890276,1.50288679023062,1.30330699706617
"L79","S",-0.220079705986622,-1.01042800988326,-0.790348303896639,-0.240176150804525,-0.598523717760664,-0.733012452528882
"L79","T",-0.135055160754428,0.0982461136670629,0.233301274421494,-0.0598518687701173,0.594949283753368,0.961750272121284
"L79","V",-0.206251655533231,-0.683019098486465,-0.476767442953236,-0.210848934021022,-0.246072363564842,-0.213845380566856
"L79","W",-0.486146402266717,-0.9242128598039,-0.438066457537177,-0.804463626250005,-0.505714251249715,-0.149771708404427
"L79","Y",-0.251135073689223,0.169797796738671,0.42093287042789,-0.30603991836709,0.671973722355209,1.27239469733633
"M111","A",-0.492507088817774,-0.556485059820538,-0.0639779710027621,-0.817953686472414,-0.109860147808675,0.469572289901102
"M111","C",-0.308190707853255,-1.80987389339859,-1.50168318554533,-0.427046343494679,-1.45911661686404,-1.91070437728145
"M111","D",0.0561927118574115,-0.461016520245918,-0.517209232103328,0.345756126252472,-0.007089530134824,-0.280801141817058
"M111","E",0.000447476932256663,-0.689838938184435,-0.690286415116692,0.22752886096965,-0.25341383062111,-0.567349160271223
"M111","F",-0.318680298991113,-0.112286039268046,0.206394259723071,-0.449293189809507,0.368314211155076,0.917202795613332
"M111","G",-0.517831780124821,-0.543029899293012,-0.0251981191681914,-0.871663550667689,-0.0953758458126881,0.533776533959572
"M111","H",-0.352119396913784,-1.51139672514738,-1.15927732823359,-0.520212490916226,-1.13780990075215,-1.34381440246483
"M111","I",-0.0331422642837644,-0.198493157976133,-0.165350893692366,0.156290068078029,0.275513390308871,0.301738439038331
"M111","K",0.0877780387161504,-1.14414202589628,-1.23192006461243,0.412743857537244,-0.742465083979725,-1.46408231878998
"M111","L",-0.138406934110067,-0.0944144802236355,0.0439924538864336,-0.066960476316881,0.387552707627028,0.648329020077746
"M111","N",-0.336681559497132,-1.40484032665899,-1.06815876716186,-0.487471157919744,-1.02310334989732,-1.19295775767252
"M111","P",1.09556978306525,1.78746560741546,0.691895824350206,2.55011868551979,2.41337168272117,1.72100320926786
"M111","Q",-0.36691485905023,-1.04917716149225,-0.682262302442023,-0.551591442486456,-0.640236665952157,-0.554064372832768
"M111","R",0.0119552275572339,0.110819990671265,0.0988647631140367,0.2519350705367,0.608484895715535,0.739176069951211
"M111","S",-0.386734550095557,-0.801147252077234,-0.414412701981677,-0.59362602847727,-0.373235755434957,-0.110610354692629
"M111","T",-0.115939893430065,-0.1853789750185,-0.0694390815884329,-0.0193112596230973,0.289630634469608,0.460530829960296
"M111","V",-0.114051135209298,-0.174939979172864,-0.0608888439635642,-0.0153054872997487,0.300868075156675,0.474686674226199
"M111","W",-0.228619143598671,-0.591385082654018,-0.362765939055347,-0.258287014581156,-0.147429559883161,-0.0251035460050322
"M111","Y",-0.180120416983661,-0.421632142498666,-0.241511725515007,-0.155428504340947,0.0353072305762975,0.17564593474264
"M170","A",-0.446271387434836,-1.73409939627151,-1.28782800883667,-0.719894712637659,-1.37754637489351,-1.55664397454599
"M170","C",-0.929390886340386,-1.54206776617225,-0.612676879831863,-1.7445185614222,-1.17082686995343,-0.438858170518408
"M170","D",-0.361916542445691,-0.82252071903244,-0.460604176586747,-0.540990764169005,-0.396244009364527,-0.187085342828626
"M170","E",-0.572151153847138,-0.399890207689204,0.172260946157934,-0.986866778633048,0.0587121352679271,0.860691398818703
"M170","F",-0.202257902564506,-1.34747949119667,-1.14522158863217,-0.202378784198504,-0.96135517068544,-1.3205436035035
"M170","G",-0.3321403615815,-0.972287075539052,-0.640146713957552,-0.477839959640751,-0.557465507394425,-0.484337455534117
"M170","H",-0.358145381156117,-0.907818328899902,-0.549672947743781,-0.532992697844494,-0.488065755996888,-0.334548338451944
"M170","I",0.0405958532768693,-0.212202707517298,-0.252798560794167,0.31267753326679,0.260755241910942,0.156959356722636
"M170","K",0.19248715402323,-0.275353400033001,-0.467840554056229,0.634816154291589,0.192774358310041,-0.199065949333566
"M170","L",-0.183701183041634,-0.349089997472969,-0.165388814431333,-0.163022770993876,0.113397888345812,0.301675657148656
"M170","N",-0.471827143251804,-1.28190884390848,-0.810081700656673,-0.774094629931619,-0.890769237841928,-0.765683227731647
"M170","P",-0.337577064932406,-1.57778099909861,-1.2402039341662,-0.489370390361773,-1.20927169191599,-1.47779716187003
"M170","Q",0.0448092730658409,-1.40511389129338,-1.44992316435922,0.321613563401159,-1.02339783860088,-1.82501005728042
"M170","R",-0.0764210205231972,-0.139800191078399,-0.063379170555196,0.0645023304911327,0.338695591357169,0.470563668884237
"M170","S",-0.760372554190834,-1.47366926558752,-0.713296711396688,-1.38605608082571,-1.09719679051178,-0.605445197474273
"M170","T",-0.122273866490366,-0.187489865635435,-0.0652159991450674,-0.0327446645464028,0.287358288694644,0.467522600249401
"M170","V",-0.0474331091088285,0.0378850259993033,0.0853181351081389,0.125981333985923,0.529971372802583,0.716748160366352
"M170","W",-0.726390202189165,-2.37674034605133,-1.65035014386217,-1.3139846194635,-2.06934084085746,-2.15683862544522
"M170","Y",-0.46159783113891,-1.04939769201758,-0.587799860878674,-0.752399796311208,-0.640474064140138,-0.397671571788448
"M188","A",-0.429396252098,-0.807691782390114,-0.378295530292112,-0.684105086765057,-0.380280855586658,-0.0508144659473486
"M188","C",-0.4250203763545,-1.35179258025347,-0.926772203898972,-0.674824511966761,-0.965998153896712,-0.958876991891296
"M188","D",0.899174648911167,0.803641733384367,-0.0955329155267979,2.13359412235191,1.35429832026098,0.417329662257368
"M188","E",0.496032923807102,0.46463789446117,-0.0313950293459335,1.27859111188033,0.989365180242508,0.523516878116702
"M188","F",-0.213212845810697,-1.05671388616265,-0.843501040351953,-0.225612572396985,-0.648349850180865,-0.821012563470776
"M188","G",-0.279532738569968,-0.248875833024835,0.0306569055451327,-0.36626709767266,0.221277108305532,0.62625057573477
"M188","H",-0.429919854129833,-1.03255761274635,-0.602637758616517,-0.685215567982031,-0.622345941974526,-0.422237318242019
"M188","I",-0.0998789633457697,-0.164027296662502,-0.0641483333167354,0.0147515592763884,0.312615433260881,0.469290236642329
"M188","K",1.111453643058,2.1460930815784,1.0346394385204,2.5838059653671,2.79942940601683,2.28845237713828
"M188","L",-0.109425559259336,-0.19860219265227,-0.0891766333929329,-0.00549533589117952,0.27539601592497,0.42785317563148
"M188","N",-0.37531258432997,-1.28768618254886,-0.912373598218888,-0.569401755704315,-0.896988466325244,-0.935038541008881
"M188","P",1.05577834227537,2.05443279399867,0.998654451723299,2.46572701989011,2.70075832114735,2.22887533479635
"M188","Q",-0.670681406164697,-1.50832968857804,-0.837648282413342,-1.1958346356126,-1.13450827653057,-0.811322688926936
"M188","R",0.85343100559753,1.62967682901703,0.776245823419501,2.03657872973037,2.24351415384032,1.86065376671916
"M188","S",-0.265437186947802,-0.96708287817096,-0.701645691223158,-0.336372551113138,-0.551863257895285,-0.58615567192522
"M188","T",-0.226580401947333,-0.324555785520399,-0.0979753835730666,-0.253963149942689,0.139808642377888,0.413285891919704
"M188","V",-0.309442480213599,-0.388320508752233,-0.0788780285386306,-0.429701164541157,0.0711667628483938,0.444903631170815
"M188","W",-0.0322779042072003,-0.522689016101868,-0.490411111894664,0.158123245895093,-0.0734791546210141,-0.236433951928739
"M188","Y",-0.15273101165053,-0.967860732179327,-0.815129720528796,-0.0973396920037785,-0.552700607426934,-0.774040771263902
"M67","A",-0.600362545654084,-1.95123656069463,-1.35087401504055,-1.04669890074421,-1.61129165482702,-1.66102346486722
"M67","C",-0.383339577404927,-1.64377384180117,-1.26043426439624,-0.586425801633451,-1.28031211252801,-1.51129066424373
"M67","D",-0.13311277536371,-0.942518953541063,-0.809406178177351,-0.0557323612789705,-0.525420518559829,-0.764564827116958
"M67","E",0.401396579744212,-0.57263125250712,-0.974027832251332,1.07788164909052,-0.127241310261507,-1.03711380178974
"M67","F",-0.611590727679431,-2.06358620787165,-1.45199548019222,-1.07051218732802,-1.73223456112126,-1.82844100054641
"M67","G",-0.147310049370359,-1.17595482022988,-1.02864477085952,-0.0858426457280483,-0.776711135486983,-1.1275380579495
"M67","H",-0.0818584970036955,-1.02535721167547,-0.943498714671771,0.0529702600784401,-0.614594805643633,-0.986569541736111
"M67","I",-0.00940581411266628,-0.326642042612733,-0.317236228500068,0.206631511521917,0.137562814265707,0.0502758200862192
"M67","K",0.393374331750737,0.454478619872605,0.0611042881218662,1.06086766676607,0.978428855781726,0.676659514640399
"M67","L",-0.122450719456765,-0.276562847908298,-0.154112128451535,-0.0331197431087702,0.191472403700256,0.320345431904532
"M67","N",-0.424906696819816,-1.66735382944077,-1.24244713262096,-0.67458341475868,-1.30569565673285,-1.48151101982068
"M67","P",-0.0898508688667352,-1.13699840314565,-1.04714753427891,0.0360196405365325,-0.734775068758133,-1.15817138639547
"M67","Q",0.61932085136581,0.204033247541469,-0.415287603824337,1.54006627719667,0.708827731445777,-0.112058849433481
"M67","R",0.286166105093635,0.335460468189668,0.049294363096033,0.833495130431656,0.850307392759919,0.657106904901058
"M67","S",0.0022735796616562,-1.19092784444296,-1.19320142410462,0.231401750412349,-0.792829397625275,-1.39997941671133
"M67","T",-0.1021174005808,-0.159037872903601,-0.0569204723228012,0.0100041703173101,0.31798648181597,0.481256743199776
"M67","V",-0.0288998414264938,-0.280417080076028,-0.251517238649534,0.165287609361367,0.187323373849157,0.15908072428336
"M67","W",-0.631743541028714,-1.29046344748458,-0.658719906455862,-1.11325327566032,-0.899978155223382,-0.515087386946784
"M67","Y",-0.419782493006059,-1.12919303154178,-0.709410538535714,-0.66371574859016,-0.726372689665735,-0.59901121748168
"M72","A",-0.36222888070834,-0.872937681406517,-0.510708800698177,-0.54165318668253,-0.450517201219247,-0.270038973714869
"M72","C",-0.174547080609203,-1.40896080130953,-1.23441372070033,-0.143608295511654,-1.02753898625284,-1.46821083647355
"M72","D",-0.00776764434010602,-0.394403844140584,-0.386636199800478,0.210105823407745,0.0646181329210522,-0.0646233475029187
"M72","E",-0.430997529052121,-1.73016915686809,-1.29917162781597,-0.687501154527626,-1.37331552426046,-1.57542456413049
"M72","F",-0.596751987657973,-1.18836360990028,-0.591611622242301,-1.03904144986795,-0.790069033122093,-0.403982355489401
"M72","G",-0.0210200629788417,-0.485711097794901,-0.46469103481606,0.181999435190987,-0.0336729156062249,-0.193851579180082
"M72","H",-0.663658722641353,-1.54398327177133,-0.880324549129976,-1.180940579304,-1.17288888634598,-0.881977869752988
"M72","I",-0.156727019368899,-0.415957213798666,-0.259230194429771,-0.105814623811423,0.0414162161159597,0.146311090777823
"M72","K",0.0724886007152499,-0.667710858449068,-0.740199459164316,0.380317257398511,-0.229593246034054,-0.649985609616241
"M72","L",-0.195111376619334,-0.217816266901265,-0.0227048902819327,-0.187222076725572,0.254712319626704,0.537904344364569
"M72","N",-0.303463051628471,-1.33036928623604,-1.02690623460756,-0.417019695164935,-0.942936261794973,-1.12465972292384
"M72","P",-0.109171886592653,-0.651988469113785,-0.54281658252113,-0.00495733428980313,-0.212668302272525,-0.323196883371946
"M72","Q",-0.367756842814725,-1.80783981850596,-1.44008297569123,-0.553377163508575,-1.4569269621983,-1.80871855937794
"M72","R",-0.0932971349796663,-0.2517167245731,-0.158419589593432,0.0287106280529409,0.218218926202186,0.313213963542907
"M72","S",-0.324328800290251,-1.048142226514,-0.723813426223746,-0.461272812147456,-0.639122572163339,-0.622856757691938
"M72","T",-0.288044870693332,-0.4666146853392,-0.17856981464587,-0.384320050611554,-0.0131158806691496,0.279853083965061
"M72","V",-0.146316612165704,-0.155803759627235,-0.00948714746153101,-0.0837357147214006,0.321467961898523,0.559787748910912
"M72","W",-0.606104729969239,-1.45776469231257,-0.851659962343325,-1.05887721067944,-1.08007572815355,-0.834520542331105
"M72","Y",-0.24679463993736,-0.601791062201544,-0.354996422264183,-0.296834510706452,-0.158631458962855,-0.0122402696210932
"N116","A",-0.349490147427881,-0.897320375510652,-0.547830228082772,-0.514636247908516,-0.476764848295443,-0.331497516510915
"N116","C",-0.583982913773044,-0.503156145818501,0.0808267679545445,-1.01196016323176,-0.0524522786165287,0.709312215687768
"N116","D",0.323554088119302,0.85037856099,0.526824472870704,0.912789423360908,1.40460989580774,1.44770971184394
"N116","E",1.01830218946754,1.88124602852741,0.862943839059866,2.386245732104,2.51432506324142,2.00419171986309
"N116","F",0.0535796087603853,0.258820539984098,0.205240931223713,0.340214127308916,0.767805525702346,0.915293335392384
"N116","G",-0.274661885669728,-1.20608898182529,-0.93142709615556,-0.355936750715411,-0.809150161097331,-0.966583670085498
"N116","H",-0.0982268320969997,0.0657727576147007,0.163999589711704,0.0182554813549774,0.559992146309826,0.847013828626057
"N116","I",0.544543104845253,1.15176220793899,0.607219103093739,1.38147391523053,1.72904539772025,1.58081172785599
"N116","K",0.226431016385636,0.825966290555204,0.599535274169568,0.706805984913558,1.37833041020354,1.56809031701473
"N116","L",0.172842911308866,-0.792878281716566,-0.965721193025427,0.593153667842488,-0.364334318424617,-1.02336126105182
"N116","M",-0.454992926737905,-0.793193742523796,-0.338200815785889,-0.738391786732744,-0.364673907803017,0.0155666756463216
"N116","P",1.01195947973786,2.00823518007403,0.996275700336168,2.37279379801797,2.65102720198235,2.22493705428756
"N116","Q",-0.332873507513247,-1.73271271999479,-1.39983921248154,-0.479394851976931,-1.37605363625827,-1.74209065151567
"N116","R",0.482217464843089,0.220715105259657,-0.261502359583432,1.24929059975342,0.726785530206337,0.142549275320427
"N116","S",-0.101646094830331,-0.0586713024618959,0.0429747923684349,0.0110037389811589,0.426029764808039,0.646644171235382
"N116","T",-0.213070269532102,-0.340409485701665,-0.127339216169567,-0.225310189537982,0.122742344230829,0.36467088734052
"N116","V",0.527821144291016,0.0513494938905161,-0.4764716504005,1.34600915005107,0.544465694052235,-0.213355663965371
"N116","W",-0.0220934945489528,-0.0373701284889112,-0.0152766339399566,0.179722848157622,0.448960196300298,0.550202627120872
"N116","Y",0.133793480324213,0.222682250692442,0.0888887703682268,0.510335693492495,0.728903136195517,0.72265973369212
"N26","A",-0.575923291592408,-1.90413389369882,-1.32821060210641,-0.994866915873338,-1.56058625802495,-1.62350173060613
"N26","C",-0.565895568096186,-1.3817987397473,-0.815903171651118,-0.973599621411984,-0.998299386941036,-0.775321303351458
"N26","D",-0.142008012942567,-0.191693729283132,-0.0496857163405622,-0.0745978233117565,0.282832885188782,0.493234665156999
"N26","E",0.530898600294204,0.535488932662455,0.00459033236825412,1.35253597172064,1.06563538392661,0.583094541174465
"N26","F",-0.57027056508427,-1.75725930738991,-1.18698874230564,-0.98287833250211,-1.40247771229025,-1.38969364924165
"N26","G",-0.373010309867503,-1.36265075447268,-0.98964044460518,-0.564518977579989,-0.977686834547854,-1.06296217218148
"N26","H",-0.339653951360164,-0.312550757888912,0.0271031934712571,-0.49377515433822,0.152731895528893,0.620367020576335
"N26","I",-0.38920395903391,-0.65908817280927,-0.269884213775358,-0.598863273706183,-0.220311039213273,0.128672208061465
"N26","K",-0.145334996322331,-0.428776261234498,-0.283441264912168,-0.0816538550453941,0.0276166814332164,0.106227041854692
"N26","L",-0.304874056997678,-1.58628346806678,-1.2814094110691,-0.42001222549196,-1.21842448708291,-1.5460172908923
"N26","M",-0.586557052407391,-1.0949798041482,-0.50842275174081,-1.01741952440598,-0.689542603780684,-0.266254172117004
"N26","P",-0.118211641342477,-0.96212558151667,-0.843913940174193,-0.0241292955226137,-0.546526793742551,-0.821696163838099
"N26","Q",-0.68465368157732,-1.88749784866443,-1.2028441670871,-1.22546773185896,-1.54267777601137,-1.41594402190069
"N26","R",-0.468154764910816,-2.03006405574362,-1.5619092908328,-0.766306067394895,-1.69614840860122,-2.01041521627751
"N26","S",-0.242960344874735,-0.139222617248967,0.10373772762577,-0.288702547137724,0.339317341930368,0.747243790378154
"N26","T",-0.283061398775697,-0.556042365568079,-0.272980966792376,-0.373750855644007,-0.109383593312622,0.123545198104293
"N26","V",-0.688274005908509,-0.990395746113649,-0.302121740205141,-1.23314589566413,-0.576959251286348,0.0752994921581499
"N26","W",-1.0120561552565,-1.06019705499363,-0.0481408997371329,-1.91983917296761,-0.652099435267397,0.495792276327234
"N26","Y",-0.331018397482932,-0.389048691634267,-0.0580302941513331,-0.475460442408521,0.0703828836259865,0.47941931298358
"N85","A",-0.829563294999415,-1.0998418529591,-0.270278557959687,-1.53279924335205,-0.694776534892266,0.128019328562035
"N85","D",-0.155050998227432,-0.295255336065297,-0.140204337837865,-0.102260034860854,0.171350187917805,0.343371285295703
"N85","E",-0.160063522401828,-1.07634388763038,-0.916280365228552,-0.112890845298705,-0.669481286618105,-0.941506616844705
"N85","F",0.211447675664276,-0.349951103830467,-0.561398779494741,0.675028571101141,0.11247091876361,-0.35396172266854
"N85","G",-0.623693805089374,-0.777491796949402,-0.153797991860028,-1.09618099553387,-0.347770971479157,0.320865519048621
"N85","H",-0.141712054592702,-0.430442057138197,-0.288730002545496,-0.0739701401314972,0.0258234742185198,0.097470964002207
"N85","I",-0.293846880104848,-0.502382115904533,-0.208535235799681,-0.396625240585006,-0.0516190456718228,0.230242084385145
"N85","K",-0.0254771509015992,-0.098422030723432,-0.0729448798218311,0.172546621565926,0.38323863262328,0.454726601353208
"N85","L",-0.463950712775221,-0.216890152073608,0.247060560701618,-0.757389904645467,0.25570926996552,0.984530260507208
"N85","M",-0.418690179802706,-1.42753009993075,-1.00883992012804,-0.661399116450424,-1.04752859013257,-1.09474898295948
"N85","P",-0.242361977956033,0.252940487457634,0.495302465413666,-0.287433500832174,0.761475727081857,1.39552161508127
"N85","Q",-0.657827241483549,-1.03758794685037,-0.379760705366818,-1.168572884186,-0.627761029973983,-0.0532402219426558
"N85","R",-0.505001332716247,-1.157716736142,-0.652715403425757,-0.84445210001173,-0.757078079663041,-0.505146281971984
"N85","S",-0.367112338496133,-0.109519919699501,0.257592418796635,-0.552010266711882,0.371291902213154,1.0019668920448
"N85","T",-0.263007868337898,-0.53067737642286,-0.267669508084968,-0.331220331445659,-0.0820785186423725,0.132338893155314
"N85","V",-0.215284880640139,-1.06080465751812,-0.84551977687798,-0.230007046862554,-0.652753511332875,-0.824354800392147
"N85","Y",-0.348237969304337,-0.519261250344698,-0.171023281040361,-0.511980566299275,-0.0697892102092187,0.292347187539012
"N86","A",-0.402029296787136,-0.744020771933323,-0.341991475146187,-0.626063887551084,-0.311739856617589,0.00929082859694855
"N86","C",-0.394243933203366,-2.02685382218596,-1.63260988898259,-0.609552301458078,-1.6926926347194,-2.12746771245652
"N86","D",-0.236914097721833,-0.550090174734329,-0.313176077012503,-0.275879365621467,-0.102976138760341,0.0569978405347237
"N86","E",-0.421572535510634,-1.73556404456416,-1.31399150905352,-0.667512159715526,-1.37912304937058,-1.59996048231688
"N86","F",-0.0499358992005519,-0.175610522729135,-0.125674623528583,0.12067329234759,0.300146243904597,0.36742680071109
"N86","G",-0.683649849972525,-2.13575599722988,-1.45210614725735,-1.2233387558918,-1.80992438294932,-1.82862422185652
"N86","H",-0.319874372198299,-0.305110006789098,0.0147643654092029,-0.451825639623785,0.160741765480738,0.59993875458731
"N86","I",-0.266238941934564,-0.121205165480422,0.14503377645414,-0.338072952943699,0.358712889986436,0.815613871030796
"N86","K",-0.0784278086086676,-0.0145040353214014,0.0639237732872697,0.060246234563546,0.473575242566676,0.681327477644771
"N86","L",-0.5050552498633,-1.60018253143397,-1.09512728157067,-0.84456645017738,-1.23338664460307,-1.23760705361062
"N86","M",-0.470358527728377,-0.893775646739792,-0.423417119011415,-0.770979917125766,-0.472948994749441,-0.125518142144931
"N86","P",0.678306365162804,1.57297618938374,0.894669824220932,1.6651656869827,2.18247666668926,2.05671752380287
"N86","Q",-0.490745992030602,-1.10795576855567,-0.617209776525069,-0.814218664863387,-0.703511057503884,-0.44636287184692
"N86","R",-0.139004150514635,-1.42019381257565,-1.28118966206102,-0.0682270825548656,-1.03963117401752,-1.54565347261351
"N86","S",-0.134375336936362,-0.425378380787764,-0.291003043851402,-0.0584100646232338,0.0312744547043766,0.0937076979798926
"N86","T",-0.257040013110291,-0.150941736190152,0.106098276920141,-0.318563407421373,0.326701865695524,0.751151935351332
"N86","V",-0.542848133860552,-0.373971221971701,0.168876911888853,-0.924719477214491,0.086613579906509,0.855088763639974
"N86","W",-0.676425826212732,-0.7550870700373,-0.078661243824568,-1.20801768720126,-0.323652579872559,0.44526254173987
"N86","Y",-0.166020172041769,-0.013187784382751,0.152832387659018,-0.12552400395565,0.474992169258774,0.82852531636718
"P110","A",-6.25311441666554e-05,-0.097601929667233,-0.0975393985230664,0.226447210489055,0.384121460542048,0.414007712381409
"P110","C",-0.242587807226075,-0.863330797712091,-0.620742990486017,-0.28791245077388,-0.440175518235553,-0.452212490159728
"P110","D",-0.048814592427842,0.169242890437676,0.218057482865518,0.123051415490466,0.671376373075976,0.936512524498848
"P110","E",0.0669459753195714,-0.147903070880991,-0.214849046200561,0.368562181939631,0.329972948631515,0.21978888756412
"P110","F",-0.727320967194016,-1.1885769116601,-0.461255944466085,-1.31595863215341,-0.790298649639807,-0.188164415130734
"P110","G",-0.447707688572045,-1.19921666735124,-0.751508978779194,-0.722940891486898,-0.801752205640026,-0.668709744010442
"P110","H",NA,0.273539492007315,NA,NA,0.783650282495293,NA
"P110","I",-0.133850125166999,-0.65624615468459,-0.522396029517591,-0.057296169394889,-0.217251644365347,-0.289388446598101
"P110","K",-0.129230896051519,-1.30224040776803,-1.1730095117165,-0.0474994786683855,-0.912655896896643,-1.36654951923508
"P110","L",0.00257671812426707,-0.975531566233252,-0.978108284357525,0.232044661532638,-0.560958158629751,-1.04386943211068
"P110","M",-0.0566774266778509,-0.436506928341007,-0.379829501663153,0.106375525757491,0.0192947207422195,-0.0533541216609686
"P110","N",-0.537631850518981,-0.269423858790692,0.268207991728291,-0.913656524206178,0.199157430877297,1.01954212255965
"P110","Q",0.00758599344682054,-0.246372015550005,-0.253958008996822,0.242668581644005,0.223972434635833,0.155039764670197
"P110","R",-0.0844275194181687,-0.209530167085134,-0.125102647666967,0.0475217496376601,0.263632196268845,0.368373768687436
"P110","S",0.103856936630933,-0.840447072740805,-0.944304009371734,0.446844783504795,-0.415541491566071,-0.987902794314693
"P110","T",-0.0233247768024594,0.350803040566175,0.374127817368638,0.177111483548274,0.866823468598777,1.19490386362698
"P110","V",-0.128795857134385,-0.930511901241964,-0.801716044107579,-0.0465768265074716,-0.512495085880971,-0.751832977424384
"P110","W",-0.239798634941087,-1.25010773444753,-1.01030909950644,-0.281997035544228,-0.856535764945232,-1.09718136851317
"P110","Y",-0.0868290662136975,-0.432032035570284,-0.345202969356587,0.0424284298146241,0.0241118835072581,0.00397385216917852
"P121","A",-0.140504548334563,-0.178887871825298,-0.0383833234907289,-0.0714092008350124,0.296618221035009,0.511947000419933
"P121","C",0.0463077318073104,-0.687459213453897,-0.733766945261207,0.32479156918732,-0.250852088485524,-0.639335886293252
"P121","D",-0.234686145012653,-1.1852424831214,-0.950556338108749,-0.271154212765989,-0.786709181506763,-0.998254201583537
"P121","E",-0.569746878211289,-1.59108028411239,-1.0213334059011,-0.981767671349812,-1.22358819598714,-1.11543330153646
"P121","F",-0.395189324627827,-0.647837346444835,-0.252648021817006,-0.611557334585768,-0.208199673731344,0.157208590300711
"P121","G",-0.531462107223041,-1.06501938080675,-0.533557273583712,-0.900571425930866,-0.65729060509829,-0.307867094765049
"P121","H",-0.094525378803576,-0.704007003128309,-0.609481624324733,0.0261057074961197,-0.268665564773669,-0.433568079022337
"P121","I",-0.654512757801623,-1.535677564679,-0.881164806877375,-1.16154336243289,-1.16394790273085,-0.883369007442635
"P121","K",-0.678305884321485,-1.54511401201744,-0.866808127695956,-1.21200500789457,-1.174106113236,-0.859599970418846
"P121","L",-0.229040490846893,-1.5387748369217,-1.30973434607481,-0.25918062877004,-1.16728207525412,-1.59291228801103
"P121","M",-0.642749133928653,-0.901290090671566,-0.258540956742912,-1.13659448416223,-0.48103819405829,0.147452198403765
"P121","N",-0.435257443472533,-1.59782049349875,-1.16256305002622,-0.696535792787567,-1.23084394206825,-1.34925427069283
"P121","Q",-0.323338466283875,-0.664452724114446,-0.34111425783057,-0.459172462557977,-0.226085907600624,0.0107431568540149
"P121","R",-0.11598862202613,-0.147955876326129,-0.031967254299996,-0.0194146056518934,0.329916104269617,0.522569497740839
"P121","S",0.121687107875582,0.22591978307625,0.104232675200663,0.484659897004801,0.73238829690192,0.748063229684682
"P121","T",-0.783847913234018,-0.467114166416005,0.316733746818013,-1.43584378922687,-0.0136535654290541,1.09988176480977
"P121","V",-0.809782023831063,-1.55188120695978,-0.742099183128718,-1.49084614014615,-1.18139090891049,-0.653130808354352
"P121","W",-0.736201052820563,-1.81521971550523,-1.07901866268466,-1.33479195917255,-1.46487132351738,-1.21093749069393
"P121","Y",-0.448234945595228,-1.27500248910905,-0.826767543513817,-0.724059124391214,-0.883334638425464,-0.793308447438298
"P140","A",-0.270479932083132,-0.195496672166731,0.0749832599163991,-0.347067455667202,0.278739067572347,0.69963765535579
"P140","C",-0.906256031771466,-1.18512893838567,-0.278872906614207,-1.69545301183627,-0.786586952103479,0.113790453709901
"P140","D",-0.82247968104007,-2.26747180694709,-1.44499212590702,-1.51777596274597,-1.95171470657178,-1.81684618915639
"P140","E",-0.49155495672429,-1.33609156403407,-0.844536607309779,-0.815934357398784,-0.949096218011181,-0.822727056707697
"P140","F",-0.806866066740865,-1.57482266775042,-0.767956601009551,-1.48466183339923,-1.20608708742438,-0.695940563673295
"P140","G",-0.408562664310006,-0.985846906701068,-0.577284242391061,-0.639920178162355,-0.572062485941314,-0.380261826679454
"P140","H",-0.228103035377551,-0.633132300887873,-0.405029265510318,-0.257192426610454,-0.192369887065027,-0.0950750595119198
"P140","I",-0.540280007711551,-1.08247723215869,-0.54219722444714,-0.919272867618077,-0.676083750721875,-0.322171469012147
"P140","K",-0.574033759614338,-2.06675284498102,-1.49271908536668,-0.990859502527037,-1.73564340400426,-1.89586333874191
"P140","L",-0.289042553250207,-0.71477337354254,-0.425730820292333,-0.386435985372222,-0.280255419845362,-0.129348725158816
"P140","M",-0.138527358397408,-1.71258012987497,-1.57405277147756,-0.0672158781316727,-1.35438116979752,-2.03052006346365
"P140","N",-0.291520772539787,-1.36929691881088,-1.07777614627109,-0.391691916031974,-0.984841342380922,-1.20888037022313
"P140","Q",-0.49017006676587,-1.08950739638341,-0.599337329617542,-0.812997213933133,-0.683651629343907,-0.416773100641298
"P140","R",-0.0915851045601972,-0.375964279370958,-0.284379174810761,0.032341587270291,0.0844680800288134,0.104674230454304
"P140","S",-0.431947654960682,-0.753083026624397,-0.321135371663715,-0.689516228784544,-0.321495253696764,0.043820366353038
"P140","T",-0.420991910624251,-0.904264033302426,-0.483272122678176,-0.666280741594058,-0.484239603888816,-0.224614582222494
"P140","V",-0.357542223506941,-1.31335279267619,-0.955810569169248,-0.531713491119612,-0.924618231985564,-1.0069531500681
"P140","W",-0.313692527610138,-0.618734803647902,-0.305042276037762,-0.438714876326385,-0.176871172086226,0.0704642288317461
"P140","Y",-0.450270530202364,-0.588807558649282,-0.138537028446919,-0.728376293413401,-0.144654889450198,0.346131696540025
"P34","A",-0.011089446923366,-0.466265210300302,-0.455175763376934,0.203060779364868,-0.012739675421125,-0.178098016934246
"P34","C",1.07614965599535,0.975132720421319,-0.101016935574032,2.50893151467007,1.53890609515535,0.408250273222151
"P34","D",0.6154272732702,1.53837875320277,0.922951479932571,1.53180858322467,2.14523298513623,2.10354086736369
"P34","E",0.899801749932337,1.48910354646227,0.589301796529933,2.13492410937033,2.09218887809017,1.55114768663169
"P34","F",0.759847112847433,0.660716423138734,-0.0991306897086996,1.83810135800129,1.20044111787139,0.411373157507751
"P34","G",0.950616132753659,1.25167473843786,0.301058605684201,2.24269377840241,1.83659991273093,1.07392987125176
"P34","H",1.0115657041802,1.06830018281106,0.0567344786308652,2.37195865924101,1.63919963373426,0.669424821835329
"P34","I",0.828136520774708,1.16950149614581,0.3413649753711,1.98293292894838,1.74814150638842,1.1406614309165
"P34","K",0.665190629925469,1.08208200020964,0.416891370284167,1.63734918371807,1.65403557752298,1.26570355620725
"P34","L",0.794698185388265,0.974392377054565,0.1796941916663,1.9120152450664,1.5381091253323,0.872997941680226
"P34","M",0.342820577489764,0.5251397077266,0.182319130236834,0.953650751740429,1.05449458043425,0.877343811729962
"P34","N",0.8692007526857,1.5936687425672,0.724467989881507,2.07002399325718,2.20475192596723,1.77492995644074
"P34","Q",0.909647683229601,0.807386064281268,-0.102261618948333,2.15580585414108,1.35832904285048,0.406189565113207
"P34","R",0.607867966489499,0.810341412888034,0.202473446398535,1.51577642963673,1.36151043646048,0.910711464582206
"P34","S",1.23657862776876,1.16808923535876,-0.0684893924099974,2.84917725281022,1.74662122636688,0.462103143234004
"P34","T",1.01665050412073,0.575804268317093,-0.440846235803635,2.38274275571645,1.10903430848769,-0.154373932337861
"P34","V",0.727296762479133,0.920770945757402,0.193474183278271,1.76906695688685,1.48038636514848,0.895812209985138
"P34","W",1.13922405773716,1.88494325067363,0.745719192936468,2.64270284126502,2.51830507388511,1.81011362432315
"P34","Y",0.726346743853325,1.34831161312819,0.621964869274867,1.76705211016053,1.94062822767371,1.60522494054079
"Q129","A",-0.369903515653705,-1.44738812959559,-1.07748461394189,-0.557929933974972,-1.06890549590211,-1.20839770688303
"Q129","C",-0.0421956500682121,-1.74944815403361,-1.70725250396539,0.137089197469398,-1.39406910921798,-2.25104664437101
"Q129","D",0.037850787651589,-0.561249693987849,-0.599100481639436,0.306855661633555,-0.114989213347399,-0.416380973166032
"Q129","E",-0.155042030117064,-0.256978566510499,-0.101936536393435,-0.102241014846587,0.212554623088112,0.406727774484993
"Q129","F",-0.202743341587215,-1.28644904891759,-1.08370570733037,-0.203408327408673,-0.895656708366051,-1.21869740065
"Q129","G",-0.561156809399071,-0.61761402724947,-0.056457217850399,-0.963549426407023,-0.175664671146185,0.482023711143186
"Q129","H",0.0806695248195695,-0.082359915351665,-0.163029440171234,0.397667767906515,0.400529286960931,0.305581856725355
"Q129","I",-0.515377509352502,-0.843362444367973,-0.32798493501547,-0.866458411213808,-0.418679850487323,0.0324801725068611
"Q129","K",-0.266282988525457,-0.715973007171021,-0.449690018645562,-0.338166369143189,-0.28154680954851,-0.169015772497678
"Q129","L",-0.237656337516666,-0.499462737436351,-0.261806399919683,-0.27745354467453,-0.0484763734393199,0.142045903620205
"Q129","M",-0.333825368779289,-0.70867463848392,-0.37484926970463,-0.481413606666259,-0.273690212377056,-0.0451088083602156
"Q129","N",-0.359371340501495,-0.993377794021235,-0.63400645351974,-0.535592773365686,-0.580169386339856,-0.474171589470122
"Q129","P",-0.102469207105333,-0.0379822069975688,0.0644870001077678,0.00925804155204433,0.448301301897179,0.682259960636139
"Q129","R",-0.0219248400418994,-0.109719399737168,-0.0877945596952667,0.180080539019869,0.371077164596176,0.430141348298314
"Q129","S",-0.418949178549243,-0.827178250857225,-0.408229072307982,-0.661948413866711,-0.401257780650875,-0.100372686162314
"Q129","T",-0.503556327811454,-0.581088782490406,-0.077532454678952,-0.841387461779541,-0.136345729206745,0.44713137440341
"Q129","V",-0.479569801015565,-0.484042036973278,-0.00447223595771362,-0.790515643398676,-0.0318761937506512,0.568090477954237
"Q129","W",-0.295045622268784,-0.608652792075164,-0.31360716980638,-0.39916759255485,-0.166018020238069,0.056284119732799
"Q129","Y",-0.275230271269077,-0.124813161762315,0.150417109506762,-0.35714221114853,0.354828929803246,0.82452656184336
"Q131","A",-0.290067030564172,-1.49032883268147,-1.2002618021173,-0.388608747785674,-1.11513059371074,-1.41166863705712
"Q131","C",-0.483588878046143,-1.48362325106655,-1.00003437302041,-0.799039501750413,-1.1079121239667,-1.08017044619821
"Q131","D",-0.38367536496831,-0.705470345291522,-0.321794980323209,-0.58713795658962,-0.27024083321971,0.0427283127903298
"Q131","E",-0.151120675695227,-0.336850831315196,-0.185730155619966,-0.0939244114611851,0.126573188517488,0.267998364111983
"Q131","F",-0.24463987672366,-0.745653552203382,-0.501013675479722,-0.292264581771185,-0.313497522940205,-0.253987644061561
"Q131","G",-0.494520556588766,-1.07303816425525,-0.578517607666484,-0.822223949009096,-0.665922719213231,-0.382303796450105
"Q131","H",0.0491450182037685,-0.163215729419866,-0.212360747623634,0.330809027216294,0.313489074642441,0.223908535308129
"Q131","I",-0.282146174675258,-0.266345772141003,0.0158004025342553,-0.371809802876697,0.202470950363943,0.601654026236986
"Q131","K",-0.300864013705661,-0.930437661960802,-0.629573648255139,-0.411507526342026,-0.512415168278642,-0.466832600340245
"Q131","L",-0.15119068356079,-0.942497175549416,-0.791306491988628,-0.0940728876225099,-0.52539707484043,-0.734598836674298
"Q131","M",-0.123613365773187,-1.03357116234765,-0.909957796574458,-0.035585541210908,-0.623437014688454,-0.93103891978708
"Q131","N",-0.946334775041416,-0.928484118079945,0.0178506569614729,-1.78045400284726,-0.510312204179859,0.605048444456751
"Q131","P",0.074627443571968,0.167551915888968,0.0929244723170051,0.384853421649303,0.669556061383602,0.729341275281601
"Q131","R",-0.0455443559926962,-0.216591899490963,-0.171047543498261,0.129987095483108,0.256030334918204,0.292307018412653
"Q131","S",-0.435900065828683,-0.208368551657703,0.22753151417098,-0.697898698224762,0.264882659882393,0.952197809237642
"Q131","T",-0.55115760996927,0.133494477286677,0.684652087255946,-0.942342627203644,0.632893680067808,1.70901041810715
"Q131","V",-0.217576020528472,-1.44932265506311,-1.23174663453463,-0.234866210228566,-1.07098798693096,-1.46379518651599
"Q131","W",-0.00251174680340149,-0.209813762183391,-0.207302015379986,0.221252792170288,0.263326909903861,0.232283814331453
"Q131","Y",-0.402340089489488,-0.465834061623081,-0.0634939721335961,-0.626723032163504,-0.0122755495838108,0.470373602439699
"Q150","A",-0.312201545021656,-1.16093906662365,-0.848737521601993,-0.435552726337113,-0.760546875723225,-0.829682125222054
"Q150","C",-0.0164755827792522,-0.112878917097451,-0.0964033343181967,0.191637594700957,0.36767598602872,0.415888589693336
"Q150","D",-0.116747787693042,-0.715654911896936,-0.598907124203892,-0.0210246819358321,-0.281204384201453,-0.41606084899343
"Q150","E",-0.156868035230829,-0.382188302167599,-0.22532026693677,-0.106113697261196,0.0777680019708797,0.202452647740265
"Q150","F",-0.271816471965483,-1.44583906268451,-1.17402259071902,-0.34990205588808,-1.06723794590103,-1.36822678122685
"Q150","G",-0.355345008625827,-1.30520748586062,-0.949862477234788,-0.527053528577851,-0.91584991714269,-0.997105439770716
"Q150","H",-0.00287153956129949,-0.102817500493567,-0.0999459609322706,0.220489725804311,0.378506967665837,0.410023387714011
"Q150","I",-0.47901042230029,-0.790978110787799,-0.311967688487508,-0.789329285213027,-0.362288809601444,0.0589984585903887
"Q150","K",-0.395385000291245,-0.943167484916469,-0.547782484625221,-0.611972333259635,-0.526118653990917,-0.331418472046953
"Q150","L",-0.205196689325097,0.0234117039327497,0.228608393257849,-0.208611509245238,0.51439103340282,0.953980699177751
"Q150","M",-0.39256871926939,-0.7953255482696,-0.402756829000209,-0.605999424473279,-0.366968768437035,-0.0913127947945395
"Q150","N",-0.435544815418691,-0.802037918543359,-0.366493103124668,-0.69714526549602,-0.374194546082356,-0.0312742697244904
"Q150","P",-0.118474843650734,-0.0971897434155284,0.0212851002352057,-0.0246875080615545,0.38456517357959,0.610734537201312
"Q150","R",-0.191915301055801,-0.126646083186532,0.0652692178692682,-0.180443680795927,0.352855814180511,0.683555006844167
"Q150","S",-0.248484778008516,-0.606573651868288,-0.358088873859769,-0.300419039543248,-0.163779853358768,-0.017360158109296
"Q150","T",-0.20429949586449,-1.05865815764071,-0.854358661776224,-0.206708696755171,-0.650442832660919,-0.838988531475815
"Q150","V",-0.19104658369724,-0.713469084757932,-0.52242250106069,-0.178601261838607,-0.278851370253564,-0.289432273104221
"Q150","W",-0.568667756628265,-1.04659867484589,-0.477930918217629,-0.979479016654217,-0.637460959248244,-0.215771639856081
"Q150","Y",-0.477483724734135,-0.472927094755912,0.00455662997822515,-0.786091389123743,-0.0199111057522632,0.583038743218248
"Q22","A",-1.00668241394479,-1.29087874418198,-0.28419633023719,-1.90844227526912,-0.900425216614497,0.104976949445506
"Q22","C",-0.400170084495397,-2.19846834997084,-1.79829826547545,-0.622120777702723,-1.87743339959172,-2.40178276160572
"Q22","D",-0.737420476041512,-0.775299079659876,-0.0378786036183634,-1.33737817255614,-0.345410540375541,0.512782618823138
"Q22","E",-0.0759843195610319,-0.401202111753097,-0.325217792192069,0.0654285075997681,0.057299887928899,0.0370614770960637
"Q22","F",-0.770524510128599,-0.331393988803715,0.439130521324886,-1.40758685362459,0.132447407165356,1.30252287896182
"Q22","G",-0.258125057643559,-2.09506562551886,-1.8369405678753,-0.320864623804272,-1.76612173704363,-2.46575927768022
"Q22","H",-0.196893494112732,-0.173977602814468,0.0229158912982683,-0.191001680093287,0.301904060552784,0.613434488399369
"Q22","I",-0.402341760820725,-1.19824807424667,-0.795906313425945,-0.626726576805872,-0.80070952799905,-0.742214339163754
"Q22","K",-0.323755573566329,-1.54595834885879,-1.22220277529247,-0.460057084416693,-1.17501503065631,-1.44799429406654
"Q22","L",-0.283343337195051,-0.530636296177724,-0.247292958982673,-0.374348804658719,-0.0820342963028912,0.166074476705606
"Q22","M",-0.510531467238488,-1.11951670102486,-0.608985233786365,-0.856180684205311,-0.715956248097955,-0.432746250733522
"Q22","N",-0.334935184255208,-1.0169542912409,-0.682019106985695,-0.483767358495678,-0.605549173153891,-0.553661736419958
"Q22","P",0.155495999305334,0.399087269238867,0.243591269933534,0.556363474563494,0.918800800887594,0.978786473962224
"Q22","R",-0.126462570408062,-0.307349940498895,-0.180887370090836,-0.0416282760323641,0.158330506526427,0.27601611996524
"Q22","S",-0.870514971119253,-2.10844132579864,-1.23792635467939,-1.61965159374391,-1.78052050113595,-1.4740263823978
"Q22","T",-0.715402193804344,-1.25714316063373,-0.541740966829378,-1.29068070507537,-0.864109307999053,-0.321416085119262
"Q22","V",-0.639280959850618,-1.30936479352248,-0.67008383367186,-1.12923900817722,-0.920325203746776,-0.533901599016264
"Q22","W",-0.286192962795701,-0.0489747994114289,0.237218163384277,-0.380392432285314,0.436467921840849,0.96823510594657
"Q22","Y",-0.302240593620379,-1.31599113622161,-1.01375054260123,-0.414427045453908,-0.927458373848075,-1.10287905021947
"Q25","A",-0.540495617449249,-2.33983631523996,-1.79934069779071,-0.919730143467584,-2.0296141407525,-2.4035086211853
"Q25","C",-0.666663598914319,-1.32803709364342,-0.661373494729098,-1.18731347027384,-0.940425687375945,-0.519480689681727
"Q25","D",0.0926486724221061,-0.463003552990203,-0.555652225412306,0.42307373961636,-0.00922854455128262,-0.344447680109074
"Q25","E",0.416265348318866,0.279750341157801,-0.136515007161066,1.10941607259891,0.790336179297722,0.349479371736984
"Q25","F",0.352279618741937,-0.655097880400289,-1.00737749914222,0.973711956629839,-0.216015542315579,-1.09232778665655
"Q25","G",-0.810468022754556,-1.06432438896912,-0.253856366214567,-1.49230104076358,-0.656542455595327,0.155208045302792
"Q25","H",-0.0937196826950277,-0.221353061824866,-0.127633379129833,0.0278144678536744,0.250905006762134,0.364183868705832
"Q25","I",-0.0734150025883888,-0.651003778288306,-0.577588775699917,0.070877642754157,-0.21160829564832,-0.380766014549205
"Q25","K",-0.0874319149197795,0.0877965334159345,0.175228448335716,0.0411498783116111,0.583700449094055,0.865604420015357
"Q25","L",-0.0314746127136321,-0.686168907900791,-0.654694295187163,0.159826906425667,-0.249463091657129,-0.508422551570861
"Q25","M",-0.229237608825564,-1.13339134080059,-0.904153731975025,-0.25959868637779,-0.730892113945571,-0.921429662339095
"Q25","N",-0.34872569512183,-1.71731270659583,-1.368587011474,-0.513014959457496,-1.35947572591997,-1.69034924854662
"Q25","P",0.472237473692299,1.2171130973823,0.74487562369,1.228124538423,1.79939476415603,1.80871700408821
"Q25","R",0.0794886894142675,-0.00517735019976762,-0.0846660396140351,0.395163393480513,0.483615295500036,0.435320952070244
"Q25","S",-0.436244635713901,-0.980279549597821,-0.544034913883918,-0.698629479165641,-0.566069299799984,-0.325213962872254
"Q25","T",-0.597087145182991,-0.863787992578288,-0.266700847395297,-1.03975226860743,-0.440667682450128,0.133942615820236
"Q25","V",-0.219658390421305,-1.52888875068385,-1.30923036026254,-0.239282603810321,-1.1566398344325,-1.59207788492382
"Q25","W",-0.807754578480569,-0.879584755566913,-0.0718301770863405,-1.48654623326404,-0.457672688463858,0.456572112439412
"Q25","Y",-0.104257706806507,-1.56239418787823,-1.45813648107172,0.00546490248082401,-1.19270799354797,-1.8386080924918
"Q43","A",-0.326219023416945,-0.50653470026665,-0.180315676849704,-0.465281691316112,-0.0560892477063266,0.276962620032771
"Q43","C",-0.429477153775176,-0.466833046283996,-0.0373558925088222,-0.684276667063573,-0.0133509433324368,0.5136480236677
"Q43","D",0.625441520575528,0.777416647035206,0.151975126459678,1.55304729671049,1.32606736234896,0.827106027621595
"Q43","E",0.217211128458565,0.376103115403234,0.158891986944662,0.687251988284157,0.894058663876557,0.838557639159222
"Q43","F",-0.315524942330418,-0.579815459122324,-0.264290516791901,-0.442601152553107,-0.134975013475475,0.137933179141164
"Q43","G",-0.0605696537302975,-0.576988992601096,-0.516419338870799,0.0981206971449935,-0.131932359722571,-0.27949338803559
"Q43","H",-0.146486375150266,-0.281973773578734,-0.135487398428467,-0.0840957564978501,0.18564761392327,0.35118068927027
"Q43","I",-0.63645893667111,-1.67616548618261,-1.0397065495115,-1.12325392113747,-1.31518128844067,-1.14585203035254
"Q43","K",0.351481836709715,0.468709880406552,0.117228043696837,0.972019980838759,0.993748619149511,0.769578469457061
"Q43","L",-0.457576001529784,-1.65972946888283,-1.20215346735304,-0.74387010015406,-1.29748813363257,-1.41480049369728
"Q43","M",-0.55973010543738,-1.04049841323366,-0.480768307796282,-0.960523601724692,-0.630894108465205,-0.2204692455554
"Q43","N",-0.39005419760613,-1.27154486686701,-0.881490669260883,-0.600666501934864,-0.87961255390338,-0.88390850790513
"Q43","P",0.0198993788214672,-0.150634328650867,-0.170533707472332,0.268783421435649,0.327032785837706,0.293157729595242
"Q43","R",-0.138257412651466,-0.144098356268834,-0.00584094361736831,-0.0666433637748809,0.334068673490262,0.565824434210696
"Q43","S",-0.382709610750915,-0.332395903954662,0.0503137067962509,-0.585089737038455,0.131368858783046,0.658794538778243
"Q43","T",-0.436647124447049,-1.57989758597206,-1.14325046152501,-0.699483097278312,-1.21155016963561,-1.31728018913054
"Q43","V",-0.310635773578523,-1.14029417222011,-0.829658398641591,-0.4322319604272,-0.738322920490261,-0.798094571143799
"Q43","W",-0.556504160340449,-0.596517277742544,-0.0400131174020952,-0.953681857003825,-0.152954299882543,0.509248700114487
"Q43","Y",-0.37032026583001,-1.39596661967869,-1.02564635384868,-0.558813798465215,-1.0135509219301,-1.12257385389904
"Q61","A",-0.368212973001992,-0.696414977811372,-0.328202004809381,-0.554344547083618,-0.260492850131823,0.0321207899572477
"Q61","C",-0.673301103832999,-2.06035296286219,-1.38705185902918,-1.20139062065073,-1.72875401571652,-1.72091980317362
"Q61","D",-0.868626189704523,-1.72195167357622,-0.8533254838717,-1.61564577222965,-1.36446951239736,-0.837277993575339
"Q61","E",-0.0304358477887643,0.0214060563711342,0.0518419041599003,0.162029970714547,0.512231980382194,0.661324634997378
"Q61","F",-0.357321404883812,-1.15597124816053,-0.798649843276717,-0.531245168006953,-0.755199084982723,-0.746756549919795
"Q61","G",-0.417630359687035,-1.72433344076939,-1.30670308108235,-0.659151397266251,-1.3670334532169,-1.58789370057002
"Q61","H",-0.133170014259132,-0.213418923608367,-0.0802489093492387,-0.0558537563736849,0.259446001406573,0.442633989540547
"Q61","I",-0.212760990277189,-1.1492946721418,-0.936533681864613,-0.224654254720126,-0.748011839378587,-0.975038175702698
"Q61","K",-0.13407042431777,-0.846357805185727,-0.712287380867958,-0.0577633907847475,-0.4219043167122,-0.60377414148678
"Q61","L",-0.673481787187226,-1.09814076853231,-0.424658981345087,-1.20177382289001,-0.692945340050116,-0.127574179715632
"Q61","M",-0.438911645150859,-1.76273811245055,-1.32382646729969,-0.704285805354567,-1.40837557333123,-1.61624332068964
"Q61","N",-1.21516657549702,-3.16112197759431,-1.94595540209729,-2.3506058486794,-2.91371727234867,-2.64624514060306
"Q61","P",0.00403691512080151,-0.20876680408243,-0.212803719203231,0.235141519908179,0.264453946424937,0.223175147890129
"Q61","R",-0.192695737612897,-0.458208879711464,-0.265513142098568,-0.18209886944113,-0.00406714230719299,0.135908990551786
"Q61","S",-0.640192605580635,-0.630838066565587,0.00935453901504779,-1.13117247175866,-0.18990017422098,0.590982201178958
"Q61","T",-0.399602275635633,-1.86078655750583,-1.4611842818702,-0.620916540447587,-1.51392342506533,-1.8436540567503
"Q61","V",-0.629077441068898,-0.765023755723748,-0.13594631465485,-1.10759887833573,-0.334349290330029,0.350420903762919
"Q61","W",-0.883890060747218,-1.80621637184286,-0.922326311095646,-1.64801814869251,-1.4551793433799,-0.951516334923854
"Q61","Y",-0.317871037030264,-1.86958598177411,-1.55171494474384,-0.447576866815136,-1.52339588867747,-1.99353737241405
"Q70","A",-0.27759747190373,-1.30424265568364,-1.02664518377991,-0.362162687926259,-0.914811290243403,-1.12422752501031
"Q70","C",-0.667602696546705,-0.532269569705671,0.135333126841035,-1.18930515521443,-0.0837924936110868,0.799553395143927
"Q70","D",-0.183035813241011,-0.784702578649179,-0.60166676540817,-0.161611621645683,-0.355533282419488,-0.420629733839847
"Q70","E",-0.0730178580969003,-0.121288698769968,-0.0482708406730659,0.0717199265334588,0.358622967507249,0.495577145036908
"Q70","F",-0.45454792193161,-1.53065760784088,-1.07610968590927,-0.737447998418701,-1.15854398572061,-1.20612136463846
"Q70","G",-0.480424392063838,-0.847964806815833,-0.367540414751995,-0.792328102574931,-0.423634232670532,-0.0330082075335615
"Q70","H",-0.197332416766663,-0.157627650118233,0.039704766648434,-0.191932569076258,0.319504567955717,0.641230289555276
"Q70","I",-0.541972904394356,-1.1791581050928,-0.637185200698449,-0.922863247055586,-0.780159429191009,-0.479434349640856
"Q70","K",0.294613370686841,-0.739991739556375,-1.03460511024321,0.851410511208925,-0.307402656657771,-1.13740604522533
"Q70","L",-0.491552479157829,-0.400819530877325,0.0907329482805057,-0.815929102852675,0.0577117311715896,0.725712969926036
"Q70","M",-0.552863365472739,-1.92327401267989,-1.37041064720715,-0.94596027826722,-1.58119034245737,-1.69336847497855
"Q70","N",-0.00673482040007123,-0.908542521083584,-0.901807700683509,0.21229628776067,-0.488845339285406,-0.917545553491752
"Q70","P",-0.1483230327886,-0.252304160383401,-0.1039811275948,-0.0879910313160937,0.217586559337276,0.40334273234888
"Q70","R",0.0455682813328693,0.188153116464902,0.142584835132039,0.3232233058636,0.691732980790197,0.811559383484022
"Q70","S",-0.277321920082329,-1.56737539091307,-1.29005347083074,-0.361578283925958,-1.19807019260256,-1.56032846786534
"Q70","T",-0.421026843652669,-1.35190763765546,-0.930880794002793,-0.666354829297222,-0.966122011665178,-0.965679207714276
"Q70","V",-0.326636022869849,-1.62646001868505,-1.2998239958152,-0.466166084484559,-1.26167401139157,-1.57650462999606
"Q70","W",-0.694701552044279,-1.81624839669651,-1.12154684465223,-1.24677775501734,-1.46597868518739,-1.28134750118228
"Q70","Y",-0.0408295948481729,-1.11105959086034,-1.07022999601217,0.139986395285631,-0.706852281082059,-1.19638690132097
"Q99","A",-0.445128376768679,-1.41635661089969,-0.971228234131017,-0.717470558798676,-1.03550047726512,-1.03247876394202
"Q99","C",-0.439803571163122,-1.70599061795868,-1.26618704679556,-0.706177446378343,-1.34728764754585,-1.52081501845623
"Q99","D",-0.393703687884408,-1.1067245892495,-0.713020901365086,-0.608406522330443,-0.70218570929675,-0.604988564100368
"Q99","E",-0.0621843623646665,-0.158879862853068,-0.0966955004883996,0.0946961428072763,0.318156577541372,0.415404876960823
"Q99","F",-0.245374342891495,-0.308574065347722,-0.0631997224562273,-0.293822274129687,0.157012752349141,0.470860764643941
"Q99","G",-0.541406060201373,-1.67237064096354,-1.13096458076217,-0.92166105571371,-1.31109618785278,-1.29693958312885
"Q99","H",-0.114315929235598,-0.128659115336298,-0.014343186100696,-0.0158670756334376,0.350688811748605,0.551748051098854
"Q99","I",-0.557245838570131,-1.99739583754309,-1.44014999897296,-0.955254845061599,-1.66098150463756,-1.80882952367858
"Q99","K",-0.124417886160737,-0.57249392168792,-0.448076035527183,-0.0372918080409262,-0.127093475454588,-0.166343648672124
"Q99","L",-0.388811338414531,-0.553274460300626,-0.164463121886095,-0.598030584379728,-0.106403979973335,0.303208241397587
"Q99","M",-0.854724802202281,-1.94938289621532,-1.09465809401304,-1.58616301858742,-1.60929620958037,-1.23683026280215
"Q99","N",-0.0806201470970311,-0.822561831309535,-0.741941684212504,0.0555966141179331,-0.396288266185988,-0.652870051843505
"Q99","P",0.238711009031332,-0.0421769031659327,-0.280887912197267,0.732850003745718,0.443785767061329,0.110454393768625
"Q99","R",-0.323631132724433,-0.477585089518836,-0.153953956794407,-0.45979316409334,-0.0249253753853829,0.320607302210811
"Q99","S",-0.526371499202645,-1.18583118067224,-0.659459681469595,-0.889775011390928,-0.787342906618641,-0.516312164589893
"Q99","T",-0.584662287789412,-0.913415643790684,-0.328753356001272,-1.01340101341685,-0.494091191299489,0.0312079683550114
"Q99","V",-0.341828599872184,-0.243605108393748,0.0982234914784375,-0.498387257002646,0.226950973521645,0.738114375317218
"Q99","W",-0.849298553330883,-3.06589594649373,-2.21659739316285,-1.57465476024622,-2.81120771183333,-3.09432226376919
"Q99","Y",-0.435607967286085,-1.70190729411621,-1.26629932683012,-0.697279201115622,-1.34289200354289,-1.52100091021191
"R102","A",-0.56349349106147,-0.182255846274384,0.381237644787086,-0.968505177031321,0.292992641173993,1.20667495281873
"R102","C",-0.437082619289166,-1.06795437204647,-0.630871752757306,-0.700406716387594,-0.660450084272448,-0.468981752911175
"R102","D",-0.179221586419127,-0.956495148650225,-0.777273562231098,-0.153522219799495,-0.540465707378038,-0.711365801879549
"R102","E",-0.0722121865543492,-0.56522399197225,-0.493011805417899,0.0734286347902254,-0.119267492458996,-0.240739681677252
"R102","F",-0.490274908584306,-1.70945465386153,-1.21917974527722,-0.81321956767328,-1.35101663628881,-1.44298934052204
"R102","G",0.100362392880204,-0.0359780247914312,-0.136340417671633,0.439433381407115,0.450458777482052,0.349768423542478
"R102","H",-0.271713950570856,-1.34764764404705,-1.07593369347619,-0.349684623418094,-0.961536185000452,-1.20582999010784
"R102","I",-0.198857592074448,-0.570782399074028,-0.371924806999584,-0.195167236684322,-0.125251044042354,-0.040267043671283
"R102","K",0.377325127941813,0.286638660762691,-0.0906864671791219,1.02682971753429,0.797751364066272,0.425353482303364
"R102","L",-0.269964010364905,-0.389581730342599,-0.119617719977693,-0.345973263241107,0.0698090745204592,0.377454660422336
"R102","M",-0.496981484909396,-0.655828576255042,-0.158847091345645,-0.827443208122378,-0.216802126719815,0.312506188099318
"R102","N",-0.54126459768883,-1.61303133126839,-1.07176673357956,-0.921361034985114,-1.2472182073486,-1.19893113677218
"R102","P",0.0491414655122249,-0.137420456984376,-0.186561922496599,0.330801492491466,0.341257343572422,0.266621283978338
"R102","Q",-0.424693331916147,-0.631595884928274,-0.206902553012126,-0.674130899864772,-0.190715955645572,0.232945167537949
"R102","S",-0.357970303343009,-0.573732737571818,-0.215762434228806,-0.53262138411547,-0.128427044336438,0.218276674775487
"R102","T",-0.18414256030707,-0.546143209442979,-0.362000649135908,-0.163958865838942,-0.0987272829305911,-0.0238365256725989
"R102","V",-0.142075159197978,-1.15008177291185,-1.00800661371387,-0.0747402304280217,-0.748859142926638,-1.09336935395473
"R102","W",-0.482618164665407,-1.07439965339392,-0.591781488728516,-0.796980764559118,-0.667388344228144,-0.40426358785163
"R102","Y",-0.446085654757805,-0.417430068218609,0.0286555865391982,-0.719500801543582,0.0398307078516079,0.622937175404001
"R123","A",-0.857768675768391,-1.95853207598088,-1.10076340021249,-1.59261861695508,-1.61914518035027,-1.24693825833945
"R123","C",-0.61419822047284,-0.992151070190255,-0.377952849717417,-1.07604228766078,-0.578848834392725,-0.0502471211481556
"R123","D",-0.449162384183383,-0.761064816839328,-0.311902432655943,-0.726026082251245,-0.330087545086017,0.0591064966858903
"R123","E",-0.365694960521488,-1.43082520990878,-1.0651302493873,-0.549004221046465,-1.05107573235612,-1.18794371854821
"R123","F",-0.867424611860633,-0.705079998035032,0.162344613825601,-1.6130974062088,-0.2698206295711,0.844273836834559
"R123","G",-0.170011637045006,-0.269245995120372,-0.0992343580753658,-0.133989301347227,0.199348898761292,0.411201523300819
"R123","H",0.00746930885221175,-1.07891342870784,-1.08638273756005,0.242421111155456,-0.672247363535647,-1.2231295140823
"R123","I",0.250731394870863,-0.185138411231874,-0.435869806102733,0.758343435558502,0.289889598197886,-0.146134914086335
"R123","K",-0.0106854501781992,0.0906535960745991,0.101339046252798,0.203917595744391,0.586776039183441,0.743272513619652
"R123","L",-0.101292483712024,-1.18204617157148,-1.08075368785946,0.0117536950186055,-0.783268394481771,-1.21381001275114
"R123","M",-0.332096051694789,-0.87030486809982,-0.538208816405028,-0.477745985030404,-0.447683012585434,-0.315568227606458
"R123","N",0.000908504256322828,-0.891865611693863,-0.892774115950186,0.22850663063585,-0.470892867334865,-0.902589475747687
"R123","P",-0.79245051120736,-0.963005398019096,-0.170554886811736,-1.45408860663739,-0.547473904547816,0.293122664905415
"R123","Q",-0.671441319495353,-1.99807398727433,-1.32663266777898,-1.19744629757898,-1.66171152383619,-1.62088928945759
"R123","S",-0.111757237241568,-0.0160181467459655,0.0957390904956004,-0.0104404744618498,0.471945321683599,0.734001180462281
"R123","T",-0.104286382020829,-0.402451063956132,-0.298164681935297,0.00540408666086634,0.0559554074338277,0.0818508306210822
"R123","V",-0.574461270871595,-1.0004599315414,-0.425998660669803,-0.99176618965269,-0.587793213525663,-0.129792163907297
"R123","W",-0.293083448815858,-0.86357714514773,-0.570493696331869,-0.395006117557724,-0.440440707985346,-0.369019342351911
"R123","Y",-0.349394860205589,-0.830461883145666,-0.481067022940076,-0.514434158030823,-0.404792567293685,-0.22096380082286
"R135","A",-0.208401772055632,-1.14040899685424,-0.932007224798603,-0.215409008022399,-0.738446527687201,-0.967544135874335
"R135","C",-0.503771839784012,-1.24782964492386,-0.744057805139846,-0.841844530283878,-0.854083431762933,-0.656373519186698
"R135","D",-0.167643846485381,-0.82050133563169,-0.652857489146308,-0.128967573427294,-0.394070169895105,-0.505381520268365
"R135","E",-0.23009276369277,-1.40794055707403,-1.17784779338125,-0.261412341329265,-1.02644070685391,-1.37455981845316
"R135","F",-0.73896090725486,-1.50303293931733,-0.764072032062472,-1.34064519564709,-1.12880639614555,-0.689509239133837
"R135","G",-0.13970506380563,-0.165248552287299,-0.0255434884816683,-0.0697136143042784,0.311300767765239,0.533204737662171
"R135","H",-0.21626357666104,-0.0775161651107314,0.138747411550311,-0.232082714033922,0.40574351990444,0.805206113202123
"R135","I",-0.40204843000557,-0.919769356264998,-0.517720926259427,-0.626104466231836,-0.500930878576752,-0.281648306902206
"R135","K",0.103634190836436,0.201761170876303,0.0981269800398685,0.4463723731513,0.706381871025979,0.737954590179752
"R135","L",-0.410471761870614,-1.24098199382641,-0.830510231955792,-0.643969087168691,-0.84671202610369,-0.799504873437768
"R135","M",-0.28891336266596,-0.89959132491383,-0.61067796224787,-0.386161991559185,-0.47920949523265,-0.435548746001704
"R135","N",-0.324481773559997,-0.830400896922425,-0.505919123362428,-0.461597245462118,-0.404726916432574,-0.26210914422667
"R135","P",-0.073617900742331,-0.039405646734247,0.034212254008084,0.0704473262633624,0.446768987884503,0.63213684011252
"R135","Q",-0.305744746358085,-1.40879574710383,-1.10305100074574,-0.421858826768824,-1.02736130758775,-1.25072562873921
"R135","S",-0.16987671211063,-0.370993744459797,-0.201117032349167,-0.133703145839387,0.0898187949896322,0.242523723491038
"R135","T",-0.0838281702430344,-0.297007501169764,-0.213179330926732,0.0487928791614802,0.169464005403073,0.22255328200808
"R135","V",-0.112913066374606,-0.51807795852138,-0.405164892146772,-0.0128918143425916,-0.0685154122427608,-0.0952996040951435
"R135","W",0.125769993398949,-1.33167415561825,-1.4574441490172,0.493319083579915,-0.944340936392398,-1.83746186180511
"R135","Y",-0.259539753855963,-0.817517824640202,-0.557978070784238,-0.323864981855019,-0.390858459851167,-0.348298368980677
"R149","A",0.220805965546161,-0.875300368817976,-1.09610633436414,0.694876097476168,-0.453060602906628,-1.23922798152871
"R149","C",-0.199936815204211,-0.0878905282755778,0.112046286928631,-0.197456106745289,0.39457565544171,0.7609995100114
"R149","D",0.266584750676806,-0.7500076794669,-1.0165924301437,0.791966020610097,-0.318184683237158,-1.10758410278497
"R149","E",-0.496430395993722,-0.101653877787573,0.394776518206152,-0.826274431355801,0.379759592088156,1.22909002384537
"R149","F",0.0439798488500198,-0.509636379831731,-0.553616228681747,0.319854479294194,-0.0594281646537316,-0.341076867050049
"R149","G",0.0784664606697003,0.0357914872235998,-0.0426749734460987,0.392995399944816,0.527717706054753,0.504841709189747
"R149","H",-0.0747307932017627,-1.2739351573658,-1.19920436416403,0.0680870486143555,-0.882185669948462,-1.40991793401891
"R149","I",0.0921062570959723,-0.259154124022661,-0.351260381118626,0.421923358229639,0.210212664257422,-0.00605484894065775
"R149","K",0.100376663842761,-0.0780592414442243,-0.178435905286985,0.439463647973906,0.405158905428448,0.280074785409312
"R149","L",0.0721612780544927,-1.03739350088593,-1.10955477894042,0.379623055228615,-0.627551711470117,-1.26149333781388
"R149","M",-0.470356224609016,-0.552542103091969,-0.0821858784829548,-0.770975032555739,-0.105615607143637,0.439427127391477
"R149","N",-0.409884458063326,-0.842547515843217,-0.432663057779892,-0.642723504059766,-0.417802590730105,-0.140825794989333
"R149","P",0.0924935809763383,0.0561678442657794,-0.0363257367105589,0.422744813968697,0.549652584376956,0.515353558144007
"R149","Q",0.0320529865560673,0.566225991306307,0.53417300475024,0.294559396865856,1.09872342021983,1.45987600211957
"R149","S",0.0252246203071813,-0.080103007219563,-0.105327627526737,0.280077458292287,0.402958818655904,0.401113455903379
"R149","T",-0.0934204521783357,-0.193039534972872,-0.0996190827945327,0.0284490908079979,0.281384143198805,0.410564569867626
"R149","V",0.0190505563693648,-0.350390078928738,-0.369440635298103,0.266983196584907,0.111998367887753,-0.03615422841646
"R149","W",-0.338807411384728,-0.932352567302964,-0.593545155918236,-0.491979770277452,-0.514476538502569,-0.407183529866101
"R149","Y",-0.180776366517039,0.404758635454135,0.585535001971177,-0.156819674718092,0.924905951459653,1.54491135034552
"R161","A",-0.414920332379578,-1.07235277007641,-0.657432437696835,-0.653403836639186,-0.665184901462767,-0.512955843000333
"R161","C",-0.158350454494558,-1.66377471767143,-1.50542426317688,-0.109257685725654,-1.30184279034463,-1.91689813640983
"R161","D",-0.271706964724675,-1.43149410914132,-1.15978714441664,-0.349669807488253,-1.05179579351549,-1.34465845836223
"R161","E",-0.177718937474539,-0.455717251132109,-0.277998313657575,-0.150335327222269,-0.00138493716134001,0.115238437056485
"R161","F",0.0909734224690766,-0.724188792278213,-0.815162214747286,0.419520786240565,-0.29039099333831,-0.774094568961306
"R161","G",-0.269042549912697,-0.349634028995665,-0.0805914790829618,-0.344018984108961,0.112812245621302,0.442066828250586
"R161","H",0.00246611084194193,0.226950782293139,0.224484671451195,0.231810080110079,0.733498153895785,0.947153431182168
"R161","I",-0.171389513755498,-1.20149065993907,-1.03010114618357,-0.136911570768051,-0.804200128525184,-1.1299492450047
"R161","K",-0.345386427236125,-0.94918040108778,-0.603793973851653,-0.505932874133007,-0.532591478564333,-0.424151557766643
"R161","L",-0.160916248176699,-0.27065441701075,-0.109738168834049,-0.114699348510407,0.197832751261137,0.393811327165688
"R161","M",-0.303597753240179,-0.357175512769718,-0.0535777595295386,-0.417305377038961,0.104693938280578,0.486790966200718
"R161","N",-0.241098164243484,-0.737562228399774,-0.496464064156289,-0.284753141887373,-0.304787320094313,-0.246455269852733
"R161","P",0.130010014631196,0.0138513733701302,-0.116158641261068,0.502311531377521,0.504099464248578,0.383181539810299
"R161","Q",-0.381263484274175,-0.0825782087538531,0.298685275520324,-0.58202272012073,0.400294297006367,1.07000056616511
"R161","S",0.138964325218257,-0.617160672287945,-0.756124997506202,0.521302278382581,-0.175176640538101,-0.676352062866933
"R161","T",-0.417070770498011,-1.09626258369732,-0.679191813199305,-0.657964592697413,-0.69092349896552,-0.548980845397971
"R161","V",-0.335737648878156,-0.734624458389364,-0.398886809511207,-0.485469265357937,-0.301624849610332,-0.0849055584584433
"R161","W",-0.111109003396116,-0.190163046483177,-0.0790540430870603,-0.00906566789920117,0.284480644937859,0.444612220025836
"R161","Y",-0.808072576746021,-0.180803705932005,0.627268870814019,-1.48722065979287,0.294555851008356,1.61400628944225
"R164","A",-0.354300907093343,-0.604335853569005,-0.25003494647566,-0.52483914614626,-0.161370893145575,0.161534819489895
"R164","C",-0.499641251973452,-1.29704568315321,-0.797404431179755,-0.833084174326842,-0.907063844690869,-0.744694635331575
"R164","D",0.0118358135213459,-0.65845488452424,-0.670290698045584,0.251681811313407,-0.219629312766968,-0.534244085387645
"R164","E",-0.187655253637971,0.0181462497456089,0.205801503383581,-0.171408760468451,0.508722841749769,0.916221423305615
"R164","F",0.0770887148973269,-0.518297679821853,-0.595386394719176,0.390073408224064,-0.0687519393109063,-0.410231900082927
"R164","G",-0.193638463207735,-0.0676523966697982,0.125986066537937,-0.18409824874484,0.416361735913434,0.784078324648832
"R164","H",-0.199124286386645,-0.723370881521195,-0.524246595134549,-0.195732855238802,-0.289510523247583,-0.292452258368818
"R164","I",-0.171607001815261,-0.769367801254639,-0.597760799439378,-0.137372830256362,-0.339025597775415,-0.414162984213927
"R164","K",-0.385205450786104,-2.14993872383472,-1.76473327304862,-0.59038303865141,-1.82519190018561,-2.34621228199724
"R164","L",-0.530509831323801,0.0393743761955037,0.569884207519305,-0.898551791866843,0.531574638551469,1.51899976535588
"R164","M",-0.098183864230732,-1.52054936706784,-1.42236550283711,0.0183466097416581,-1.14766259848593,-1.77938536449937
"R164","N",-0.142216488810124,-0.512485400623422,-0.370268911813296,-0.0750399692948506,-0.0624950977798941,-0.0375255298787816
"R164","P",0.0377404506214702,-0.230260121038731,-0.268000571660201,0.306621653375309,0.241316675557476,0.131790781556697
"R164","Q",-0.291142604398251,-1.03112947816746,-0.739986873769208,-0.390889878238952,-0.620808574026427,-0.649633651474447
"R164","S",-0.227796918531205,-0.738266357825253,-0.510469439294049,-0.256543198785886,-0.305545306089504,-0.269642684990652
"R164","T",0.324129742593358,-0.947880567737394,-1.27201031033075,0.914010299984837,-0.531192225188432,-1.53045606182137
"R164","V",-0.32225979210336,-0.28850426030843,0.0337555317949256,-0.45688475673586,0.178617631502756,0.631380687031646
"R164","W",-0.286040984911713,-0.768468365667811,-0.482427380756096,-0.380070110034247,-0.33805736728579,-0.223216020496086
"R164","Y",-0.330701437388628,-0.633141909465852,-0.302440472077224,-0.474788217684673,-0.192380230571886,0.0747717970294598
"R41","A",-0.381489176217032,-1.51203149615277,-1.13054231993574,-0.582501378812117,-1.13849322332728,-1.29624048460543
"R41","C",-0.342621493344625,-1.43910936137134,-1.09648786802672,-0.500068864893136,-1.05999351162146,-1.23985965182217
"R41","D",0.611028390995738,1.32587719762267,0.714848806626934,1.52247921503187,1.91647787668974,1.75900435693215
"R41","E",0.988145911778492,0.714897190001992,-0.273248721776499,2.32228879933526,1.25876599537963,0.123101900733747
"R41","F",-0.419014606098118,-1.25527299546447,-0.83625838936635,-0.662087175864721,-0.862096099978344,-0.80902157048056
"R41","G",-0.0240980976772338,-0.274519566520002,-0.250421468842765,0.175471386195855,0.193671969036568,0.16089488985588
"R41","H",-0.0929232473556052,-0.517090404239292,-0.424167156883689,0.0295035875117213,-0.0674523231454647,-0.126759911061687
"R41","I",-0.559978561045163,-1.60550741582039,-1.04552885477523,-0.96105053872822,-1.23911881207805,-1.15549148719549
"R41","K",-0.589494221574551,-1.17646616269781,-0.586971941123254,-1.02364881878015,-0.77726158887724,-0.396300860980565
"R41","L",-0.384606586262732,-1.61783199318951,-1.23322540692678,-0.589112937001139,-1.25238605628685,-1.46624345434273
"R41","M",-0.206193521808318,-0.605453040666418,-0.399259518858099,-0.210725641127443,-0.162573530250636,-0.0855226191417266
"R41","N",-0.139901335687966,0.294008356325463,0.43390969201343,-0.0701298774688638,0.805684743674142,1.29387923068976
"R41","P",0.333986410810569,0.484408246701305,0.150421835890738,0.934914811907434,1.01064770242627,0.824534386883837
"R41","Q",0.560490214713255,0.191038010158318,-0.369452204554939,1.41529533855739,0.694838530619667,-0.03617338257395
"R41","S",-0.146753485507032,-0.443667413801805,-0.296913928294773,-0.0846622574203345,0.0115865530366098,0.0839215887130893
"R41","T",-0.192542716097599,-0.287987579265833,-0.0954448631682308,-0.1817743338049,0.179173831797897,0.417475442471885
"R41","V",-0.594014879263618,-1.44989566397475,-0.855880784711132,-1.03323645432561,-1.07160482343066,-0.841508570820388
"R41","W",-0.327994908207755,-0.591530433076059,-0.263535524868303,-0.469048076058354,-0.14758602768626,0.139183150026346
"R41","Y",-0.317309293288673,-1.16056455978728,-0.843255266498602,-0.446385492764114,-0.760143724076946,-0.820605658242488
"R68","A",-0.55783040302072,-1.32153230945768,-0.763701906436957,-0.956494618406666,-0.933423373403382,-0.688896456081074
"R68","C",-0.350589709164959,-2.29549846690593,-1.94490875774097,-0.516968253098895,-1.98188503459962,-2.6445123075334
"R68","D",-0.275900531896745,-0.708648191119854,-0.432747659223111,-0.358563733205838,-0.273661742140127,-0.140965861839802
"R68","E",-0.378907584931705,-1.87583090491039,-1.49692331997869,-0.57702621168524,-1.53011846567405,-1.90282390440523
"R68","F",-0.590361764536425,-1.27098464409816,-0.680622879561733,-1.0254887470186,-0.87900948151695,-0.551350130726579
"R68","G",-0.0104191188288638,-0.195130488633463,-0.184711369804599,0.204482444509192,0.279133259293134,0.269685074350386
"R68","H",-0.482578549304879,-1.84795904374631,-1.36538049444143,-0.79689674633326,-1.50011477649732,-1.68504051237571
"R68","I",0.136914474774276,-0.19588095548662,-0.332795430260894,0.516954853664467,0.278325391671127,0.0245158767148903
"R68","K",-0.633086874952816,-1.40280798072505,-0.769721105772234,-1.11610228502268,-1.0209155564327,-0.698861892380503
"R68","L",-0.545410235095973,-1.22781629126225,-0.682406056166275,-0.93015330887469,-0.832539321769284,-0.554302372689899
"R68","M",-0.224414157377817,-0.819420811467731,-0.595006654089911,-0.249368870777278,-0.39290699995204,-0.409603198350278
"R68","N",-0.0969651234263598,-1.82491598182357,-1.72795085839721,0.0209313758222562,-1.47530922571119,-2.2853150114916
"R68","P",-0.321584288909172,-1.76964051925465,-1.44805623034548,-0.455452115982873,-1.41580592278305,-1.82191914585634
"R68","Q",-0.519412065209247,-1.69399173963796,-1.17457967442871,-0.875015097829518,-1.3343710140464,-1.36914909363306
"R68","S",-0.193801596006033,-0.242462095594803,-0.0486604995887685,-0.184444228892677,0.228181411652155,0.494932022507042
"R68","T",-0.309297442364366,-0.484220454886731,-0.174923012522365,-0.429393561060782,-0.0320682582700349,0.285890759781082
"R68","V",-0.136978825570948,-1.70729496044284,-1.57031613487189,-0.0639316727369184,-1.34869175494451,-2.02433365693453
"R68","W",-0.211984903986483,-0.573454533125769,-0.361469629139286,-0.223008292336132,-0.128127560937117,-0.0229573645657316
"R68","Y",-0.831229347748781,-1.76052747267621,-0.929298124927429,-1.53633269084113,-1.40599584891023,-0.963058927677831
"R73","A",-0.445854659153138,-1.29421863993738,-0.848363980784247,-0.719010894582586,-0.904020570133873,-0.829063687948732
"R73","C",-0.415412550153151,-1.12888117304583,-0.713468622892677,-0.654447756561153,-0.726036978127691,-0.60572981557163
"R73","D",-0.0154795699284609,-1.0128056892384,-0.997326119309935,0.193749988265962,-0.601083258076732,-1.07568663891238
"R73","E",-0.0814275040639068,-0.927391395720191,-0.845963891656282,0.0538843313294778,-0.509135903040674,-0.825090080499398
"R73","F",-0.393571073841168,-0.978902372927143,-0.585331299085974,-0.608125267875395,-0.564586787364765,-0.393584600427959
"R73","G",-0.172444413299067,-0.226977841268901,-0.0545334279698331,-0.139148854158311,0.244850006231923,0.485208753611527
"R73","H",-0.255800853254424,-1.49654652391647,-1.24074567066205,-0.315935335601349,-1.12182385592649,-1.47869406530182
"R73","I",-0.238054493850488,-1.23326130737486,-0.995206813524366,-0.278297974419349,-0.838400809455487,-1.07217789869151
"R73","K",-0.151896268861849,-0.256601015787426,-0.104704746925581,-0.0955693280031089,0.212961051438082,0.402144702188345
"R73","L",-0.192545312666953,-0.572554915853033,-0.380009603186078,-0.18177984073826,-0.127159134865019,-0.0536522992347906
"R73","M",-0.0190080542880278,-0.724711052337407,-0.705702998049379,0.186266603237898,-0.290953199370882,-0.59287298272883
"R73","N",-0.00325326065004994,-0.616419838551273,-0.613166577901223,0.219680152744222,-0.17437914283833,-0.439668918700074
"R73","P",-0.0857029840509451,-0.7480417249272,-0.662338740876253,0.0448166808420837,-0.3160683592286,-0.521078759201766
"R73","Q",-0.156128157160078,-1.0036455577777,-0.847517400617619,-0.104544527069965,-0.591222497952147,-0.827662082809416
"R73","S",-0.2062993941587,-0.258446219779833,-0.0521468256211364,-0.210950180470967,0.210974713793463,0.489160032237342
"R73","T",-0.093035713815464,0.00359814199470243,0.0966338558101665,0.0292650630530298,0.493061996551882,0.735482561331825
"R73","V",-0.323400431410859,-0.821512000619062,-0.498111569208204,-0.459303881279523,-0.395158137360371,-0.24918289286924
"R73","W",-0.247676884645461,-0.245435630073908,0.00224125457155644,-0.298705619139112,0.224980441191585,0.579205388507897
"R73","Y",-0.328492170156588,-1.61629355563786,-1.28780138548127,-0.470102693917957,-1.25072994865034,-1.55659989669816
"R97","A",-0.51293798979024,-1.05404422409356,-0.541106234303323,-0.861284556859486,-0.645475994342667,-0.320365216689218
"R97","C",-0.250590206027049,-1.21661332933732,-0.966023123310261,-0.30488433594419,-0.820479481722162,-1.02386113933343
"R97","D",-0.468635584596313,-0.542116159196263,-0.0734805745999481,-0.767325813685082,-0.0943922167077005,0.453839700639358
"R97","E",-0.255652201558737,-0.643193723278797,-0.38754152172006,-0.315620067695772,-0.203200874931816,-0.0661222059752069
"R97","F",-0.894072430217955,-1.03342397967363,-0.139351549455677,-1.66961342402395,-0.623278574490387,0.344783168808146
"R97","G",-0.0938245835983338,-0.194693581420735,-0.100868997822399,0.0275919888033982,0.279603584117609,0.408495200189686
"R97","H",-0.336619288381765,-1.46339054818579,-1.12677125980403,-0.487339090242825,-1.08613188744551,-1.28999708620131
"R97","I",-0.30162421703004,-1.75515809740163,-1.45353388037159,-0.413119803341503,-1.40021578758375,-1.83098798863181
"R97","K",0.223117353440466,0.206972728777165,-0.0161446246633012,0.699778203819759,0.711992044041102,0.548765574486431
"R97","L",-0.449175298456487,-0.132984221294864,0.316191077161626,-0.726053471483601,0.346032892501833,1.09898331642966
"R97","M",-0.384851745569899,-1.05036051772093,-0.665508772151028,-0.589632883046461,-0.641510533250127,-0.526327089249722
"R97","N",-0.69711471381725,-1.04975755345018,-0.352642839632928,-1.25189570846191,-0.640861450203333,-0.00834365871310266
"R97","P",-0.53063163989574,-1.01804916347323,-0.48741752357749,-0.898810129541222,-0.606727788602411,-0.231477742303536
"R97","Q",-0.282899541623683,-0.751275299685833,-0.46837575806215,-0.373407580950219,-0.319549259603949,-0.199952037520901
"R97","S",-0.280937210797566,-0.0975147674231867,0.183422443374379,-0.369245772188205,0.384215289542664,0.879170466103425
"R97","T",-0.193179928109966,-0.406752946182332,-0.213573018072365,-0.183125764716058,0.0513244882271802,0.221901490307359
"R97","V",-0.755185868437701,-1.40623463466842,-0.65104876623071,-1.37505589985423,-1.02460430399168,-0.502386983620763
"R97","W",-0.267278432362488,-0.843282422295532,-0.576003989933044,-0.340277555915525,-0.418593707786818,-0.378142230100756
"R97","Y",-0.0784765868510906,-0.597269049449382,-0.518792462598293,0.0601427832422857,-0.153763572162247,-0.283422351344448
"S106","A",-0.125611541729766,-0.0903035268347008,0.0353080148950653,-0.0398233721074404,0.391978094470607,0.633950990917365
"S106","C",-0.118353318070133,-0.270294115373366,-0.151940797303233,-0.0244297705692704,0.198220611198954,0.323940305747063
"S106","D",-0.42952907620227,-1.54906006025958,-1.11953098405731,-0.684386786727979,-1.17835398187443,-1.27801002567629
"S106","E",-0.430422520905404,-1.20968708261645,-0.779264561711046,-0.686281648666848,-0.813023468915888,-0.71466211711758
"S106","F",-0.284698308236415,-1.23218856357429,-0.94749025533787,-0.377222494597831,-0.837246014970504,-0.993177969540033
"S106","G",-0.340979080250072,-0.598067403348837,-0.257088323098766,-0.496585553559094,-0.15462298955498,0.149857190702709
"S106","H",-0.600526690762692,-1.06843761280598,-0.467910922043293,-1.04704702785008,-0.66097028654601,-0.199182451156075
"S106","I",-0.505012396978739,-1.40041659147711,-0.895404194498372,-0.844475565649617,-1.01834125759872,-0.906943855587018
"S106","K",-0.349737512810153,-1.89512363609429,-1.54538612328414,-0.515160872707584,-1.55088683512036,-1.98305932315964
"S106","L",-0.269247528006533,-1.42173815001682,-1.15249062201028,-0.344453711839673,-1.04129363280691,-1.33257827540139
"S106","M",-0.639778506187726,-1.19975572859001,-0.559977222402283,-1.13029422918161,-0.802332497919758,-0.351608180966096
"S106","N",-0.464865816131319,-1.50059602002326,-1.03573020389194,-0.759330701332176,-1.12618308482029,-1.13926875959359
"S106","P",-0.0790963555639319,-0.347440945591668,-0.268344590027731,0.0588283469478569,0.115173070842294,0.131221221896601
"S106","Q",-0.680361738638094,-1.14362530137049,-0.463263562732397,-1.2163651659242,-0.7419088368755,-0.191488244569185
"S106","R",-0.306011046685366,-1.11547818125718,-0.809467134571811,-0.42242360974051,-0.711608835087749,-0.76466574702876
"S106","T",-0.317178357953189,-0.227837286729891,0.089341071223302,-0.446107798595922,0.243924824582802,0.723408566735912
"S106","V",-0.492317720419896,-0.647874838904464,-0.155557118484566,-0.817552064560834,-0.208240033867273,0.317953094431492
"S106","W",-0.493274780055598,-0.797485281678092,-0.304210501622492,-0.819581844210943,-0.36929369282983,0.0718413214464204
"S106","Y",-0.209615952032184,-0.521116721583462,-0.311500769551273,-0.217984101272641,-0.0717866004084774,0.0597714934504865
"S122","A",-0.196751820041735,-0.175880561299302,0.0208712587424387,-0.190701210681004,0.299855550962447,0.610049377796462
"S122","C",-0.199933695893469,-0.210809457049068,-0.0108757611556012,-0.197449491156009,0.262255057576211,0.557488748571835
"S122","D",-0.282492829264172,-0.597738691307171,-0.315245862043,-0.372545005160802,-0.154269135398319,0.0535710872863246
"S122","E",-0.114198560022508,-0.820631066967803,-0.706432506945292,-0.0156181531719818,-0.394209823959191,-0.594080763702204
"S122","F",-0.613877462364242,-1.17250305436718,-0.558625592002938,-1.07536200791942,-0.77299535527964,-0.349370410476241
"S122","G",-0.198209066401642,-1.7684833355412,-1.57027426913956,-0.193791811199712,-1.41456022985087,-2.02426434368113
"S122","H",-0.13864560777448,-1.02746244191299,-0.888816834138508,-0.0674666672886551,-0.61686105809517,-0.896037767187042
"S122","I",-0.361122544979796,-1.18892590979356,-0.827803364813763,-0.539306814874321,-0.790674341505444,-0.795023361766139
"S122","K",-0.650002656531468,-1.62049595452475,-0.970493297993286,-1.15197811546541,-1.25525377536061,-1.03126199758212
"S122","L",-0.497200602466997,-1.06138863097005,-0.564188028503048,-0.827907923530706,-0.653382151014879,-0.358579626440662
"S122","M",-0.186146098087214,-1.26437842484197,-1.07823232675476,-0.168208068357423,-0.871897974035302,-1.20963562641218
"S122","N",-0.504418211381235,-1.09478324205899,-0.590365030677754,-0.843215387297915,-0.68933100729655,-0.401918488164873
"S122","P",-0.0658971698701656,-0.214694416765033,-0.148797246894867,0.0868218360887551,0.258072949926647,0.32914479385315
"S122","Q",-0.358785544311226,-2.02194982530761,-1.66316428099638,-0.534350387685878,-1.68741354706912,-2.17805381707292
"S122","R",-0.425576809000763,-1.6135779652692,-1.18800115626844,-0.676004621982803,-1.24780665160631,-1.39136981018813
"S122","T",-0.158936962515746,-1.16480484242896,-1.00586787991322,-0.110501581091861,-0.764708332147204,-1.0898284485511
"S122","V",-0.292998155055081,-0.284787735801952,0.00821041925312649,-0.394825222309978,0.182618420881462,0.589087987020022
"S122","W",-0.362976465311617,-0.977459730927205,-0.614483265615588,-0.543238701271025,-0.563033802370163,-0.441848837791114
"S122","Y",-0.454955298310638,-0.75930084796345,-0.304345549652812,-0.738311982493717,-0.328188655967789,0.0716177348083065
"S136","A",-0.353129685278599,-0.792153196423294,-0.439023511144693,-0.522355160700999,-0.36355377371546,-0.151356214287948
"S136","C",-0.384826412441456,-0.862699691843886,-0.477873279402431,-0.589579155288368,-0.439496141132038,-0.215676212555997
"S136","D",-0.309734132005349,-1.00324677618583,-0.69351264418048,-0.430319714158891,-0.590793214853278,-0.572690531844369
"S136","E",-0.588428443485167,-1.51381030295824,-0.92538185947307,-1.02138846362916,-1.14040808528008,-0.956575126138257
"S136","F",-0.417072393085366,-1.075896847659,-0.658824454573629,-0.657968033961333,-0.669000054013218,-0.51526047767693
"S136","G",-0.13652522811253,-0.047358308011864,0.0891669201006664,-0.0629696606991199,0.438208053410243,0.72312024069412
"S136","H",-0.438449005970041,-0.791791062175383,-0.35334205620534,-0.703304617182444,-0.363163940996698,-0.00950128746466162
"S136","I",-0.3283851104517,-0.836210086821911,-0.507824976370211,-0.469875636373973,-0.410980432374213,-0.265264490259791
"S136","K",-0.81164241638335,-0.876072043980324,-0.064429627596974,-1.49479175314975,-0.453891300992421,0.468824523500934
"S136","L",-0.256602045957475,-1.37129600993601,-1.11469396397854,-0.317634544912664,-0.986993337484562,-1.27000181515041
"S136","M",0.000155175961882748,-0.58485367035809,-0.585008846319971,0.22690893454162,-0.140398581102864,-0.39305074495646
"S136","N",-0.441050552213458,-0.502180834945896,-0.0611302827324369,-0.708822105776382,-0.0514023693872873,0.474286946199696
"S136","P",-0.375284184492141,-0.459512110573209,-0.0842279260810646,-0.569341523916513,-0.00547005305904914,0.436046296465992
"S136","Q",-0.207245035661956,-1.41997785824921,-1.21273282258726,-0.212955743978197,-1.03939870204701,-1.43231576189213
"S136","R",-0.0327772795628363,-0.0357869312521348,-0.00300965168929679,0.157064145817289,0.450664487144674,0.570511944589181
"S136","T",-0.0156689243639008,-0.141137409201734,-0.125468484837834,0.193348395966615,0.337256093768621,0.367768085635727
"S136","V",-0.667559710935354,-1.22102467536458,-0.553464964429223,-1.1892139891931,-0.825228237260009,-0.340826432700071
"S136","W",-0.528498504529235,-1.90634880600672,-1.37785030147748,-0.89428607001939,-1.5629705817717,-1.70568562823949
"S136","Y",-0.435058440526905,-1.63406059573971,-1.1990021552128,-0.696113737448193,-1.26985593186574,-1.40958315520358
"S145","A",-0.0671872068803996,-0.484175241423968,-0.416988034543568,0.0840858614706847,-0.0320195865765521,-0.114874096623381
"S145","C",-0.0217648627129865,-1.30843506943003,-1.28667020671704,0.18041982689138,-0.919324368082243,-1.55472710776224
"S145","D",-0.367803223487169,-0.407629526914564,-0.0398263034273931,-0.553475529944242,0.050380860685648,0.509557990879095
"S145","E",-0.357461262574633,-1.40220105935052,-1.04473979677588,-0.531541785149865,-1.02026221361613,-1.154185116233
"S145","F",1.32552228331854,1.19349427340971,-0.132028009908822,3.03781337882218,1.77396941315341,0.356908081570679
"S145","G",-0.34383213218333,-0.695895914953974,-0.352063782770642,-0.502636447922205,-0.259934085844613,-0.00738496737336997
"S145","H",0.00852303014993794,-0.532093295596884,-0.540616325746825,0.244655895663364,-0.083602736869016,-0.319554120023303
"S145","I",-0.357281206862188,-1.30969216805503,-0.95241096119284,-0.531159914044479,-0.9206776180926,-1.00132473093046
"S145","K",-0.53223468466811,-0.177875022040835,0.354359662627274,-0.90220994658061,0.297708540405388,1.16217554282229
"S145","L",0.662124841818928,1.88048300571193,1.218358163893,1.6308471079037,2.51350367929237,2.59261862130679
"S145","M",-0.617826916180091,-0.484607626741145,0.133219289438946,-1.08373820589645,-0.0324850436403912,0.796053708424066
"S145","N",-0.598134971754547,-1.05563136475547,-0.457496393000925,-1.04197455128706,-0.647184530231938,-0.181940070570336
"S145","P",0.264023355045033,0.858917312876665,0.594893957831632,0.78653368542919,1.41380174905559,1.56040611522395
"S145","Q",-0.745459105241986,-1.47785491061274,-0.732395805370759,-1.3544268969587,-1.10170258191199,-0.637065815728254
"S145","R",-0.249352561682635,-0.379990933761469,-0.130638372078833,-0.30225947829619,0.0801334399398811,0.35920877747767
"S145","T",-0.340097578380822,-0.852768436630211,-0.512670858249389,-0.494716020575996,-0.428805276506542,-0.273287372455847
"S145","V",-0.283388648009975,-0.391547824966091,-0.108159176956116,-0.374444902087376,0.0676925997135556,0.396425519203595
"S145","W",0.702139338281645,0.569891210609478,-0.132248127672163,1.71571184109225,1.10266898022709,0.356543652777618
"S171","A",-0.55146727286421,-0.665202429083703,-0.113735156219493,-0.942999375664343,-0.22689295506471,0.387193881728084
"S171","C",-0.273586523983747,-0.833135240111018,-0.559548716127271,-0.353656070196365,-0.407670400638743,-0.350898742426237
"S171","D",-0.283895303379413,-1.23787208534379,-0.953976781964375,-0.375519441980337,-0.843364250835605,-1.00391711677547
"S171","E",-0.0509435167119765,-0.257627722170254,-0.206684205458275,0.118536287041454,0.211855815623195,0.233306665557508
"S171","F",-0.420344468253136,-1.22814040926735,-0.807795941014215,-0.664907613629526,-0.832888230506467,-0.761898905125944
"S171","G",-0.162416385298267,0.158516237865534,0.320932623163801,-0.117880913888511,0.659829273734939,1.10683345928313
"S171","H",0.122525635625069,-0.627886978697298,-0.750412614322366,0.486438288338494,-0.186723367239483,-0.666894593930357
"S171","I",-0.0958747779154141,-0.00670159512450041,0.0891731827909137,0.0232438347821222,0.481974466038321,0.723130609255991
"S171","K",-0.895243177507068,-0.540473215209417,0.354769962297649,-1.67209640307166,-0.0926236092786556,1.16285483835664
"S171","L",0.0535891677670222,-0.36418258454718,-0.4177717523142,0.340234400525363,0.0971509183719945,-0.116171626258958
"S171","M",-0.33328110383078,-0.196407229811935,0.136873874018843,-0.480259302508461,0.277758864334273,0.80210426893938
"S171","N",-0.00840159294911835,-0.312768810997403,-0.304367218048283,0.208761313684645,0.152497164247309,0.0715818604332032
"S171","P",-0.217801639869423,-0.819939106760602,-0.602137466891179,-0.235344714942221,-0.393464937966208,-0.421409031115729
"S171","Q",-0.0284686938869072,-1.04706507312656,-1.01859637923965,0.166202008495341,-0.637963030816525,-1.11090185751456
"S171","R",0.0946504646738351,0.134186704348869,0.0395362396750336,0.427319240131409,0.633638853326653,0.640951274901564
"S171","T",-0.371101986519934,-0.181743275354201,0.189358711165733,-0.560471710563151,0.293544416976824,0.888998600251497
"S171","V",-0.24248288998259,-1.28408443755463,-1.04160154757204,-0.28768993706854,-0.893111235570384,-1.14898940484506
"S171","W",-0.40728462189548,-0.585153943217112,-0.177869321321632,-0.637209642279104,-0.140721820856293,0.281012826517524
"S171","Y",-0.328790606593204,-0.343115845414756,-0.0143252388215522,-0.470735632747781,0.119828983865192,0.551777764762931
"S17","A",0.00844974295223544,0.481630800844579,0.473181057892345,0.244500464531425,1.00765781876907,1.35889722947313
"S17","C",-0.571882905468652,-0.34997847777324,0.221904427695414,-0.98629786413753,0.112441451076983,0.942881558238113
"S17","D",0.128979135265105,-0.00124109899114444,-0.130220234256248,0.500125191173679,0.487852617761717,0.35990104992177
"S17","E",-0.139948170527589,-0.0111583581596566,0.128789812367936,-0.0702292071248598,0.477176819693359,0.788720229479079
"S17","F",0.143490595763437,-0.388869777005489,-0.532360372768926,0.53090181795229,0.0705754828528348,-0.305885495857602
"S17","G",-0.228702902059764,-0.271066033966031,-0.0423631319062672,-0.258464653689012,0.19738965106365,0.505357996627263
"S17","H",0.112183413306338,0.0459856245922872,-0.0661977887140495,0.464503989140865,0.538691559836325,0.465897141303094
"S17","I",-0.129229160140593,0.0834451379649828,0.212674298105583,-0.0474957970622025,0.579016229557126,0.927600079200885
"S17","K",0.214393216352823,0.984898962561722,0.770505746208899,0.681275620214015,1.54941932539428,1.85115044732238
"S17","L",0.09016498501712,-0.145108848722243,-0.235273833739363,0.417806211905639,0.332980891755522,0.185973440058603
"S17","M",-0.123970885858666,-0.647066023233531,-0.523095137374863,-0.0363437875802471,-0.207369354516187,-0.290545895359973
"S17","N",0.182311843128806,-0.592456991217992,-0.774768834346796,0.613235849139671,-0.148583455247019,-0.707218953638101
"S17","P",0.485013419979174,1.12684381059047,0.641830390611295,1.25522040039085,1.70222107320077,1.63811446228713
"S17","Q",0.00259088874079261,-0.0039312325263321,-0.00652212126712115,0.232074715280576,0.484956724661558,0.564696670848977
"S17","R",-0.178939600293695,-0.178510072770363,0.000429527523328588,-0.152924169607363,0.297024916710937,0.576205878193419
"S17","T",-0.310660808477033,-0.352045390057034,-0.0413845815800009,-0.432285055684426,0.11021644739483,0.506978092656487
"S17","V",-0.605454187855262,-0.273864227555034,0.331589960300231,-1.05749750862616,0.194377432747604,1.12447783496151
"S17","W",-0.0171671247358276,0.17174912185421,0.188916246590038,0.190170938143423,0.674074297982532,0.888266052233358
"S17","Y",0.131987370144108,0.336305532061328,0.204318161917222,0.506505205242154,0.851217092818716,0.913765590881745
"S181","A",-0.2312753009079,-0.228764841721398,0.00251045918650128,-0.263920325038143,0.242926323926686,0.579651085899247
"S181","C",-0.145040252430197,-1.71523333463645,-1.57019308220625,-0.0810287475474601,-1.35723730956217,-2.02412992992157
"S181","D",-0.472959968675056,-1.11844365298581,-0.645483684310753,-0.776497182401148,-0.714801126104283,-0.49317338787732
"S181","E",-0.416001205603468,-1.11970343179875,-0.703702226195279,-0.655696206301803,-0.716157261301439,-0.589560488267172
"S181","F",-0.24095031550417,-1.1063276673911,-0.865377351886925,-0.284439576931587,-0.701758428176312,-0.857231166132852
"S181","G",-0.382224882583115,-1.01065490510311,-0.628430022519996,-0.584061701444714,-0.598767967457946,-0.464939204096137
"S181","H",-0.1092180043624,-0.559760355161769,-0.450542350799365,-0.00505514314836221,-0.113385959838297,-0.170426900674627
"S181","I",-0.0650993876459296,-0.522241213431167,-0.457141825785238,0.088513812287067,-0.0729971009804223,-0.181353046149814
"S181","K",-0.0159065018450608,-0.0852118408180207,-0.0693053389729599,0.192844529834774,0.397459226990986,0.460752255342772
"S181","L",-0.331526461753974,-1.4220641476346,-1.09053768588062,-0.476537970370037,-1.04164456492223,-1.23000848095308
"S181","M",-0.273093331300375,-1.25839162006119,-0.985298288760818,-0.352610082637233,-0.865453258027756,-1.05577326298295
"S181","N",-0.236053437020708,-0.3150641964556,-0.0790107594348921,-0.274054033623727,0.150026212220709,0.444683880799049
"S181","P",-0.164575124352998,-0.0972145340281969,0.0673605903248031,-0.122459274985075,0.384538486813586,0.687017500412351
"S181","Q",-0.321951508552969,-0.520671734484031,-0.198720225931062,-0.456230933657649,-0.0713075776930444,0.246491896058725
"S181","R",-0.353960913650619,-0.239676140457433,0.114284773193186,-0.524118071152113,0.231180455437206,0.7647055664209
"S181","T",-0.408775050503534,-1.49656402721908,-1.08778897671555,-0.640370617359147,-1.12184269799979,-1.22545769528137
"S181","V",-0.462874405786327,-0.83691920635933,-0.374044800573001,-0.755107219281012,-0.411743790158775,-0.0437769225994113
"S181","W",-0.228029709087179,-0.917666149843527,-0.689636440756345,-0.25703691256884,-0.498666804736371,-0.566273057334022
"S181","Y",-0.41616348295056,-1.36286599442528,-0.946702511474717,-0.656040372166201,-0.977918537504394,-0.991873774272315
"S39","A",0.200247870740634,-0.119075272173498,-0.319323142914131,0.651275468085231,0.361005691905343,0.0468207072884392
"S39","C",-0.0416636922917633,-0.24833996600233,-0.206676273710565,0.138217399964911,0.221853962053785,0.233319797424746
"S39","D",0.0561703823560684,-0.496634998727236,-0.552805381083305,0.345708768736041,-0.0454323501930139,-0.33973442104673
"S39","E",-0.203170646576943,-1.27469795721619,-1.07152731063925,-0.204314577071897,-0.883006813878551,-1.19853474616815
"S39","F",0.653451137589169,1.0944467508228,0.440995613233632,1.61245148480994,1.6673460676966,1.30561074058159
"S39","G",-0.358872878711583,-0.215805532339388,0.143067346372199,-0.534535610823482,0.256876848735696,0.812358233091708
"S39","H",0.92651004262806,1.03655519513372,0.110045152505668,2.19156838416849,1.60502657519387,0.757686415277727
"S39","I",0.134423112897096,-0.521062926447565,-0.655486039344661,0.511671049551625,-0.0717286906575929,-0.509733369759045
"S39","K",0.662690337710965,0.298216693398382,-0.364473644312579,1.63204643970191,0.810214962762972,-0.0279308369803294
"S39","L",-0.255312067147303,-0.652913154686457,-0.397601087539154,-0.314898693728177,-0.213663714037291,-0.0827769065069822
"S39","M",0.00573728340784818,-0.0972464718566393,-0.102983755264486,0.238747745495372,0.384504106164517,0.40499399024398
"S39","N",-0.225214301722966,-0.527298498162088,-0.302084196439118,-0.251065856679041,-0.0784412009725773,0.0753616499282958
"S39","Q",-0.139106612372037,-0.647720349678414,-0.508613737306373,-0.0684443887553456,-0.208073728262769,-0.266570369402011
"S39","R",1.05833703275455,1.42819712851522,0.36986009576067,2.47115361784893,2.02662392632061,1.18783818836704
"S39","T",-0.510951518841159,-0.654362925824918,-0.143411406983754,-0.857071550524703,-0.215224373455034,0.338061635041406
"S39","V",-0.234440971766434,-0.820083507197987,-0.585642535431552,-0.270634237158032,-0.393620383123414,-0.394099885900853
"S39","W",1.05452234702304,0.762835469756766,-0.291686877266265,2.46306324272439,1.31037091824293,0.0925755377114499
"S39","Y",0.3637533442948,0.550688031015135,0.186934686720337,0.998046004132587,1.08199701188018,0.884985365292275
"S65","A",-1.08454360821413,-2.11778210559519,-1.03323849738106,-2.07357416649674,-1.79057572680007,-1.13514346964588
"S65","C",-0.666415659283203,-0.947190736571091,-0.280775077287888,-1.18678762757927,-0.530449631079759,0.110641204179633
"S65","D",-0.530658329836561,-1.21223146621531,-0.681573136378754,-0.898866734894452,-0.815762464141116,-0.552923383787433
"S65","E",-0.660224265797565,-1.49116816773564,-0.830943901938074,-1.17365661250543,-1.11603412677343,-0.800222861054174
"S65","F",-0.324060271482958,-1.03835328279572,-0.714293011312761,-0.460703302904584,-0.628584903976685,-0.607094679871469
"S65","G",-0.215162448560935,-0.299726525499567,-0.0845640769386282,-0.229747386822973,0.166537011745381,0.435489762320592
"S65","H",-1.08292335505604,-1.60047238865793,-0.517549033601895,-2.0701378530575,-1.23369867206339,-0.281363719993955
"S65","I",-0.330412667294,-0.683330449798504,-0.352917782504505,-0.474175779713444,-0.24640752912613,-0.0087988564096847
"S65","K",-0.407875824781001,-0.962797102384858,-0.554921277603855,-0.638463494746968,-0.547249677057956,-0.343237516860179
"S65","L",-0.615626430147289,-2.34568854646999,-1.7300621163227,-1.07907130573358,-2.03591399011608,-2.28881042760863
"S65","M",-0.857653770806513,-1.13371085880276,-0.276057087996243,-1.59237492080009,-0.731236070840556,0.118452346347949
"S65","N",-0.534097630054422,-2.31419142539878,-1.78009379534435,-0.90616097376151,-2.00200775669237,-2.37164328999975
"S65","P",0.107794398921737,-1.16169128607012,-1.26948568499185,0.45519554925941,-0.761356629988705,-1.5262762711892
"S65","Q",-0.25132608848053,-1.28970093031685,-1.03837484183632,-0.306445032031695,-0.899157315597438,-1.14364724408992
"S65","R",-0.122127567478165,-0.119081092749598,0.00304647472856701,-0.0324343863289139,0.360999426132308,0.580538517672548
"S65","T",-0.186709923513598,-0.271635685834166,-0.0849257623205659,-0.169403857349036,0.196776428376803,0.434890953005039
"S65","V",-0.505677563968883,-1.19814125117914,-0.692463687210257,-0.845886284867264,-0.800594534382504,-0.570953869991964
"S65","W",-0.733362543664185,-1.19685671066543,-0.463494167001242,-1.32877190785355,-0.799211743542616,-0.191870034907658
"S65","Y",-0.425918058982415,-1.27248371169259,-0.84656565271018,-0.676728361907169,-0.880623207916258,-0.826086361086909
"S89","A",-0.252548627315299,-0.225575982010133,0.02697264530517,-0.309037853163956,0.246359089146121,0.620150883950734
"S89","C",-0.468806049759284,-0.721341744328399,-0.252535694569113,-0.767687344676404,-0.287326183950284,0.157394560223156
"S89","D",-0.450067487856534,-1.1291013769206,-0.679033889064064,-0.727945671113285,-0.726274024680672,-0.548719384890979
"S89","E",-0.0338422059058079,0.489987984091163,0.523830189996971,0.15480559709243,1.01665421578207,1.44275235230514
"S89","F",-0.296345521383472,-0.938228736033883,-0.641883214650411,-0.401924483214284,-0.520802156268622,-0.487212420471261
"S89","G",-0.310835052926517,-0.716274538344154,-0.405439485417636,-0.432654601974452,-0.281871403860404,-0.0957542229898883
"S89","H",-0.655173884046278,-0.878697254549484,-0.223523370503205,-1.16294551183664,-0.45671730538003,0.205427604366209
"S89","I",-0.216281339711774,-0.426862527285774,-0.210581187573998,-0.232120386794906,0.0296767906676315,0.226854789673178
"S89","K",-0.0582961148069661,0.165395136547948,0.223691251354914,0.102942531509499,0.667234317005293,0.945839838295846
"S89","L",0.246649238433699,-0.341490904191147,-0.588140142624848,0.749685795265649,0.121578211558189,-0.398234945067264
"S89","M",0.0144750946813907,-0.287801141625314,-0.3022762363067,0.257279329994304,0.179374529447187,0.0750437071321306
"S89","N",-0.703121339873906,-1.12307846785564,-0.419957127981734,-1.26463485958771,-0.719790442889676,-0.119789752323913
"S89","P",-0.1250141234609,-0.20647272362327,-0.0814586001623656,-0.0385563377456188,0.266923493637368,0.44063121540586
"S89","Q",-0.2827875082279,-1.15041194479988,-0.867624436571976,-0.373169974955346,-0.749214568588566,-0.86095145815858
"S89","R",-0.107694972541472,-1.12672647382318,-1.01903150128171,-0.00182502155377429,-0.723717472969245,-1.11162224917316
"S89","T",-0.705647549523391,-1.11946295708726,-0.41381540756387,-1.26999257058832,-0.715898393461366,-0.109621469104845
"S89","V",-0.143100373299584,-1.50925471261156,-1.36615433931197,-0.076914555457327,-1.13550405264395,-1.68632169635609
"S89","W",-0.0323484564899967,-1.13263599821599,-1.10028754172599,0.157973615106638,-0.730078997663281,-1.24615042308586
"S89","Y",0.0191305970878446,-0.847456502540959,-0.866587099628804,0.267152950919423,-0.423087049854834,-0.859234034519252
"T124","A",-0.229977718068062,-0.0513375604071964,0.178640157660869,-0.261168346849552,0.433924440940935,0.871252874246258
"T124","C",-0.651769758383809,-1.19843292278534,-0.546663164401529,-1.15572587291516,-0.800908515001256,-0.329565316209017
"T124","D",-0.318344467978667,-0.919830074099636,-0.601485606120969,-0.448580942704405,-0.500996240521088,-0.420329805022724
"T124","E",-0.829603214802965,-1.51586222581074,-0.686259011007776,-1.5328839072558,-1.14261695303809,-0.560681356654181
"T124","F",-0.610298621304763,-1.58013834494166,-0.969839723636891,-1.06777182389899,-1.21180934347577,-1.03017993446163
"T124","G",-0.398898469825028,-2.07370565248231,-1.67480718265728,-0.6194238740988,-1.74312800913867,-2.19732990154518
"T124","H",-0.619819428794593,-1.09954768180439,-0.479728253009795,-1.08796402569558,-0.694459863542664,-0.218747322232158
"T124","I",-0.378597647737404,-0.82862613857916,-0.450028490841758,-0.576368881476824,-0.402816412595689,-0.169576149870554
"T124","K",-0.352373767867315,-1.18092339377117,-0.828549625903857,-0.520751973479063,-0.782059739059129,-0.796258877811021
"T124","L",-0.605559784164489,-1.73884014127142,-1.13328035710693,-1.05772146252788,-1.38264972406011,-1.30077360163564
"T124","M",-0.232091553780057,-1.0925869561168,-0.860495402336747,-0.265651474704729,-0.686966734585638,-0.849148570001803
"T124","N",-0.741693218174296,-1.61265764977598,-0.870964431601686,-1.34644001646614,-1.24681594417417,-0.866481181607662
"T124","P",-0.255328766884798,-0.408043161794138,-0.15271439490934,-0.314934111361588,0.0499355882194015,0.322659531139738
"T124","Q",-0.431129747701117,-1.59299475640212,-1.161865008701,-0.687781570410906,-1.22564910003587,-1.34809858769028
"T124","R",0.0480532999801984,0.196883382053965,0.148830082073765,0.328493656939257,0.701130996000679,0.8218990660739
"T124","S",-0.549852491654224,-0.870352353572271,-0.320499861918044,-0.93957466740465,-0.447734130067234,0.0448725215543168
"T124","V",-0.230126748231836,-0.602306572916644,-0.372179824684808,-0.261484417429061,-0.159186399415956,-0.0406892530642238
"T124","W",-0.373139952136771,-0.112994129322246,0.260145822814525,-0.564793929349073,0.367551961595555,1.00619432889638
"T124","Y",-0.538563658816589,-1.09264333014527,-0.554079671328678,-0.915632749563232,-0.687027420480193,-0.341844146536767
"T127","A",-0.290087859865098,-0.337090439728366,-0.0470025798632676,-0.388652923602486,0.126315253236075,0.497676888143443
"T127","C",-0.43173564506206,-1.081146700393,-0.649411055330946,-0.689066587652695,-0.674651450908728,-0.499675575883718
"T127","D",-0.288130031214553,-1.03364738787707,-0.745517356662523,-0.384500663278226,-0.623519070460718,-0.658789964782664
"T127","E",-0.353126823901388,-0.665712578809407,-0.312585754908019,-0.522349092149971,-0.22744212448377,0.0579751827027933
"T127","F",-0.316114523695264,-0.490877719657608,-0.174763195962344,-0.443851566019317,-0.0392347155717782,0.286155353402223
"T127","G",-0.630367545827443,-1.38629963946496,-0.75593209363752,-1.11033499663779,-1.0031445458398,-0.676032689623387
"T127","H",-0.280429165921872,-1.30107948238964,-1.02065031646776,-0.368168285361305,-0.911406176111744,-1.11430237301
"T127","I",-0.243247765907798,-0.888876495133488,-0.645628729225688,-0.289312123952126,-0.467675122970307,-0.493413525440446
"T127","K",-0.3516209828688,-0.68995644118616,-0.338335458317358,-0.519155429633839,-0.253540321045281,0.0153437603554648
"T127","L",-0.416789876377198,-1.22990675086225,-0.813116874485056,-0.657368858482958,-0.834789673825279,-0.770708286673818
"T127","M",-0.0556273129246367,-0.938652201307455,-0.883024888382819,0.10860265920567,-0.521258011023731,-0.886448573797185
"T127","N",-0.291060065306723,-0.320734669781709,-0.0296746044749856,-0.390714825230684,0.143922022831996,0.526365227789873
"T127","P",-0.123933887831264,-0.273094370231629,-0.14916048240036,-0.0362653203245875,0.195206173953866,0.328543418140194
"T127","Q",-0.349956484597389,-1.06989298592361,-0.719936501326217,-0.515625278958876,-0.662536976420079,-0.61643808870426
"T127","R",-0.148258246904867,-0.00191411503803351,0.146344131866831,-0.0878536301934148,0.487128124906255,0.817783306310711
"T127","S",-0.195772129048205,-1.63458451970415,-1.43881239065595,-0.188623433322226,-1.27041992907027,-1.80661496826444
"T127","V",-0.253617411245445,-0.256513447482801,-0.00289603623735424,-0.311304583251452,0.213055317557529,0.570700047272927
"T127","W",-0.271989404397095,-0.0986459840682752,0.173343420328818,-0.350268819585384,0.382997549815454,0.862483552026273
"T127","Y",-0.241883746057054,-0.675681848375101,-0.433798102318047,-0.286419242848271,-0.238173911055437,-0.142704984132598
"T144","A",-0.147645133932734,-0.0543594822670332,0.0932856516657026,-0.0865533097247331,0.430671382106251,0.729939246804328
"T144","C",-0.35705462367088,-1.35287192318749,-0.995817299516607,-0.530679365149073,-0.967160052261397,-1.07318862435925
"T144","D",0.816084772067006,2.14201930698857,1.32593453492157,1.95737298120575,2.79504404165778,2.77072295264634
"T144","E",1.14530372290031,1.74618665943408,0.600882936533765,2.65559689735859,2.36893544226043,1.57032151799271
"T144","F",0.0145256311104358,0.161836323538779,0.147310692428345,0.257386510165151,0.663403301963399,0.819383551986054
"T144","G",-0.143982153051846,-0.687456946764458,-0.543474793712608,-0.0787846777885311,-0.250849648424382,-0.324286623275026
"T144","H",0.506229776673573,0.911454288357785,0.40522451168421,1.30021710431741,1.47035710692498,1.24638780842815
"T144","I",-0.457376477595865,-1.61921968015519,-1.16184320255932,-0.74344693987682,-1.25387988291535,-1.34806248526141
"T144","K",0.932394637104361,1.88520661790139,0.952811980797035,2.20404872465258,2.51858858521558,2.15297816004311
"T144","L",-0.151633075296957,-0.259610112368675,-0.107977037071716,-0.0950111340075315,0.209721798845835,0.396727071505566
"T144","M",-0.384023761927168,-0.902081841618321,-0.518058079691151,-0.587876854178515,-0.481890503459947,-0.282206500917694
"T144","N",-0.266013116927246,-0.221876357437278,0.044136759489966,-0.337594012042588,0.250341685970245,0.648567933630787
"T144","P",0.487018824654367,0.608195847696168,0.121177023041801,1.25947356231315,1.14390341442617,0.776116432385013
"T144","Q",0.887420991773693,1.46508570775737,0.577664715983682,2.10866638202933,2.06633399301608,1.53188123964508
"T144","R",0.324110234312398,1.26637353700583,0.942263302693437,0.913968925852834,1.85242297459638,2.13551368115993
"T144","S",-0.222303202646883,-0.357980176793138,-0.135676974146257,-0.244891853049946,0.10382772812302,0.350866826140919
"T144","V",-0.548818315964743,-1.61918968930212,-1.07037137333737,-0.937381336194305,-1.25384759815947,-1.19662096679214
"T144","W",-0.497580219547451,0.279635629564321,0.777215849111773,-0.828713034305413,0.790212693787535,1.8622597492937
"T144","Y",-0.0161873051358636,-0.447680190405434,-0.43149288526957,0.192248988257119,0.00726685220134377,-0.138888447684251
"T148","A",-0.0906675777801684,-0.2420280263665,-0.151360448586331,0.0342875236749397,0.228648681424006,0.324901135892004
"T148","C",-0.30758066138392,-0.380823152419667,-0.0732424910357459,-0.425752526617564,0.0792375675831465,0.454233873761204
"T148","D",0.234621207131918,-1.225580260712,-1.46020146784392,0.724176148576473,-0.830132264514501,-1.842026901704
"T148","E",-0.375347735098812,-0.250240122316681,0.125107612782131,-0.569476305202193,0.219808468962838,0.782623949331142
"T148","F",-0.182078943927715,0.097072810304379,0.279151754232096,-0.159582245640795,0.593686238232413,1.0376607064498
"T148","G",-0.015065790918678,-0.42645908944005,-0.411393298521366,0.194627551358552,0.0301110861620724,-0.105611405302525
"T148","H",-0.203685792989649,-1.5282751180215,-1.32458932503185,-0.205407125191503,-1.15597926700353,-1.61750631427266
"T148","I",-0.247560949860803,-0.528621286330607,-0.281060336469803,-0.298459738884779,-0.0798651649059953,0.110168926714167
"T148","K",-0.175888781084069,0.091842689018053,0.267731470102122,-0.146453840573667,0.588056081978847,1.01875318940652
"T148","L",-0.638270418456875,-1.44237140793646,-0.804100989479585,-1.12709580175612,-1.06350506151918,-0.755781512745859
"T148","M",0.198093270582035,-1.20014822984046,-1.3982415004225,0.646705884965326,-0.802755020314324,-1.73944546619079
"T148","N",0.0513643502156977,-0.988194222207015,-1.03955857242271,0.335515896868513,-0.574589339976123,-1.14560703825808
"T148","P",0.107576311928131,0.135835446179232,0.0282591342510994,0.454733019522431,0.63541370205741,0.622280805710501
"T148","Q",-0.206007258149855,-0.740331392558288,-0.534324134408433,-0.210330603901548,-0.307768288613144,-0.309136715901284
"T148","R",-0.193408005072834,0.037311023764671,0.230719028837504,-0.183609481676442,0.529353467003854,0.957475084933857
"T148","S",-0.499639943764873,-0.326410990154942,0.173228953609932,-0.833081399813056,0.13781153917454,0.862294039977923
"T148","V",-0.114277513722856,-0.447685594269467,-0.33340808054661,-0.0157856021044074,0.00726103501332527,0.0235015678249453
"T148","W",-0.155468287331166,-0.0591432905609928,0.0963249967701731,-0.103145042335178,0.425521675874292,0.734971211745757
"T148","Y",-0.340183467941644,-0.363491426919694,-0.0233079589780498,-0.494898179426092,0.0978949403985512,0.536905898833763
"T158","A",-0.393089963582934,-0.0801713932162347,0.312918570366705,-0.607104905324106,0.402885202036759,1.09356532706135
"T158","C",-0.251164562561044,-1.24128355763313,-0.990118995072086,-0.306102459832317,-0.847036655545207,-1.06375446430015
"T158","D",-0.357436093622495,-1.1387499558515,-0.781313862229007,-0.53148840558504,-0.736660592033874,-0.718054956037274
"T158","E",-0.0921367838720766,-0.216550161724109,-0.124413377852035,0.031171558362095,0.2560752650711,0.369514929504884
"T158","F",-0.461552879215624,-1.35051410087119,-0.88896122165556,-0.752304460037778,-0.96462188778448,-0.896276816356784
"T158","G",-0.465237580547775,-0.73413184920433,-0.268894268656551,-0.760119157786726,-0.301094562350849,0.130311169403646
"T158","H",-0.293885227473716,0.0370457085921601,0.330930936065876,-0.39670656959112,0.529067858736683,1.1233867489779
"T158","I",-0.433660762645637,-0.0995463230790641,0.334114439566575,-0.693149472720086,0.382028346801907,1.12865738375474
"T158","K",-0.382589741020597,-0.878690986764665,-0.496101245744068,-0.584835511355764,-0.456710558192735,-0.245854584682854
"T158","L",-0.338807796572519,-1.35342057457443,-1.01461277800191,-0.491980587202866,-0.967750668208541,-1.10430657429402
"T158","M",-0.189042289967382,-0.452995172558682,-0.263952882591296,-0.174350456064396,0.00154534434913825,0.138492169121595
"T158","N",-0.671886265598467,-0.661109743802573,0.0107765217958935,-1.19838996139239,-0.222487233597088,0.593336447654623
"T158","P",-0.0642775554525699,-0.078266766843635,-0.0139892113910687,0.0902567948554024,0.404935507086172,0.552334094561434
"T158","Q",-0.47976516177876,-0.872517592883643,-0.392752431104881,-0.790929974216496,-0.450064981491514,-0.0747494307345188
"T158","R",-0.0648741531202024,0.0785313033346302,0.143405456454833,0.0889915008654675,0.573726551697188,0.81291801094637
"T158","S",-0.556297965865612,-0.464084503195107,0.0922134626705056,-0.953244549511819,-0.0103921731217788,0.728164121818857
"T158","V",-0.486245338085366,-1.58962242339067,-1.1033770853053,-0.80467345425222,-1.22201882824023,-1.25126549703822
"T158","W",-0.158038456435726,-0.0604554842168596,0.0975829722188681,-0.108595984733296,0.424109116793342,0.737053926323216
"T158","Y",-0.187785022136746,-0.385053890113586,-0.19726886797684,-0.171683979951347,0.0746832345226709,0.248894776314859
"T183","A",-0.259116902549598,-0.352265864439433,-0.0931489618898329,-0.322968177784862,0.109979109643972,0.421276555654092
"T183","C",-0.475989091811035,-0.701796308740244,-0.22580721692921,-0.782921497323358,-0.266285781561713,0.20164644929752
"T183","D",-0.297499650003756,-1.41948659955268,-1.12198694954892,-0.404372216563045,-1.0388698685705,-1.28207614249631
"T183","E",-0.297296248850882,-1.14466453611089,-0.847368287260007,-0.403940833287113,-0.743027559301284,-0.827415209498881
"T183","F",-0.450068306681802,-1.11130644121924,-0.661238134537438,-0.727947407718614,-0.707118012222081,-0.519256586226711
"T183","G",-0.149461561377967,-1.58350872639384,-1.43404716501587,-0.0904056793438202,-1.21543751444372,-1.79872562120622
"T183","H",-0.261415628536916,-0.869783206808481,-0.608367578271563,-0.327843430126699,-0.447121451118522,-0.431723655144825
"T183","I",-0.317310207229021,-1.04211674539802,-0.724806538169,-0.446387431094234,-0.632636221593503,-0.624500962058228
"T183","K",0.0335499904534178,-0.546529628108081,-0.580079618561502,0.297734317146291,-0.0991432575026347,-0.38488987463198
"T183","L",-0.532359341216802,-0.707282323615154,-0.174922982398353,-0.902474324385659,-0.27219140387221,0.285890809654646
"T183","M",-0.27335614579725,-0.168091644005012,0.105264501792238,-0.353167472686515,0.30824021720864,0.749771530340241
"T183","N",-0.471586585252851,-0.483451999904576,-0.011865414651723,-0.773584442569482,-0.0312410266655441,0.555850270042588
"T183","P",-0.113216023692598,-0.213474260683867,-0.100258236991261,-0.0135343412823677,0.259386431778141,0.409506380882976
"T183","Q",-0.570400083444628,-0.951481394819522,-0.381081311374894,-0.983153021479018,-0.535068467823083,-0.0554266281932329
"T183","R",0.0381262546103009,-0.268196158697434,-0.306322413307733,0.307439885652846,0.200479033757833,0.0683448229593316
"T183","S",-0.422320623018846,-0.153483830808872,0.268836792209974,-0.669098740889807,0.323965334527085,1.02058316984787
"T183","V",-0.530997446688154,-1.09479951769156,-0.563802071003414,-0.899585950770554,-0.689348527799324,-0.357940632005911
"T183","W",-0.45206615874274,-2.19619550061667,-1.74412934187393,-0.732184551681171,-1.87498670738245,-2.31210024280363
"T183","Y",-0.294752278207806,-1.08214693094434,-0.787394652736529,-0.398545453888416,-0.675728185841876,-0.728122363191865
"T20","A",-0.117846133663733,-0.147015281857932,-0.0291691481941996,-0.0233541086684228,0.330928641749587,0.527202065396961
"T20","C",-0.388174511801381,-1.20497541195488,-0.816800900153499,-0.59667997084239,-0.807951417889204,-0.776807590099303
"T20","D",0.539542714251136,0.363410156786736,-0.176132557464395,1.37086883829289,0.880394862136859,0.283888227151791
"T20","E",0.568498165381468,0.760265318738032,0.191767153356563,1.43227899840372,1.30760418473169,0.892986037100932
"T20","F",0.843636337874607,1.50657032575984,0.662933987885232,2.01580571153805,2.11099163452891,1.6730537528153
"T20","G",0.160600457272725,-0.813199479080023,-0.973799936352744,0.56718926275949,-0.386209818083668,-1.03673649545151
"T20","H",0.985353370929012,1.65354191070438,0.668188539775368,2.31636623988659,2.2692045980094,1.68175323246806
"T20","I",-0.277796246245867,-1.87465343143769,-1.59685718519183,-0.362584258431984,-1.52885093108493,-2.06827523978477
"T20","K",0.848359740690334,1.69679993780534,0.848440197114998,2.02582333902644,2.315771290915,1.98017937007028
"T20","L",-0.559124510489269,-1.34899969949823,-0.789875189008962,-0.959239225855071,-0.962991654775802,-0.732229159600231
"T20","M",0.0574033897930715,-0.246502938012592,-0.30390632780566,0.348323792200306,0.223831498339883,0.0723449141381986
"T20","N",-0.216269689907481,-0.750567467795291,-0.534297777887808,-0.232095679310858,-0.318787287954185,-0.309093079827326
"T20","P",0.432089233281067,0.659661525498167,0.227572292217104,1.14297615442013,1.19930553454115,0.952265321708724
"T20","Q",0.0889293577069488,-0.146010936063627,-0.234940293770576,0.415185632084127,0.332009806687259,0.186525651594908
"T20","R",0.611646850663135,1.0972970603337,0.48565020967057,1.52379087503765,1.67041438811191,1.37954126048662
"T20","S",-0.698135113021973,-0.19643350898221,0.501701604039766,-1.25405982181856,0.277730575155732,1.40611608201907
"T20","V",-0.826277848784652,-1.32046909683134,-0.494191248046683,-1.52583130570273,-0.932278839101143,-0.24269237666728
"T20","W",0.573817927337799,1.06437676378653,0.490558836448736,1.44356141400205,1.6349761251487,1.38766802365739
"T20","Y",1.15525702329423,2.1850806195001,1.02982359620586,2.67670635160507,2.84139897391478,2.28047922869437
"T2","A",-0.224269789511569,-0.431951166310968,-0.207681376799398,-0.249062688230121,0.0241989381932074,0.231655740421779
"T2","C",0.0116980293041067,-0.967669144578881,-0.979367173882988,0.251389591696337,-0.552494365914032,-1.04595366004121
"T2","D",-0.300159781684986,-1.32476324838399,-1.024603466699,-0.410013956065736,-0.936901436340165,-1.12084724129184
"T2","E",-0.684596825260623,-1.48165196921864,-0.797055143958019,-1.22534714815622,-1.10579006518146,-0.744116352512793
"T2","F",-0.571330113517469,-1.42635783850363,-0.85502772498616,-0.985125475488591,-1.04626666624144,-0.840096238070582
"T2","G",-0.540585392629373,-2.7145546597096,-2.17396926708023,-0.919920543132246,-2.43299347269219,-3.02374678497575
"T2","H",-0.703370039419877,-0.915637756220393,-0.21226771680052,-1.26516231394748,-0.49648326588196,0.224062557909806
"T2","I",-0.134290716990987,-0.77451445791487,-0.640223740923885,-0.0582305984366903,-0.34456590546509,-0.484464982017885
"T2","K",-0.298605448951136,-1.03346742449987,-0.73486197554873,-0.40671744993908,-0.623325342270082,-0.64114882751158
"T2","L",-0.469830254522195,-1.49070383531636,-1.02087358079416,-0.769859529050033,-1.11553427907756,-1.11467201127894
"T2","M",-0.569681044358628,-1.00387652074859,-0.434195476389963,-0.981628047642538,-0.591471126529525,-0.143362879939025
"T2","N",-0.343163091384897,-2.33131651253473,-1.98815342114983,-0.501217512939374,-2.02044268604735,-2.7161085306333
"T2","P",-0.389379644059401,-0.70720232620377,-0.317822682144369,-0.599235875241415,-0.272105287719006,0.0493048825728862
"T2","Q",-0.501111436994425,-1.57430311646983,-1.0731916794754,-0.836202215801107,-1.20552779735607,-1.2012902890056
"T2","R",-0.252977431858143,-1.25140731295613,-0.998429881097982,-0.30994728315397,-0.857934743987324,-1.07751403607533
"T2","S",-0.254246020137032,-0.325536984261497,-0.0712909641244668,-0.312637768236402,0.138752394936241,0.457464837887444
"T2","V",-0.582152598770081,-2.19657565317522,-1.61442305440513,-1.0080783401899,-1.87539593657383,-2.0973574384193
"T2","W",-0.4516367176559,-0.818997209353755,-0.367360491697854,-0.731273771677007,-0.392450997890049,-0.0327103254341383
"T2","Y",-0.399338982117603,-0.203038481982269,0.196300500135338,-0.620358134466428,0.270620409252287,0.900491483594842
"T35","A",0.571654287514932,0.776358633896301,0.204704346381369,1.43897265911281,1.32492842522604,0.914404961080824
"T35","C",0.929395046640765,0.942470839184399,0.0130757925436313,2.19768704409001,1.50374601284903,0.597143139358192
"T35","D",0.557860003559501,1.37098677066127,0.813126767101771,1.40971705599669,1.96503773425996,1.9217141627048
"T35","E",0.690103228077135,1.37290967479954,0.682806446722408,1.69018506026457,1.96710771508189,1.70595476034536
"T35","F",0.556975762933739,1.75151865802814,1.1945428950944,1.40784171452264,2.37467526808567,2.5531898649313
"T35","G",0.714045747636,1.67923387653016,0.965188128894168,1.74096354590959,2.29686165874309,2.17346821339147
"T35","H",0.754488207043298,1.76779266116017,1.01330445411687,1.82673592418472,2.39219401678924,2.25313000016089
"T35","I",0.808965206307301,1.34920145036847,0.540236244061166,1.94227345223433,1.94158612567047,1.46991435136763
"T35","K",0.715268756451005,1.61255599689574,0.897287240444728,1.74355736379929,2.22508380495224,2.06105093979301
"T35","L",1.0544530903499,2.26388712781866,1.20943403746877,2.4629163597293,2.92623313575181,2.57784376364632
"T35","M",1.17636469101102,1.86205316829972,0.685688477288704,2.72147254254507,2.49366420355596,1.71072627403375
"T35","N",1.09033307516585,1.74694532439585,0.656612249230001,2.53901241509393,2.36975213503772,1.66258742991067
"T35","P",0.213516887923037,0.704042281630835,0.490525393707802,0.679417059318499,1.24708083037064,1.38761265557837
"T35","Q",0.709799252377557,1.86519725153959,1.15539799916204,1.73195736767541,2.49704876749732,2.48838125083947
"T35","R",0.302851887563365,0.987022489036498,0.684170601473131,0.868883167331114,1.55170527350275,1.70821326625514
"T35","S",1.04977283404073,1.58504307837843,0.535270244337701,2.45299023949681,2.19546651277796,1.46169260107318
"T35","V",1.09664597573707,1.47345254761117,0.3768065718741,2.5524011284349,2.07534078523877,1.19933883178455
"T35","W",0.883850545344066,1.6760483702618,0.79219782491773,2.10109400175718,2.29343250346049,1.88706403259079
"T35","Y",0.977376145447533,1.58684085759127,0.609464712143737,2.29944774354361,2.19740179827585,1.5845295768081
"T50","A",-0.146030081210233,-0.293568363390264,-0.147538282180031,-0.0831280256278008,0.173166191646202,0.33122914626783
"T50","C",-0.719728212343918,-2.21010328799939,-1.49037507565547,-1.29985554023721,-1.88995825618971,-1.89198257683968
"T50","D",0.175384127226524,-0.222040235125359,-0.397424362351884,0.598543204882582,0.250165273810783,-0.0824843188224505
"T50","E",0.0834434873905572,-0.649135461000888,-0.732578948391451,0.403550925618651,-0.209597076847926,-0.637369028830983
"T50","F",-0.69413105137466,-1.38069240315329,-0.686561351778634,-1.24556780883806,-0.997108430259094,-0.561181914539854
"T50","G",-0.565412811358589,-0.889195243413642,-0.323782432055053,-0.972575766925415,-0.468018251269743,0.0394378712334601
"T50","H",-0.092828995462428,-1.24001784944344,-1.14718885398102,0.0297034816119621,-0.845674137452565,-1.3238006243174
"T50","I",-0.771774544794098,-1.21508197681814,-0.443307432024033,-1.41023798928146,-0.818831001029216,-0.158448709195811
"T50","K",-0.207237370006544,-0.707064317923553,-0.499826947917009,-0.212939486275146,-0.27195672363428,-0.252022888074551
"T50","L",-0.588577741768725,-1.6206484260273,-1.03207068425857,-1.02170510285044,-1.2554179089125,-1.13321002856285
"T50","M",-0.639668268578534,-1.0593700813933,-0.419701812814766,-1.13006043178021,-0.651209209145949,-0.119367050417734
"T50","N",-0.206547786166791,-0.793117711395166,-0.586569925228373,-0.211476982589106,-0.364592061300634,-0.395635280133571
"T50","P",-0.287924227166734,-0.481037519717631,-0.193113292550898,-0.384064183823246,-0.028641870741727,0.255774781426501
"T50","Q",-0.300855007068279,-1.36978109935538,-1.0689260922871,-0.411488424617752,-0.985362556320571,-1.19422814750855
"T50","R",-0.511627042089891,-1.17556681614782,-0.663939774057933,-0.858504233810366,-0.776293454234598,-0.523729443004809
"T50","S",-0.23306294420513,-0.421486527656997,-0.188423583451868,-0.26771164780531,0.0354639830236219,0.263539102673569
"T50","V",-0.47183676831049,-1.03937431661821,-0.567537548307719,-0.774115043234535,-0.629684033355543,-0.364125119186099
"T50","W",-0.470427380633236,-0.661458892570549,-0.191031511937309,-0.771125943789016,-0.222863087618788,0.259221394661673
"T50","Y",-0.289189630229888,-0.847685719661186,-0.558496089431298,-0.386747913541816,-0.423333799047103,-0.34915600494547
"T58","A",-0.163576188901132,-0.370007303222264,-0.206431114321129,-0.12034068302243,0.0908806859092159,0.233725685341485
"T58","C",-0.433547594186225,-1.36780394431888,-0.934256350132655,-0.692909459425846,-0.983234175125638,-0.971267806415458
"T58","D",0.964082412792129,1.68289222345723,0.718809810665096,2.27125373450661,2.30079982072854,1.76556222804181
"T58","E",0.952297480339563,0.910253474981664,-0.0420440053578961,2.24625966394111,1.46906444723913,0.505886345185286
"T58","F",-0.123804007306013,-1.50678958130577,-1.38298557399975,-0.0359898632503738,-1.13285037146194,-1.71418762798237
"T58","G",0.469500008551339,-0.0624668298738431,-0.531966838425182,1.22231878627472,0.421943929848566,-0.305233957136958
"T58","H",0.795487323991139,0.757178959333439,-0.0383083646577003,1.91368888944286,1.30428175973402,0.512071102885065
"T58","I",-1.00318108482645,-1.60180507871873,-0.598623993892275,-1.90101648242652,-1.23513329525262,-0.41559209610327
"T58","K",1.06171642309078,1.12594825917442,0.0642318360836391,2.47832079686095,1.70125702396951,0.681837508963297
"T58","L",-0.757013037035795,-0.315458824384212,0.441554212651583,-1.37893104984424,0.149601400485288,1.30653556240696
"T58","M",-0.633984480685074,-1.40337780217305,-0.769393321487979,-1.11800597187895,-1.02152896167003,-0.698319210003206
"T58","N",0.363305199921214,0.975610948252513,0.612305748331298,0.997095557268169,1.53942090107801,1.58923321986335
"T58","P",0.4593503149068,0.784950031792867,0.325599716886067,1.20079281145977,1.33417695120587,1.11456033832503
"T58","Q",-0.284844555375795,-1.32220057127545,-1.03735601589966,-0.377532662800863,-0.934142748394208,-1.14196046742636
"T58","R",0.249385349172066,0.261908059034134,0.0125227098620702,0.755488674929576,0.771129199042964,0.596227451087309
"T58","S",-0.356922251749394,-1.89790741925537,-1.54098516750597,-0.530398624197877,-1.55388354080171,-1.97577306430343
"T58","V",-0.480161539760417,-1.52425788093863,-1.04409634117822,-0.791770632343644,-1.15165476452148,-1.15311980581332
"T58","W",0.450129307954162,0.86658683633077,0.416457528376613,1.18123644154532,1.42205788941507,1.26498528394994
"T58","Y",-0.0709699555374357,-0.668593270684138,-0.597623315146704,0.0760632200812619,-0.23054315111111,-0.413935364079671
"T74","A",-0.11758205710893,-0.168130952340066,-0.0505488952311346,-0.0227940419839504,0.30819790230688,0.49180557903277
"T74","C",-0.562155717566634,-1.07962968925763,-0.517473971690997,-0.965667960503763,-0.673018408525393,-0.281239446872248
"T74","D",-0.185285916496765,-0.997646315003232,-0.812360398506465,-0.166383752481421,-0.584764392609233,-0.769455858774893
"T74","E",-0.463194155551111,-1.34864285210432,-0.885448696553208,-0.755785360476687,-0.962607513285306,-0.890461450689713
"T74","F",-0.717802926027426,-0.00098973566081817,0.716813190366604,-1.29577229731267,0.488123207055669,1.76225660693002
"T74","G",-0.594701222159527,-1.1949682984244,-0.600267076264869,-1.03469208445684,-0.797178892790962,-0.418312396895243
"T74","H",-0.615655706046249,-1.47988236018979,-0.864226654143541,-1.07913339551538,-1.10388510451329,-0.855326061413295
"T74","I",-0.24924887259121,-0.510862454734845,-0.261613582143639,-0.30203956931679,-0.0607480180386148,0.142365134328068
"T74","K",0.25646635931496,-0.870812291107784,-1.12727865042274,0.770506433232296,-0.448229246728982,-1.29083712631431
"T74","L",-0.447799025881736,-1.28032101190135,-0.832521986019614,-0.723134604193599,-0.889059957728688,-0.80283555013685
"T74","M",-0.255780494933923,-1.49462115563006,-1.23884066069614,-0.315892158663233,-1.11975122248173,-1.47554011501581
"T74","N",-0.29854216892466,-1.20409946389743,-0.905557294972773,-0.406583242513328,-0.807008471413694,-0.923753412869222
"T74","P",-0.158060364868099,-0.257570836502834,-0.0995104716347353,-0.108642449225724,0.211917052290306,0.410744387403827
"T74","Q",-0.56825986192975,-0.711678244743521,-0.143418382813769,-0.978613933301468,-0.276923554710809,0.338050085799426
"T74","R",-0.180338906713892,-1.04690094649696,-0.866562039783069,-0.155891888221782,-0.637786350674822,-0.859192545230988
"T74","S",-0.203733952089067,-0.364575692024269,-0.160841739935197,-0.2055092634035,0.0967277433824881,0.309203831365188
"T74","V",-0.966211721110923,-1.120515855904,-0.154304134793072,-1.82261001813946,-0.717031825084245,0.320027544614363
"T74","W",-0.733462049235975,-0.860707450792873,-0.127245401556896,-1.32898294421655,-0.437351520042408,0.364826207590681
"T74","Y",-0.473987174080865,-1.53950118647103,-1.06551401239016,-0.778675730687392,-1.16806398091816,-1.18857907975593
"T87","A",-0.431716389998902,-0.471720717948967,-0.0400043279500668,-0.689025750557595,-0.0186124571068611,0.509263252004102
"T87","C",-0.367622047453665,-1.46741440506234,-1.09979235760868,-0.553091282806263,-1.09046351604775,-1.24533059215774
"T87","D",-0.00810247406143993,-0.218403876232205,-0.210301402170769,0.209395699890608,0.254079765969125,0.227318004705292
"T87","E",-0.578261569219398,-1.01402136969284,-0.43575980047344,-0.999826051298674,-0.602391921975376,-0.14595278785488
"T87","F",-0.572207858714975,-0.795970087996348,-0.223762229281373,-0.986987041135514,-0.367662606911242,0.205032147793697
"T87","G",-0.610067161308322,-1.34211644365764,-0.732049282349312,-1.06728093203284,-0.95558192108241,-0.636492109342377
"T87","H",-0.465682197515166,-1.56528185366203,-1.09959965614686,-0.761062123552742,-1.195816527496,-1.24501155402067
"T87","I",-0.00687188241972336,-0.478979922662846,-0.472108040243123,0.212005599816142,-0.0264268947801552,-0.206131234828422
"T87","K",-0.580330577413811,-1.72759538304576,-1.14726480563195,-1.00421410672622,-1.37054489084916,-1.32392637050009
"T87","L",-0.528067400741431,-0.667252006930637,-0.139184606189202,-0.893371763676372,-0.229099298455303,0.345059561463549
"T87","M",-0.207631706304758,-0.332132087273711,-0.124500380968952,-0.213775814298558,0.13165285394391,0.369370886423538
"T87","N",-0.223014416963114,-0.793104303683553,-0.57008988672044,-0.246400231725736,-0.364577628076766,-0.368350791812937
"T87","P",-0.203583652727767,-0.704715478401667,-0.501131825673896,-0.205190501046788,-0.269428229016508,-0.254183254502124
"T87","Q",-0.281992286645178,-0.358000154000894,-0.076007867355715,-0.371483429492844,0.103806222923614,0.449655493809722
"T87","R",-0.788303174561564,-0.832247816280729,-0.0439446417191611,-1.44529272891801,-0.406715100645849,0.502739635875369
"T87","S",0.0231756355687995,-0.470743141280034,-0.49391877684883,0.275731869605642,-0.0175601087778983,-0.242241271094199
"T87","V",-0.244994771158062,-0.755037690857542,-0.510042919699478,-0.293017259529199,-0.323599423839937,-0.268936535615394
"T87","W",-0.331507378336241,-1.36451026975524,-1.033002891419,-0.476497497309087,-0.97968857810666,-1.13475339846267
"T87","Y",-0.381795910854024,-0.745630154897444,-0.363834244043421,-0.583151916877796,-0.313472336050431,-0.0268722405961249
"V103","A",-0.104813932671968,-0.407768858675267,-0.302954926003299,0.00428523101578637,0.0502308718917179,0.0739200628462705
"V103","C",-0.44821077209674,-0.926278046374639,-0.478067274277896,-0.724007856033973,-0.507937397224633,-0.215997392079415
"V103","D",-0.0719986445307228,-0.698763421033403,-0.62676477650268,0.0738815253289452,-0.263020918138053,-0.462182208990296
"V103","E",-0.26962279787667,0.178165098725897,0.447787896602568,-0.345249602834642,0.680981012058418,1.31685610121355
"V103","F",0.238539286288734,0.105999318574753,-0.132539967713983,0.732485805617008,0.603295506088658,0.356060479985959
"V103","G",-0.0424204570073332,-0.0362219312937349,0.00619852571360013,0.136612415737927,0.450196215364645,0.585757079403808
"V103","H",0.131630525871916,-0.842927890537023,-0.974558416408938,0.50574839217123,-0.418212059047146,-1.03799224131792
"V103","I",-0.167560131098419,-0.913825544963796,-0.746265413865375,-0.128790025673196,-0.49453244448021,-0.660028454486712
"V103","K",0.580672131209758,0.739917856971489,0.159245725761732,1.458098150291,1.28570041179078,0.839143292076129
"V103","L",-0.292086525240267,-0.3951485262671,-0.103062001026833,-0.392891792482291,0.0638164924806123,0.40486444591143
"V103","M",-0.20159116184611,-0.247833977521358,-0.0462428156752495,-0.200964727339753,0.222398651948038,0.498934760029145
"V103","N",-0.43958142292958,-0.785418713157616,-0.345837290228035,-0.705706303361826,-0.356304191727387,0.00292366527791393
"V103","P",0.627859567055044,-0.04850036068758,-0.676359927742624,1.55817560988351,0.436978648839665,-0.544292352368601
"V103","Q",-0.345480615563231,-1.35064783824185,-1.00516722267862,-0.506132633419163,-0.964765854291673,-1.08866843462729
"V103","R",0.483375305457944,0.493239786305011,0.0098644808470727,1.25174620568479,1.0201547377714,0.591826465101848
"V103","S",0.179016542584137,-0.559449632744606,-0.738466175328741,0.606247011937633,-0.113051471274009,-0.647115970534674
"V103","T",-0.33655133703823,-0.154422941008345,0.182128396029885,-0.487194975655646,0.322954394842727,0.877028030596359
"V103","W",-0.218131018824998,-1.08787444307403,-0.86974342424903,-0.236043278204384,-0.681893776746751,-0.864459671716353
"V103","Y",0.69539684731104,1.00098711314574,0.305590265834699,1.70141203107765,1.56673800629289,1.08143252534992
"V109","A",-0.0992175768539649,-0.264133075450168,-0.1649154985962,0.0161542606252314,0.204852889028294,0.30245928276758
"V109","C",-0.813820564580036,-0.595934494570844,0.217886070009191,-1.49941127811938,-0.152326941521429,0.936228731953448
"V109","D",-0.389652107557446,-0.857478713602664,-0.467826606045218,-0.599813729372022,-0.433875827245359,-0.199042856890951
"V109","E",-0.0828108183750178,0.0982896694175253,0.181100487792543,0.0509505295749632,0.594996170941526,0.875326217200539
"V109","F",-0.510280962886219,-1.04306617916657,-0.532785216280358,-0.855649402122636,-0.633658274463167,-0.306588870295725
"V109","G",-0.0496392519538613,-0.128665551577029,-0.0790262996231643,0.121302436574482,0.350681883220752,0.444658152334567
"V109","H",-0.602641026173369,-0.835115958391574,-0.232474932218205,-1.05153121549106,-0.409802617618679,0.19060732461099
"V109","I",-0.0398134915195509,-0.382548133844834,-0.342734642325283,0.142141397734702,0.0773806479389353,0.00806043485675511
"V109","K",0.236656180451654,-0.86830679436498,-1.10496297481663,0.728492021149957,-0.445532112688961,-1.25389110885513
"V109","L",-0.127792109862899,-0.00566263748779861,0.122129472375097,-0.0444480293985841,0.483092890165646,0.777693315393981
"V109","M",0.0158513129497404,-1.49274158747401,-1.50859290042375,0.260198082108592,-1.11772789227035,-1.92214415849363
"V109","N",-0.854945249438876,-1.93801748051409,-1.08307223107522,-1.58663055404505,-1.59706149019595,-1.21764861211248
"V109","P",-0.478575497221177,-1.40569213977969,-0.927116642558516,-0.788406874485448,-1.02402031543327,-0.959447247390335
"V109","Q",-0.588936666205317,-0.280978307181728,0.307958359023589,-1.02246632763742,0.186719220307423,1.08535316005737
"V109","R",-0.421934156893997,-0.000323005566727375,0.421611151327271,-0.668279104321287,0.488840933166247,1.27351766481413
"V109","S",-0.550052241666442,-1.28445820665577,-0.73440596498933,-0.939998307159984,-0.893513593054458,-0.640393852650565
"V109","T",-0.170554426121932,-0.772423376315363,-0.601868950193431,-0.135140475403207,-0.342314883834871,-0.420964472645791
"V109","W",-0.717046899983467,-1.0797808510517,-0.362733951068229,-1.29416887969715,-0.673181132193464,-0.0250505864284817
"V109","Y",-0.587811213261917,-0.51718088347199,0.0706303297899264,-1.02007941108965,-0.0675497228404058,0.69243090816651
"V112","A",-0.215002429330832,-0.308350110928957,-0.0933476815981216,-0.229408010085335,0.157253836313028,0.420947553658297
"V112","C",-0.472508634168813,-0.179794521337644,0.292714112831169,-0.77553996974481,0.295642224850164,1.06011465973508
"V112","D",1.16619469185014,1.54029610252784,0.374101410677699,2.69990350278168,2.14729698627537,1.19486014449064
"V112","E",-0.213161667845315,-0.113297532846905,0.0998641349984073,-0.225504031623985,0.367225351722055,0.740830638324577
"V112","F",-0.00157585747187206,-0.746504051404759,-0.744928193932887,0.223237672786948,-0.314413074059412,-0.657814542085201
"V112","G",-0.162307357513733,-0.314121686769266,-0.151814329255533,-0.117649682343383,0.151040811407622,0.324149687294852
"V112","H",-0.0314103704841528,-0.417064378771707,-0.385654008287554,0.159963154539379,0.0402243676949695,-0.0629972230948911
"V112","I",-0.177933925895255,-1.65145844743126,-1.47352452153601,-0.150791285351835,-1.28858448865006,-1.86408465980219
"V112","K",1.19368895533995,1.13606067087848,-0.0576282844614706,2.75821470350996,1.71214290115617,0.480084883557493
"V112","L",-0.167598332020701,-0.173008721935966,-0.00541038991526754,-0.12887104408811,0.302947047978585,0.566537262487809
"V112","M",0.0182126489563998,-0.0632109891941788,-0.0814236381505768,0.265206120891746,0.421142852202051,0.440689098802301
"V112","N",-0.324409731829045,-0.172772217882276,0.15163751394677,-0.461444455777974,0.303201641458159,0.826547073547495
"V112","P",1.30017778395499,1.70697040622566,0.406792622270666,2.98406150471603,2.32671966538732,1.24898398530972
"V112","Q",-0.379737696533043,-1.21393938004948,-0.834201683516442,-0.57878675363358,-0.817601010749803,-0.805616471231928
"V112","R",1.2938988605825,1.78045015012853,0.486551289546034,2.97074485190711,2.40581963592277,1.38103309579551
"V112","S",-0.488718517904559,-0.769177235841887,-0.280458717937327,-0.809918696952666,-0.338820456634019,0.111164971342032
"V112","T",-0.623487882338393,-0.769113935792136,-0.145626053453743,-1.09574426432733,-0.338752314969334,0.334395047993344
"V112","W",0.880644725872852,1.84533511580985,0.964690389937001,2.09429494046377,2.47566744160335,2.17264415264932
"V112","Y",0.34578098598065,0.279761958601432,-0.0660190273792214,0.959929333227571,0.790348685321833,0.466193100050396
"V114","A",-0.197165712882367,-0.257082780998832,-0.0599170681164676,-0.191579015191717,0.212442437572503,0.476295554371571
"V114","C",-0.427213954326239,-1.14943235518418,-0.72221840085794,-0.679476761170332,-0.748160053349088,-0.620216020478643
"V114","D",-0.154189687248509,-0.657932721211299,-0.50374303396279,-0.100433323721635,-0.219067210880455,-0.258506392583796
"V114","E",1.25384210265532,2.08530921775789,0.831467115102567,2.88579048850396,2.73399638214036,1.95207859483784
"V114","F",0.89991967116347,1.73127487553277,0.831355204369302,2.13517420257909,2.35288310450619,1.95189331450047
"V114","G",-0.0770867443387644,-0.207350045102965,-0.130263300764199,0.0630904303304494,0.265979068691008,0.359829748654322
"V114","H",1.17107057922613,1.9173049592263,0.746234380000173,2.71024452710536,2.55314202427482,1.81096657229508
"V114","I",-0.219073158948694,-0.857813858477434,-0.638740699528738,-0.238041415811793,-0.434236606261607,-0.482009646394402
"V114","K",1.19911983590647,2.03790353877757,0.838783702871103,2.76973278498041,2.68296479695258,1.96419199817858
"V114","L",-0.181969927463857,-0.478738028070355,-0.296768100606494,-0.159351038105119,-0.026166498456999,0.0841630222422494
"V114","M",-0.443578649437066,-1.67522812223389,-1.23164947279683,-0.714183820038017,-1.31417222857211,-1.46363432473772
"V114","N",-0.396624602017351,-0.690598125440271,-0.293973523422919,-0.614601342220026,-0.254231085641036,0.088789747385499
"V114","P",1.4055249321318,1.91088492190373,0.505359989771934,3.20748697329663,2.54623093917737,1.41217293575358
"V114","Q",1.14277260153777,1.64943256895543,0.506659967417665,2.65022876935278,2.26478094607491,1.41432518951652
"V114","R",1.06440813310935,1.92504575966242,0.860637626553075,2.4840295092712,2.56147489336085,2.00037353532571
"V114","S",-0.722423931494406,-1.45405860054187,-0.731634669047462,-1.30557275541373,-1.07608616947665,-0.635805672124015
"V114","T",-0.209930212668782,-0.696090444402888,-0.486160231734106,-0.218650600852397,-0.260143494218405,-0.229396159508694
"V114","W",1.07434534756403,2.26939726175379,1.19505191418977,2.50510484765812,2.932164721911,2.55403260116374
"V114","Y",0.930998623390689,1.99216430122602,1.06116567783534,2.20108798937384,2.63372711387867,2.33236943876591
"V125","A",-0.173789516372997,-0.222379264691163,-0.0485897483181645,-0.142001615621561,0.249800312976118,0.495049158896956
"V125","C",-0.464519069266997,-1.87118519854515,-1.40666612927815,-0.758595303345797,-1.52511742433819,-1.75339335153749
"V125","D",-0.696500899338179,-0.861985496712874,-0.165484597374695,-1.25059390020244,-0.438727319538235,0.301517078113892
"V125","E",-0.184798033231882,-0.0721656962969384,0.112632336934945,-0.165349025400948,0.411503228676442,0.761969779258337
"V125","F",-0.548337874226924,-1.09264210447694,-0.544304230250015,-0.936362391474342,-0.687026101064481,-0.325659845279737
"V125","G",-0.0956761464910976,0.10214521727967,0.197821363770771,0.0236651021806309,0.599146617120228,0.903009438032768
"V125","H",-0.489950901124423,-0.146043131229236,0.343907769895191,-0.812532396546194,0.331975149018141,1.14487130260224
"V125","I",-0.429963666114052,-0.532990549373347,-0.103026883259297,-0.685308486616022,-0.0845686186686976,0.404922587178378
"V125","K",0.0722644344153842,-1.23282097328403,-1.30508540769941,0.379841834366619,-0.837926795642156,-1.58521546711188
"V125","L",-0.217859349615761,-0.362453927503928,-0.144594577888167,-0.235467108640963,0.0990117947703642,0.33610276748735
"V125","M",-0.476637996726932,-1.13014432156389,-0.653506324836953,-0.784297727125566,-0.727396740767752,-0.506455738014572
"V125","N",-0.171320131550393,-1.6468176937032,-1.47549756215281,-0.136764421538528,-1.28358877876249,-1.86735124219758
"V125","P",-0.441390794141093,-0.968701607032672,-0.52731081289158,-0.70954370776968,-0.55360579806303,-0.297525402679939
"V125","Q",-0.545766545831668,0.0948157209098675,0.640582266741536,-0.93090899039489,0.591256511410859,1.63604805806539
"V125","R",-0.166693733872213,-1.11781827170554,-0.951124537833326,-0.126952527367906,-0.714127911443816,-0.999194917756109
"V125","S",-0.463296777571886,-1.14424285764025,-0.680946080068366,-0.756003006359608,-0.742573628015854,-0.55188522416366
"V125","T",-0.427534601476692,-1.19537516958472,-0.76784056810803,-0.68015680558614,-0.79761688420307,-0.695748458639995
"V125","W",-0.803183289979112,-0.885067282575539,-0.0818839925964276,-1.47685121737485,-0.463574556132522,0.439926932166882
"V14","A",-0.245942944203732,-0.211660169268065,0.0342827749356687,-0.295028192057421,0.261339277146359,0.632253595144622
"V14","C",-0.219443650373563,-0.863293237809289,-0.643849587435724,-0.238827172442505,-0.440135085497942,-0.490467963549578
"V14","D",0.91079940230258,1.23559318701288,0.324793784710296,2.15824847720214,1.81928833573956,1.11322603033621
"V14","E",0.526106313616312,0.489898944114813,-0.0362073695014953,1.34237225191322,1.01655836542751,0.515549527876219
"V14","F",0.212132826862092,0.541922518279632,0.329789691417536,0.676481673819817,1.07256105358366,1.12149729488084
"V14","G",-0.0569503024694971,-0.238376476609565,-0.181426174140068,0.105796797214119,0.232579526345894,0.275124071516368
"V14","H",0.252949312410102,-0.301607901995181,-0.554557214405285,0.763047305326727,0.164511734880428,-0.342634770811706
"V14","I",-0.638138188359601,-1.04902558156243,-0.410887393202829,-1.12681536159276,-0.640073492166487,-0.104773824264815
"V14","K",0.459640409196865,1.56215589440973,1.10251548521287,1.20140805785051,2.1708287625436,2.40082852251803
"V14","L",-0.0660538859889321,-0.129034783318035,-0.0629808973291031,0.086489464753835,0.350284410144731,0.47122305333777
"V14","M",-0.826319104634214,-1.56975830812202,-0.7434392034878,-1.52591880315928,-1.20063537139884,-0.655349357165339
"V14","N",-0.230898244957698,0.0119034396994131,0.242801684657111,-0.26312064603579,0.502002539466663,0.977479230035439
"V14","P",0.375761902951444,0.546703351954759,0.170941449003317,1.02351435226799,1.07770755767787,0.858506828395101
"V14","Q",-0.210357071003253,-1.35239089608545,-1.14203382508219,-0.219555903226949,-0.966642232960771,-1.31526591575378
"V14","R",0.384148383414162,0.0662009119634615,-0.317947471450701,1.04130081691893,0.560453048792235,0.0490982803632182
"V14","S",-0.644928885580292,-1.260013514812,-0.61508462923171,-1.14121740981884,-0.867199206233157,-0.442844460377349
"V14","T",-0.740418063336239,-2.23959410645244,-1.4991760431162,-1.3437356046986,-1.92170473143309,-1.90655353149958
"V14","W",0.534129487374839,1.37144807575602,0.837318588381173,1.35938819764621,1.9655343230811,1.96176634248793
"V14","Y",0.502371821929948,0.677759232918927,0.175387410988979,1.29203496212111,1.21878747674325,0.865867599901392
"V152","A",-0.145587323987897,-0.120749211511432,0.0248381124764698,-0.0821890041015432,0.359203718391612,0.616616933711076
"V152","C",-0.00673106803789558,-0.56145899699457,-0.554727928956673,0.212304245956899,-0.115214525260387,-0.342917407237662
"V152","D",0.0867762826581728,0.358255801024177,0.271479518365998,0.410619283492948,0.874846266465559,1.02495848917155
"V152","E",0.140079191915815,0.165696704714044,0.0256175127982292,0.523666743093943,0.667558951139622,0.617907315342521
"V152","F",0.139733928584846,0.0241483813483505,-0.115585547236496,0.522934491458845,0.51518405687804,0.384130359026501
"V152","G",-0.172360116449831,-0.272693484939198,-0.100333368489368,-0.138970073210118,0.195637721658513,0.409381992552109
"V152","H",0.023695596369846,-0.184702971095513,-0.208398567465354,0.27683462831936,0.290358343734093,0.230468353612002
"V152","I",0.130230726494851,0.195332455368519,0.0651017288736675,0.50277962806938,0.69946144397715,0.683277710675102
"V152","K",0.102025751353981,-0.339003774969814,-0.441029526323797,0.442961114742597,0.124255573204758,-0.154677389641935
"V152","L",-0.0494713121646644,-0.21126883585533,-0.161797523690668,0.121658611627571,0.261760542379098,0.307621427859236
"V152","M",-0.213420391494742,-0.0678026464771904,0.145617745017553,-0.226052745600647,0.416199993986933,0.816580694223618
"V152","N",-0.0611449061816725,0.276872759922457,0.338017666104122,0.0969006731507524,0.787238501232459,1.13511959795559
"V152","P",-0.521758889416684,-0.0248647934207682,0.49689409599592,-0.879992359267512,0.462422023776636,1.39815673186279
"V152","Q",-0.198698188130576,-0.566415977965473,-0.367717789834899,-0.194829164876308,-0.120550649584139,-0.0333018711906907
"V152","R",-0.156592636756605,-0.109823429114387,0.046769207642221,-0.10552961848721,0.370965178350228,0.65292623660625
"V152","S",-0.180008929881694,-0.275594560019265,-0.0955856301375704,-0.155192056953157,0.192514752780754,0.417242387510938
"V152","T",-0.308207150973923,-1.18421345751228,-0.876006306538359,-0.427081216882366,-0.785601449075505,-0.874828551533864
"V152","W",0.270391914149165,-0.544576955748115,-0.81496886989728,0.800040442153499,-0.0970412315845414,-0.773774465625425
"V152","Y",-0.231869449868316,-0.761317651775201,-0.529448201906881,-0.265180425688092,-0.330359718543839,-0.301064081645803
"V160","A",-0.182170894869135,-0.107836040638169,0.0743348542309636,-0.159777259768169,0.373104575707398,0.69856414952977
"V160","C",-0.45035008231747,-0.711586357328303,-0.261236275010832,-0.728545011493595,-0.276824639126046,0.142989807143814
"V160","D",0.851214605407344,1.86192354893848,1.01070894353113,2.03187807803144,2.49352467003133,2.24883285132665
"V160","E",-0.0707262569967906,-0.760387234874463,-0.689660977877674,0.0765800680603326,-0.329358137080363,-0.566313681195428
"V160","F",0.0701794112126741,-0.44206792588956,-0.512247337102234,0.375419813513381,0.013308380577239,-0.27258618733498
"V160","G",-0.126347731210101,-0.153205082095578,-0.0268573508854733,-0.0413847193527589,0.324265403822883,0.531029496178707
"V160","H",-0.0481248095297229,-0.137721942678901,-0.0895971331491818,0.124514341349385,0.340932798217646,0.427156992750434
"V160","I",-0.326948574420433,-0.438319069089234,-0.111370494668803,-0.466828959349739,0.0173439752417959,0.391108834986901
"V160","K",-0.111870434865146,-1.0466415969715,-0.934771162106349,-0.0106805496089038,-0.637507164347638,-0.972120133385254
"V160","L",-0.0488432298277317,-0.200467171591301,-0.151623941763569,0.122990679869237,0.273388390812374,0.324464894404252
"V160","M",-0.567328883254293,-1.78262283152848,-1.21529394827419,-0.976639467448311,-1.42978120990026,-1.43655598280296
"V160","N",-0.362771450102226,-0.773008948717994,-0.410237498615766,-0.542803894823799,-0.34294524476612,-0.103697853400922
"V160","P",-0.0431494727947221,-0.0493945976024452,-0.00624512480772488,0.135066282817208,0.436016014651513,0.56515526848257
"V160","Q",-0.265079350034853,-0.496325616687919,-0.231246266653068,-0.335613632800354,-0.0450993045277142,0.192641513502344
"V160","R",-0.617372788397217,-1.16148549572887,-0.544112707331653,-1.08277506912018,-0.761135099413551,-0.325342758348984
"V160","S",-0.828908669549929,-1.01148615272858,-0.182577483178651,-1.53141088115784,-0.599662794510819,0.273217954731413
"V160","T",-0.558047956299458,-1.62993678661199,-1.07188883031253,-0.956956016214622,-1.26541670598973,-1.19913328113508
"V160","W",-0.0522749715632553,-0.123345375767313,-0.0710704042040575,0.115712471407247,0.356408981975318,0.457829998719411
"V160","Y",-0.0908052876373588,-0.767983442248665,-0.677178154611306,0.0339954617643572,-0.337535353651433,-0.545647015552881
"V186","A",-0.201604549876199,-0.436051212680633,-0.23444666280443,-0.200993121339474,0.0197852926113293,0.187342911113084
"V186","C",-0.522517367532455,-2.38306041507623,-1.86054304754377,-0.881600977358813,-2.07614431140728,-2.50483573860855
"V186","D",-0.818647383303116,-0.80650730980711,0.0121400734960044,-1.50964823520481,-0.379005786548047,0.595593955148817
"V186","E",-0.300325284621751,-0.670829763946553,-0.370504479324799,-0.410364962921053,-0.232950706469409,-0.037915537402928
"V186","F",-0.452562039860751,-0.732729151251005,-0.280167111390254,-0.733236241006125,-0.299584576593077,0.111647757557853
"V186","G",-0.229819950917095,-0.339355822351063,-0.109535871433968,-0.260833746433296,0.123876598864284,0.394146252417662
"V186","H",-0.436899983590376,-1.07509986218236,-0.63819987859198,-0.700019373518917,-0.66814210970951,-0.481114258769826
"V186","I",-0.466654594114496,-1.59323617476776,-1.12658158065326,-0.763124430597703,-1.22590898370713,-1.28968305182748
"V186","K",0.0223189270473405,-0.83406588611046,-0.856384813157803,0.273914919586997,-0.408672228723939,-0.842343044493482
"V186","L",-0.131774931932538,-0.472325153575238,-0.340550221642699,-0.0528949964269548,-0.0192631240483755,0.0116769798407135
"V186","M",-0.597293939846217,-0.918978041335238,-0.321684101489014,-1.04019084900881,-0.500079038541613,0.0429118847070546
"V186","N",-0.68123591491424,-1.74229596469002,-1.06106004977578,-1.2182191624253,-1.38636987217261,-1.18120506234242
"V186","P",-0.289133960730144,-2.14744476217675,-1.85831080144661,-0.386629846899469,-1.82250718351154,-2.50114001347189
"V186","Q",-0.0905553904557603,-1.45804278109411,-1.36748739063835,0.0345254561292916,-1.08037508704157,-1.68852870717878
"V186","R",-0.208128953857125,-1.56170799464397,-1.35357904078685,-0.214830401625419,-1.19196931562494,-1.66550192790882
"V186","S",-0.740115707034853,-0.81927063050524,-0.0791549234703854,-1.34309435242472,-0.392745332136163,0.444445201627227
"V186","T",0.115870970270844,-0.984622808178509,-1.10049377844935,0.472324743256863,-0.570744760103906,-1.2464918703141
"V186","W",-0.292816593539653,-0.512733212102187,-0.219916618562534,-0.394440157622774,-0.0627618635527113,0.211398972767642
"V186","Y",-0.315647417298569,-1.1383314301037,-0.82268401280513,-0.4428609035537,-0.736210054612796,-0.786547720157563
"V29","A",-0.264577515674668,-0.406149833665843,-0.141572317991175,-0.334549317543467,0.0519737308585489,0.341106446017696
"V29","C",-0.256843610236769,-1.68200154285226,-1.42515793261549,-0.318146866444169,-1.32146372610435,-1.7840085343808
"V29","D",-0.531466311534265,-0.958071466361194,-0.426605154826927,-0.900580342643104,-0.542162592504052,-0.130796280659731
"V29","E",-0.220156390404005,-1.19067825697305,-0.970521866569044,-0.240338786928836,-0.792560720021527,-1.03130929595289
"V29","F",-0.314344402088217,-1.26864130411439,-0.954296902026174,-0.440097404123683,-0.876486907079084,-1.00444711020256
"V29","G",0.1003527648315,-0.220838714524533,-0.321191479356033,0.439412961762823,0.251458694814655,0.0437274739926827
"V29","H",-0.389004330760571,-1.7115075312889,-1.32250320052833,-0.598439892140714,-1.35322653163402,-1.61405250925732
"V29","I",-0.620928462833181,-1.57996360300355,-0.959035140170367,-1.09031612021386,-1.21162123609513,-1.01229177653895
"V29","K",0.663671288280566,1.1299202414539,0.466248953173334,1.63412688843223,1.70553281025545,1.34742037945532
"V29","L",-0.274217394574199,-0.663779409286933,-0.38956201471273,-0.354994051904697,-0.22536109311178,-0.0694673509173081
"V29","M",-0.234799181768697,-1.0002422196828,-0.7654430379141,-0.27139394673718,-0.587558849595068,-0.691779087783053
"V29","N",-0.133274229704725,-0.831263697710579,-0.697989468005852,-0.0560747816711684,-0.405655710046922,-0.580102398468232
"V29","P",-0.352134127618367,-0.728468479204116,-0.376334351585751,-0.520243732526758,-0.294998019598327,-0.047567522229187
"V29","Q",-0.480317412494649,-0.830394100615786,-0.350076688121133,-0.792101214986721,-0.404719600298544,-0.00409511700497218
"V29","R",0.604921113200556,0.691077699041355,0.0861565858408007,1.50952659669568,1.23312462902367,0.718136306347427
"V29","S",-0.172012517207639,-1.27741093939785,-1.10539842219021,-0.138232867458382,-0.885927303243838,-1.25461203913529
"V29","T",-0.480158014504914,-1.34940114389429,-0.869243129389375,-0.791763155806536,-0.963423804348094,-0.86363137940086
"V29","W",-0.796248841978656,-0.983817481994105,-0.187568640015449,-1.46214429534931,-0.569877837138824,0.264954554111656
"V29","Y",-0.407318154729214,-1.1513925850148,-0.744074430285581,-0.63728076037978,-0.750270214784183,-0.656401043915746
"V44","A",-0.253403960874735,-0.36411534704737,-0.110711386172634,-0.310851887094793,0.0972232986494877,0.392200060475063
"V44","C",-0.559274962586537,-1.59312476225803,-1.03384979967149,-0.959558312141817,-1.22578904961687,-1.13615554678367
"V44","D",0.319873487370106,0.663429993631322,0.343556506261214,0.904983422332129,1.2033622405456,1.14428974761897
"V44","E",0.535450081901505,0.682940971168923,0.147490889267418,1.36218898016412,1.2243655492994,0.81968188736608
"V44","F",0.429801865515632,0.284937275877482,-0.14486458963815,1.13812499115987,0.795919845784617,0.335655733796543
"V44","G",-0.196809889448698,-0.42437351172023,-0.227563622271532,-0.190824367165878,0.0323561829387457,0.198738530057779
"V44","H",0.311049999739964,0.771771323207162,0.460721323467196,0.886270131157213,1.31999024606162,1.33826878990744
"V44","I",-0.332038766690236,-0.820500271614971,-0.488461504924736,-0.477624492145153,-0.394069024495209,-0.233206166473309
"V44","K",0.618207966468839,1.32360245670741,0.705394490238568,1.5377060155865,1.91402914824001,1.74335171237348
"V44","L",-0.229230894571632,-0.453581898596765,-0.224351004025133,-0.259584446454291,0.00091374154461425,0.204057367448866
"V44","M",-0.0198464548110255,-0.822341100706492,-0.802494645895466,0.184488481732467,-0.396050652617001,-0.753122036996534
"V44","N",0.318457397627977,-0.73038426822356,-1.04884166585154,0.901980108814269,-0.297060341089138,-1.16097620466606
"V44","P",0.325656401009709,-0.239455410169491,-0.5651118111792,0.917248113043271,0.231418068666991,-0.360109048694507
"V44","Q",0.431334292825015,-0.00188831927112787,-0.433222612096143,1.14137503917341,0.487155893707475,-0.141752197752238
"V44","R",0.800844487545533,0.710387776746064,-0.0904567107994687,1.92505062820957,1.25391167176974,0.425733868869464
"V44","S",-0.487023250921794,-1.0832932513301,-0.59627000040831,-0.806323290465177,-0.676962184545766,-0.411694804984128
"V44","T",-0.211571349941794,-0.148879332393095,0.0626920175486969,-0.222131206360696,0.328922016051451,0.679288172636667
"V44","W",0.0158105717247334,-0.0163019944739364,-0.0321125661986716,0.260111676093381,0.471639763366075,0.52232891815722
"V44","Y",0.538520525490558,0.166985710600237,-0.371534814890325,1.36870092955722,0.668946548893809,-0.0396213695034045
"V45","A",-0.175368655130365,-0.196581467809565,-0.0212128126792006,-0.145350731595982,0.277571299438879,0.540374640408211
"V45","C",-0.201439984669939,-1.37332832471849,-1.17188834004855,-0.200644103269625,-0.989181097415042,-1.36469329813069
"V45","D",0.59243003107151,0.841377471575093,0.248947440503583,1.48303488879414,1.39492034233778,0.987654194343551
"V45","E",0.354358781256103,1.10868388387437,0.754325102618266,0.978121547843481,1.68267215275178,1.82436163970785
"V45","F",0.151047686776979,-0.511896684000154,-0.662944370777129,0.5469292722311,-0.0618613521367987,-0.522081445084395
"V45","G",0.0442762316271317,0.137868395131662,0.0935921635045318,0.320483062620857,0.63760214466344,0.730446710344698
"V45","H",0.430204982929144,0.21430619444102,-0.215898788488122,1.13897994260911,0.719886422642916,0.218050925533821
"V45","I",-0.671494850516183,-1.38319108450508,-0.711696233988897,-1.19755982882894,-0.999798227621004,-0.602795433815088
"V45","K",0.298838941666197,0.87988361490561,0.581044673239413,0.860372312191888,1.43637169533791,1.53747712488672
"V45","L",-0.0770680349846344,-0.355652124184967,-0.278584089200329,0.0631301100587161,0.106333845903652,0.114268622213692
"V45","M",0.0489787706401348,-0.2348195176247,-0.283798288264833,0.330456441119299,0.236408545555195,0.105635951033437
"V45","N",0.59903668035839,0.811175697825991,0.212139017467599,1.4970465990133,1.36240853313999,0.926713864140872
"V45","P",0.440071172155836,0.726860007445369,0.286788835289533,1.15990464716189,1.27164380982252,1.05030472113551
"V45","Q",0.281590241567603,0.837434376060337,0.555844134492737,0.823790411602925,1.39067565227125,1.49575490410572
"V45","R",0.340210588206864,0.999476260451962,0.659265672245098,0.948115356728656,1.56511159339032,1.66698045904287
"V45","S",0.396778206477602,1.4024620766543,1.0056838701767,1.06808677349085,1.99892048404109,2.24051329823923
"V45","T",0.209541650172406,-0.33878459032203,-0.548326240494434,0.670986177490894,0.124491522573397,-0.332318718770022
"V45","W",0.78519560551241,0.586217490246376,-0.198978115266033,1.89186170129961,1.12024400389537,0.246064932338667
"V45","Y",0.586388151972942,0.667803145111733,0.0814149931388002,1.47022097126464,1.20806988015992,0.71028608617733
"V7","A",-0.469885386536307,-0.587623831616074,-0.117738445079768,-0.769976455766131,-0.143380622986062,0.38056600351653
"V7","C",-0.87035315187209,-1.65795346282626,-0.787600310954167,-1.61930839944062,-1.29557628664885,-0.728462852641237
"V7","D",0.0285297063379595,-0.883236809289633,-0.911766515627592,0.287087049039693,-0.461604075898235,-0.934033450039955
"V7","E",-0.044741991929282,-1.15073142340834,-1.10598943147906,0.131688789073709,-0.749558483076745,-1.25559051901149
"V7","F",0.0284354236026001,-0.906411167679481,-0.934846591282078,0.286887089527819,-0.486550965591236,-0.972245014553658
"V7","G",-0.168018655517134,-0.557743268661063,-0.389724613143937,-0.129762487053309,-0.111214592951333,-0.0697365502274352
"V7","H",-0.389162366274814,-0.670896186050623,-0.281733819775811,-0.598775061715147,-0.233022208984194,0.109053902171715
"V7","I",-0.309519001241631,-1.17189534010276,-0.862376338861125,-0.429863454141208,-0.772341158927608,-0.852262664098521
"V7","K",0.462857731885633,0.8409228281848,0.378065096299167,1.20823151573953,1.3944309247532,1.20142245525184
"V7","L",-0.194793387328801,-0.517005076301599,-0.3222116889728,-0.186547669231202,-0.0673604687513297,0.0420384064968827
"V7","M",-0.11063450984827,-0.58719876301698,-0.476564253168711,-0.00805933839621181,-0.142923042272275,-0.213508977875802
"V7","N",-0.251820270525833,-0.530287305110804,-0.27846703458497,-0.30749311787879,-0.0816586120442881,0.114462418804889
"V7","P",0.800959496238997,0.0968347457339309,-0.704124750505065,1.92529454436367,0.59342996487723,-0.59026002301583
"V7","Q",-0.523576557404253,-1.20996230738565,-0.686385749981394,-0.883847359890451,-0.813319744732564,-0.560891186749165
"V7","R",0.00178313206856728,0.428391593950099,0.426608461881534,0.230361584777146,0.950346518089379,1.28179125357951
"V7","S",-0.272108362117335,-0.789526357058515,-0.517417994941177,-0.350521111031766,-0.360726015950953,-0.281146771301377
"V7","T",-0.252098794517137,-1.33338140570511,-1.08128261118797,-0.308083825404764,-0.946178768485905,-1.21468570259692
"V7","W",0.261568076961764,-0.124193391570229,-0.385761468531992,0.781326409620171,0.355496104201644,-0.063175135166085
"V7","Y",-0.183589704088364,-0.392019522644144,-0.20842981855578,-0.162786340888246,0.0671848234142129,0.23041661404772
"V81","A",-0.31073619827437,-0.410823106872035,-0.100086908597666,-0.432444946114187,0.0469430141837259,0.409790033591177
"V81","C",-0.507283268276618,-1.10703133725559,-0.599748068978975,-0.849291742381458,-0.702515919460196,-0.417453124131805
"V81","D",0.673900593099642,1.85411346086406,1.18021286776442,1.65582170658355,2.48511721372089,2.5294649529336
"V81","E",0.176375573874118,-0.400010119823635,-0.576385693697757,0.600645914216865,0.0585830514443236,-0.378774182016721
"V81","F",-0.401602163010672,-1.22462578510645,-0.823023622095776,-0.625158001005462,-0.829104784174124,-0.787109980113433
"V81","G",-0.0358406391260022,0.0916034640154315,0.127444103141437,0.150567220578434,0.587798559433807,0.786492262132055
"V81","H",0.714679181409856,1.58493913077885,0.870259949369,1.7423069637447,2.19535461456455,2.01630433271809
"V81","I",-0.346777395190824,-1.16893225528866,-0.822154860097834,-0.508882908115298,-0.76915143739293,-0.785671650550378
"V81","K",0.90661763123866,1.57269239281383,0.666074761575167,2.1493795692571,2.18217116344271,1.67825364376334
"V81","L",-0.0670890428858293,-0.328685695843433,-0.2615966529576,0.0842940525500275,0.135362848645974,0.142393162428763
"V81","M",-0.709570043715534,-0.940576794529338,-0.231006750813799,-1.27831159125524,-0.523329810121791,0.193038057910659
"V81","N",0.239909538656267,0.0976600052767935,-0.142249533379474,0.735391904952282,0.59431834583853,0.339985242608875
"V81","P",0.759392111511545,0.35695302498606,-0.402439086525487,1.83713636855036,0.873443845325312,-0.0907867377203183
"V81","Q",-0.58967015682035,-0.693473837805016,-0.103803680984667,-1.02402195099505,-0.257326751891865,0.403636514427082
"V81","R",1.08469751431209,1.64727171773313,0.56257420342104,2.52706023749581,2.26245481837036,1.5068972619942
"V81","S",-0.351950785127576,-1.02770112966556,-0.675750344537979,-0.519854890658472,-0.617118002297646,-0.543283121363493
"V81","T",-0.641898222110235,-0.573374952497586,0.0685232696126494,-1.13478982807955,-0.128041893445504,0.688942441876208
"V81","W",1.22942121676374,2.46786524391044,1.2384440271467,2.83399745976128,3.14581287454436,2.62587294295731
"V81","Y",0.356542324864046,0.832284439848008,0.475742114983957,0.982752515669512,1.3851318141872,1.36313733681699
"V8","A",-0.372966619415966,-0.301336543259131,0.0716300761568309,-0.564426316698549,0.164803848963657,0.694086096536262
"V8","C",-0.66985347697951,-1.05301957811574,-0.383166101136231,-1.19407872224092,-0.644372976526464,-0.0588782233983535
"V8","D",0.490311229997696,-0.536060145054682,-1.02637137505238,1.26645625922827,-0.0878729977404361,-1.123774205012
"V8","E",-0.0682546052288053,0.202204314936566,0.270458920165371,0.0818220699938196,0.706858909734172,1.02326877833309
"V8","F",-0.209368675921564,-1.42229917574648,-1.21293049982491,-0.217459665805328,-1.04189756957001,-1.4326430379649
"V8","G",-0.196771087955668,-0.0683719088853021,0.128399179070367,-0.190742075030667,0.41558719054864,0.788073493754522
"V8","H",-0.275587111219885,-0.361884762368392,-0.0862976511485058,-0.357899015054447,0.0996244934960185,0.432619642492924
"V8","I",-0.806292043328401,-2.18137281149792,-1.37508076816952,-1.48344441601181,-1.85903027898092,-1.70110036594424
"V8","K",0.982783727029966,0.685007769446866,-0.297775957583099,2.31091641137043,1.22659043025576,0.0824944058798661
"V8","L",-0.129233261723734,-0.77718587526042,-0.647952613536683,-0.0475044959036139,-0.347441650835136,-0.49726096756331
"V8","M",-0.331637309731191,-0.672379317522367,-0.340742007791176,-0.476773062270288,-0.234618780358616,0.0113594571040001
"V8","N",-0.320041186988879,-1.59191004551994,-1.27186885853106,-0.452179428723885,-1.22448142314612,-1.53022187304961
"V8","P",0.992734560739095,0.618541368803825,-0.374193191935266,2.33202063414918,1.15504023079656,-0.0440226005684673
"V8","Q",-0.806321449830929,-1.17722182586573,-0.3709003760348,-1.48350678278414,-0.778075050263226,-0.0385709872767262
"V8","R",0.853499506578801,2.06090920703137,1.20740970045257,2.03672401001658,2.70773009394965,2.57449225450702
"V8","S",-0.806931584139853,-1.22941723841882,-0.422485654278969,-1.48480078595582,-0.834262720167095,-0.123976001415025
"V8","T",-0.718206643710591,-1.18528550779639,-0.467078864085803,-1.29662852184362,-0.786755496999214,-0.19780488910655
"V8","W",-0.293219651649979,-1.01227195916361,-0.719052307513628,-0.395294983298867,-0.600508704724378,-0.614974210100995
"V8","Y",0.526209684793836,-0.470854638571536,-0.997064323365374,1.34259148664501,-0.0176801341346047,-1.07525320737711
"V9","A",-0.206334926351632,-0.510655723689332,-0.3043207973377,-0.211025538912016,-0.0605254748077835,0.0716587149463225
"V9","C",-0.748562061625469,-1.44855598875519,-0.69999392712972,-1.36100780110241,-1.07016268081058,-0.583420997604273
"V9","D",0.776087679153656,0.639332372991557,-0.136755306162099,1.87254515832982,1.17742147127592,0.349081530719561
"V9","E",0.295832484701069,-0.523778837700643,-0.819611322401711,0.853996068811538,-0.0746523331294471,-0.78146054846287
"V9","F",-0.329340116178763,-0.381802924487191,-0.0524628083084284,-0.471901059992541,0.0781828559366957,0.488636888681774
"V9","G",-0.115373463494533,-0.255991549323031,-0.140618085828498,-0.0181099468590172,0.213617134010168,0.342686280693761
"V9","H",-0.299345765452022,-0.345953781776803,-0.0466080163247842,-0.408287549974734,0.116773982980647,0.498330130807428
"V9","I",-0.090017391342073,-0.264221628702538,-0.174204237360463,0.0356664713931296,0.204757562625653,0.287080769895478
"V9","K",0.0512029604459237,-0.690987295844097,-0.742190256290016,0.335173613422212,-0.25465002242335,-0.653281589834902
"V9","L",-0.0176451331857024,-0.413827210474535,-0.396182077288836,0.189157154061489,0.0437091364669329,-0.0804275813774911
"V9","M",-0.140675239767962,-0.931948824886481,-0.791273585118514,-0.0717712117119059,-0.514041915141743,-0.734544355787445
"V9","N",-0.414389507084053,-0.598820601464126,-0.184431094380072,-0.65227803596551,-0.155433797344478,0.270149100665822
"V9","P",1.18206246080083,1.6490285316308,0.466966070829965,2.73355665594713,2.26434600524937,1.34860764539026
"V9","Q",-0.195547133317264,-0.0733520240300081,0.122195109287256,-0.188146251191679,0.41022616259337,0.777801984409673
"V9","R",-0.202193929282446,-0.775176667449861,-0.572982738167411,-0.202243106481847,-0.345278765253704,-0.373140220641044
"V9","S",-0.238506981885461,-0.265734076225627,-0.0272270943401676,-0.279257633536759,0.203129432910464,0.530417345851122
"V9","T",-0.919784966931529,-1.74015313657647,-0.820368169644942,-1.72414585003689,-1.38406314610579,-0.78271359103061
"V9","W",-0.486140870940362,0.186646911569499,0.672787782509863,-0.804451895138113,0.690111571180983,1.68936777685233
"V9","Y",-0.258768585469531,-0.931410582557247,-0.672641997087716,-0.322229449606875,-0.513462504407273,-0.538136915566562
"Y137","A",-0.46320511245348,-0.203092525623447,0.260112586830033,-0.755808598419889,0.270562231988762,1.00613930312504
"Y137","C",-0.150896552992833,-0.0948763182625658,0.0560202347302692,-0.0934490808929789,0.387055545098538,0.668242313714701
"Y137","D",-0.168890468745634,-0.342092615377666,-0.173202146632033,-0.131611471885489,0.120930477439962,0.288739839609601
"Y137","E",-0.387172697387696,-1.23309214062052,-0.845919443232818,-0.594555273034408,-0.83821870368629,-0.825016491321175
"Y137","F",-0.288817793632527,-0.236775599678392,0.0520421939541347,-0.385959304002415,0.234302849146992,0.661656236440475
"Y137","G",-0.230703328013922,-1.09627977590312,-0.865576447889201,-0.262707256492255,-0.690942006147235,-0.85756079112409
"Y137","H",-0.063742865599199,-0.153694599562163,-0.0899517339629661,0.0913907916754605,0.323738444757339,0.426569912704624
"Y137","I",-0.168776766940125,-1.29113965348172,-1.1223628865416,-0.131370327444335,-0.900706082018024,-1.2826985468967
"Y137","K",-0.195332620681427,-1.07290524026857,-0.877572619587145,-0.187691302130334,-0.665779628303121,-0.877421752397167
"Y137","L",-0.382541256859998,-0.31915213845499,0.0633891184050075,-0.584732683737854,0.14562559683302,0.680442298591115
"Y137","M",-0.244744249291466,-0.432242293883407,-0.187498044591941,-0.29248594030127,0.0238855432195886,0.265071432479827
"Y137","N",-0.351151952760898,-0.45440146091528,-0.103249508154382,-0.518160687265866,3.1493569822632e-05,0.404554007557224
"Y137","P",-0.0332242264779232,-0.532705104964101,-0.499480878486176,0.156116238582378,-0.0842613415449415,-0.251449932657054
"Y137","Q",-0.552854038170572,-1.22626556108402,-0.673411522913449,-0.945940496461133,-0.83086998128317,-0.539410948900558
"Y137","R",-0.690965985343793,-1.54138091506904,-0.850414929725245,-1.23885517946675,-1.17008748384319,-0.832459256011267
"Y137","S",-0.000619257673301732,-0.181361959828701,-0.180742702155399,0.22526647719161,0.293954898086715,0.276255633397986
"Y137","T",-0.558813935591134,-0.732199118953556,-0.17338518336242,-0.958580543172663,-0.299014003849023,0.288436802481981
"Y137","V",-0.637363055133379,-1.28478648969813,-0.647423434564748,-1.1251714205153,-0.89386698539905,-0.49638485447217
"Y137","W",-0.343208546956351,-1.32290232008301,-0.979693773126662,-0.501313917374877,-0.934898171685758,-1.0464943804555
"Y157","A",-0.423426426954785,-1.30636267165117,-0.882936244696388,-0.671443984845826,-0.917093459337352,-0.886301814575358
"Y157","C",-0.240865301659268,-0.283363930393053,-0.0424986287337887,-0.284259275343344,0.184151128535439,0.505133666956782
"Y157","D",-0.0019710619291331,0.193257371160501,0.195228433089634,0.222399503528673,0.697227643326868,0.898716560509961
"Y157","E",-0.199202545178718,-0.166038859748516,0.0331636854302015,-0.195898830375215,0.310450012256634,0.630400821285692
"Y157","F",-0.245721715106047,-0.328099705597056,-0.0823779904910129,-0.29455899838992,0.135993659380477,0.439109065158941
"Y157","G",0.0419715427702947,-0.284601514912969,-0.326573057683262,0.315595163928933,0.182818885200596,0.0348176883180196
"Y157","H",0.00403378766940321,-0.0113164611719316,-0.0153502488413313,0.23513488705379,0.477006623895874,0.550080749680124
"Y157","I",-0.342007186994262,-1.78746204669959,-1.44545485970533,-0.498766013448583,-1.4349905609012,-1.81761229506745
"Y157","K",-0.416150417068829,-0.895222721799936,-0.479072304731105,-0.65601266139473,-0.474506751874605,-0.217661328826242
"Y157","L",-0.294764236319176,-0.494857787686644,-0.200093551367468,-0.398570815245439,-0.04351920605996,0.244218207085728
"Y157","M",-0.0808202969671203,-1.49973900636273,-1.41891870939561,0.0551721263241489,-1.12526052097213,-1.77367882471471
"Y157","N",-0.401176821911552,-1.42977511696125,-1.0285982950497,-0.624255916459062,-1.04994532121425,-1.12746111221362
"Y157","P",-0.356267321937931,-1.23078306960289,-0.874515747664951,-0.52900961649766,-0.835733019336326,-0.872360769911075
"Y157","Q",-0.791760398476603,-1.51738857916073,-0.725628180684126,-1.45262498125301,-1.14426005219165,-0.625861280215064
"Y157","R",-0.339688397669146,-2.19226393924322,-1.85257554157407,-0.493848209782609,-1.87075443366618,-2.49164466969993
"Y157","S",-0.0900790498354329,-0.161708163229864,-0.0716291133944331,0.0355357029954147,0.315111949667251,0.45690499515391
"Y157","T",-0.073209894510077,-0.165630443120369,-0.0924205486102903,0.0713126461624086,0.310889667344373,0.422482522715923
"Y157","V",-0.563256461450646,-1.09482258341605,-0.531566121965408,-0.968002472850122,-0.689373357746063,-0.304570527645495
"Y157","W",-0.519317843953385,-0.446012034296942,0.073305809656441,-0.874815268706418,0.00906260014522138,0.696860454804697
"Y32","A",0.620100900688406,1.49944363739709,0.879342736708685,1.54172064457569,2.10331984895146,2.03134187070498
"Y32","C",0.363411594069564,0.652461956017696,0.289050361948139,0.997321203266762,1.19155529340631,1.05404892341233
"Y32","D",0.408820254609601,0.835411297422338,0.426591042812735,1.09362614777032,1.3884978349279,1.28176241442486
"Y32","E",1.031699029867,1.52141321163359,0.489714181766603,2.41465841716999,2.12696980446955,1.38626960636616
"Y32","F",0.496936676545689,1.41175568797162,0.914819011425935,1.2805078356132,2.00892493346241,2.0900766851119
"Y32","G",0.79617255788447,1.57769617941537,0.781523621530901,1.91514216754629,2.18755767340757,1.86939173300849
"Y32","H",0.1836357631098,0.0634803218566322,-0.120155441253166,0.616043684446426,0.557524369596324,0.376564404622671
"Y32","I",0.769849158455369,0.932010964444364,0.162161805989001,1.85931419352074,1.49248609630883,0.843971178665391
"Y32","K",0.987046009839336,2.02638530964493,1.0393392998056,2.3199560726274,2.67056557593438,2.2962335064289
"Y32","L",0.938064543895994,0.775976618272693,-0.162087925623299,2.21607374482306,1.32451719046981,0.307140636013067
"Y32","N",0.822500371044169,1.254482920474,0.431982549429838,1.9709795024311,1.83962288347795,1.29068863745851
"Y32","P",0.950429339655662,1.28626593566503,0.335836596009367,2.24229761831483,1.87383687813287,1.1315086002326
"Y32","Q",0.876344702458381,1.50380108622375,0.627456383765365,2.08517523705544,2.10801058486711,1.61431673743838
"Y32","R",0.374180555349531,1.59705855067169,1.22287799532216,1.02016055166625,2.20840100946894,2.6001016916759
"Y32","S",0.738067855076899,0.991233837940767,0.253165982863868,1.79191082549108,1.55623873478811,0.994638448033485
"Y32","T",1.18535840926926,1.55184520102169,0.366486791752436,2.74054686729808,2.15972943775183,1.18225331829709
"Y32","V",0.787449303804923,1.45615954561622,0.668710241811302,1.89664145666801,2.05672509776335,1.682616966682
"Y40","A",0.846795173385946,1.31791849882668,0.471123325440736,2.02250512691383,1.90791044290696,1.35549043057422
"Y40","C",0.388403598327933,0.5739460282867,0.185542429958765,1.05032548823158,1.10703393772094,0.882680333460455
"Y40","D",0.533472443042664,1.07870135062913,0.545228907586466,1.35799470536536,1.65039635305096,1.47818024647336
"Y40","E",0.994639201122919,1.79405557666832,0.799416375545396,2.33606009015343,2.42046569728959,1.89901512482869
"Y40","F",-0.272478992929553,-0.641032517967407,-0.368553525037855,-0.351307163282098,-0.200874366055057,-0.0346855213182822
"Y40","G",1.00667669244019,1.80837248499502,0.801695792554833,2.36158980011371,2.43587765937125,1.90278894651861
"Y40","H",0.374331744411835,0.4129655154731,0.0386337710612654,1.02048120094508,0.93374054903999,0.639457140386026
"Y40","I",0.724799549430827,1.27228858475639,0.547489035325569,1.76377074331943,1.85879044511184,1.48192213268746
"Y40","K",1.11532234818401,1.64417691454841,0.528854566364402,2.59201090750875,2.25912330375529,1.4510707514551
"Y40","L",0.967945461377836,0.840885697174468,-0.127059764203363,2.27944667997641,1.39439095371265,0.365133550331532
"Y40","M",0.749036644639869,1.26347064425267,0.514433999612802,1.81517397964647,1.84929804901762,1.42719594164069
"Y40","N",0.7545847455604,1.564138393269,0.809553647708602,1.82694066787064,2.17296289629292,1.91579847662772
"Y40","P",0.951664505545764,1.86065064531346,0.908986139767702,2.24491721953372,2.49215440614791,2.08041973445865
"Y40","Q",1.0328703771782,1.5111679452465,0.478297568068299,2.41714266877439,2.11594091097724,1.36736816611998
"Y40","R",0.679157670539469,1.4164185821461,0.737260911606635,1.66697117774328,2.01394447724714,1.79611002366134
"Y40","S",0.487881506314968,1.22372632279323,0.735844816478265,1.26130318046221,1.80651381367042,1.7937655248319
"Y40","T",1.04821210502986,1.84216709390112,0.793954988871265,2.44968016782789,2.4722571080022,1.88997320779354
"Y40","V",0.73925536662712,1.06533998162632,0.326084614999202,1.79442935901709,1.63601301638838,1.11536313965939
"Y40","W",0.952643216928603,0.785650691324037,-0.166992525604565,2.24699291928545,1.33493120190582,0.299020539640608
"Y4","A",-0.250831226551533,-0.797715843778764,-0.54688461722723,-0.305395504253465,-0.369541889875724,-0.329931955342384
"Y4","C",-0.283780556762832,-0.321098293439134,-0.0373177366763002,-0.375276081651922,0.14353058678363,0.513711194780214
"Y4","D",-0.195611183694501,-0.204726792670602,-0.00911560897609576,-0.188282092415619,0.268802965170305,0.560402871106266
"Y4","E",-0.396599465436609,-0.994789293840139,-0.59818982840353,-0.614548031310067,-0.581688847189279,-0.414873288122258
"Y4","F",-0.340129688878161,-0.551127681463971,-0.210997992585812,-0.49478412211494,-0.104093001005444,0.226164723841637
"Y4","G",0.0810941232412699,-0.410184427038518,-0.491278550279787,0.398568277345724,0.0476305445605278,-0.237870090107444
"Y4","H",-0.101896023008136,-0.377432969385136,-0.275536946377002,0.010473678877929,0.0828870546920788,0.119313497123077
"Y4","I",-0.494269845528949,-1.01009738290858,-0.515827537379625,-0.821692228530779,-0.598167802203983,-0.278513596582657
"Y4","K",-0.384592282378817,-1.41338860109497,-1.02879631871614,-0.589082600613095,-1.03230545404331,-1.12778896183677
"Y4","L",-0.149728959530732,-1.06591296710356,-0.916184007572822,-0.0909727906383645,-0.65825253890472,-0.941347086311381
"Y4","M",-0.264846895280524,-0.918676159801125,-0.653829264520605,-0.335120631202223,-0.499754067070766,-0.506990399630965
"Y4","N",-0.234114598731912,-1.09410946816533,-0.859994869433418,-0.269942049002661,-0.688605698629083,-0.848319883579231
"Y4","P",-0.591009837748905,-0.519407396145866,0.071602441603039,-1.02686321290286,-0.0699465342274069,0.694040344540002
"Y4","Q",-0.447240384670254,-0.748447534308045,-0.30120714963779,-0.721949810142655,-0.316505207649171,0.0768136958804924
"Y4","R",-0.753738931285071,-0.75797121596235,-0.00423228467727377,-1.37198716361478,-0.326757324739293,0.568487743282563
"Y4","S",-0.0945132557901971,-0.215861027019963,-0.121347771229765,0.0261314185855196,0.256817109447489,0.374590373232805
"Y4","T",-0.443371218428695,-1.18279025031728,-0.739419031888584,-0.713743890044223,-0.784069385390864,-0.648693527751289
"Y4","V",-0.382165134695368,-1.57340348859175,-1.19123835389638,-0.583934985154358,-1.20455935986747,-1.396729341407
"Y4","W",-0.513137319905251,-1.59664337946661,-1.08350605956136,-0.861707306075951,-1.22957679441212,-1.21836686214918
"Y64","A",-0.0723273009469079,-0.93601627839508,-0.863688977448172,0.0731844944642375,-0.518420474940614,-0.854435879420819
"Y64","C",-0.143886237551866,-0.297471163772332,-0.153584926220473,-0.0785812554282869,0.168964878756007,0.321218272287101
"Y64","D",-0.226582559280336,-0.350281525568702,-0.123698966288368,-0.253967725321763,0.112115224141249,0.370697715209882
"Y64","E",-0.590367408104221,-1.40275838038209,-0.812390972277871,-1.02550071617772,-1.02086216232083,-0.769506476964192
"Y64","F",-0.199865169280816,-0.0645768690423498,0.13528830023847,-0.197304156509489,0.419672500646551,0.799479179849251
"Y64","G",0.823072727742414,0.410259289210487,-0.412813438531924,1.97219338496816,0.930827332332023,-0.10796260087243
"Y64","H",-0.166874088222905,-0.242281214978268,-0.0754071267553673,-0.127335031840131,0.22837612723877,0.450650084925879
"Y64","I",-0.33404678728138,-0.904704862503408,-0.570658075222024,-0.481883202032041,-0.48471415068167,-0.369291489404627
"Y64","K",-0.0205395817661156,-2.09635794419027,-2.07581836242416,0.183018463631295,-1.76751290096721,-2.86124733386954
"Y64","L",-0.380434896696345,-1.52984414808994,-1.14940925139359,-0.580265410397204,-1.15766830707894,-1.32747673267367
"Y64","M",-0.301054502114635,-0.908072092202637,-0.607017590088004,-0.411911523628813,-0.488338928829334,-0.429488603521032
"Y64","N",-0.303130370526743,-0.650342259954536,-0.347211889427792,-0.416314128547063,-0.210896179928659,0.000647867451758254
"Y64","P",0.163085916325361,-0.452016143598742,-0.615102059924101,0.572460547868614,0.0025992560501224,-0.442873318776118
"Y64","Q",-0.484453993837249,-0.974556229951039,-0.490102236113789,-0.800874282324443,-0.559908222047402,-0.235922574626329
"Y64","R",-0.356164687554561,-0.940821600516633,-0.584656912962076,-0.52879194439553,-0.52359334052287,-0.392468081172725
"Y64","S",-0.13485908792333,-0.271381833515898,-0.13652274559257,-0.0594360277632914,0.197049697033291,0.349466559925658
"Y64","T",-0.324956086612883,-0.33708669438205,-0.0121306077691665,-0.462603192162423,0.12631928505175,0.555411214119745
"Y64","V",-0.362031429012209,-1.28566883990442,-0.923637410892207,-0.5412344213102,-0.894816823702942,-0.953687002611871
"Y64","W",0.304715874111723,-1.0146764526824,-1.31939232679412,0.872836402660235,-0.603097110132273,-1.60890212092376
"Y71","A",-0.175480616250256,-1.44019672174114,-1.26471610549088,-0.145588184304551,-1.06116404064952,-1.51837971584281
"Y71","C",-0.150083401957163,-0.12433061840763,0.0257527835495335,-0.0917245097554054,0.355348381329753,0.618131270719343
"Y71","D",-0.136006932344731,-0.273133375780496,-0.137126443435767,-0.06187043327068,0.195164184997423,0.348467072773735
"Y71","E",-0.275437336450869,-2.0495551906419,-1.77411785419103,-0.357581365279128,-1.71713035701675,-2.36174947230483
"Y71","F",-0.741242700193599,-1.16484661329669,-0.42360391310309,-1.34548453553777,-0.76475329793275,-0.125827399991035
"Y71","G",0.102884462755719,-1.23538130210302,-1.33826576485874,0.444782312569299,-0.840682955685539,-1.64014914138407
"Y71","H",-0.15826065947306,-0.0201906472532638,0.138070012219803,-0.109067243980418,0.467453680182743,0.804084605257057
"Y71","I",-0.557311355613827,-1.30658834443257,-0.749276988818746,-0.955393796864672,-0.917336393095843,-0.665014442935854
"Y71","K",1.0710455578594,1.44338560356183,0.372340045702433,2.49810648962249,2.04297411842598,1.19194401404149
"Y71","L",-0.909992198449959,-1.96109955700197,-1.05110735855201,-1.70337685985005,-1.62190903964443,-1.16472730427632
"Y71","M",-0.6626011333897,-1.06165330840671,-0.399052175017014,-1.17869759144713,-0.653667072767864,-0.0851793389602078
"Y71","N",-0.314901936603398,-0.470222687188635,-0.15532075058524,-0.441279851038099,-0.0169998468457238,0.318344427084352
"Y71","P",0.168657876313787,-0.684480691485254,-0.853138567799039,0.584277837589994,-0.247645749058562,-0.836968533776504
"Y71","Q",-0.413092407910856,-0.939693808337955,-0.526601400427099,-0.649527083561173,-0.522379287188369,-0.296350893524981
"Y71","R",1.2817359972485,0.990974656277354,-0.290761340971141,2.9449492467416,1.5559597291622,0.0941078632713987
"Y71","S",-0.143675274456497,-0.227604681407865,-0.0839294069513681,-0.0781338344088106,0.244175221129406,0.436540527210888
"Y71","T",-0.0556164240427872,-1.42495984369737,-1.36934341965458,0.108625752887575,-1.04476174335916,-1.69160156419861
"Y71","V",-0.658718906634867,-1.58435859787203,-0.925639691237161,-1.17046397196292,-1.21635238982724,-0.957001994543488
"Y71","W",-0.320604734391173,-1.48770255823946,-1.16709782384829,-0.453374628068186,-1.11230344407812,-1.35676207981146
"Y96","A",-0.376919904298283,-1.11200486209028,-0.735084957791992,-0.572810639791776,-0.707869853034062,-0.641517998761335
"Y96","C",-0.00282892209933294,-0.279778485659834,-0.276949563560498,0.220580111036132,0.18801081227534,0.116974756407995
"Y96","D",-0.036819432366066,-0.254171969060867,-0.217352536694802,0.148491347219834,0.215575888048755,0.21564408795591
"Y96","E",0.0119763494922775,-0.802488635854106,-0.814464985346383,0.251979866986496,-0.374679737294332,-0.772940230187367
"Y96","F",-0.291154590246151,-0.932542236019437,-0.641387645773285,-0.390915298420986,-0.514680714362304,-0.486391952531608
"Y96","G",-0.515092848914717,-0.0744318989018744,0.440660950012841,-0.865854689207098,0.409063691604637,1.30505666937996
"Y96","H",0.203922305057569,-0.241462962921201,-0.44538526797877,0.659068391037943,0.229256964734477,-0.161888791621098
"Y96","I",-0.21078797825864,-0.430674478840251,-0.219886500581611,-0.220469792754248,0.0255732753363828,0.21144883634644
"Y96","K",-0.0461662226738113,-0.482639141019412,-0.436472918345599,0.128668209713276,-0.0303659948479195,-0.147133431713498
"Y96","L",-0.435992930418353,-0.787261807599659,-0.351268877181306,-0.698095650062762,-0.358288258468996,-0.00606891509243607
"Y96","M",NA,NA,NA,NA,NA,NA
"Y96","N",-0.436420315225581,-0.905639850547802,-0.469219535322221,-0.699002069006907,-0.485720652920713,-0.201349002144894
"Y96","P",0.312482087318902,0.541597635650234,0.229115548331334,0.889307373682616,1.07221132173855,0.95482034932011
"Y96","Q",-0.172380704824084,-0.325105513766937,-0.152724808942853,-0.139013738057667,0.139216867205656,0.322642289579555
"Y96","R",-0.407582468307284,-1.77987152130649,-1.3722890529992,-0.637841329754979,-1.42681946090749,-1.69647837917386
"Y96","S",-0.317970021184001,-0.235843893970971,0.0821261272130318,-0.44778679732881,0.235305817993782,0.711463445643659
"Y96","T",-0.334058054090052,-0.450621749609654,-0.116563695519602,-0.481907097239936,0.00410030270044078,0.382510928623263
"Y96","V",-0.533534874430785,-0.526466572641699,0.00706830178908646,-0.904967453660744,-0.0775456441748094,0.58719708788205
"Y96","W",-0.218910147283816,-0.418699705200609,-0.199789557916787,-0.237695692569734,0.0384639604661015,0.24472150116181
"T2","T",NA,NA,NA,NA,NA,NA
"T2","X",NA,NA,NA,NA,NA,NA
"E3","E",NA,NA,NA,NA,NA,NA
"E3","X",NA,NA,NA,NA,NA,NA
"Y4","Y",NA,NA,NA,NA,NA,NA
"Y4","X",NA,NA,NA,NA,NA,NA
"K5","K",NA,NA,NA,NA,NA,NA
"K5","X",NA,NA,NA,NA,NA,NA
"L6","L",NA,NA,NA,NA,NA,NA
"L6","X",NA,NA,NA,NA,NA,NA
"V7","V",NA,NA,NA,NA,NA,NA
"V7","X",NA,NA,NA,NA,NA,NA
"V8","V",NA,NA,NA,NA,NA,NA
"V8","X",NA,NA,NA,NA,NA,NA
"V9","V",NA,NA,NA,NA,NA,NA
"V9","X",NA,NA,NA,NA,NA,NA
"G10","G",NA,NA,NA,NA,NA,NA
"G10","X",NA,NA,NA,NA,NA,NA
"A11","A",NA,NA,NA,NA,NA,NA
"A11","X",NA,NA,NA,NA,NA,NA
"D12","D",NA,NA,NA,NA,NA,NA
"D12","X",NA,NA,NA,NA,NA,NA
"G13","G",NA,NA,NA,NA,NA,NA
"G13","X",NA,NA,NA,NA,NA,NA
"V14","V",NA,NA,NA,NA,NA,NA
"V14","X",NA,NA,NA,NA,NA,NA
"G15","G",NA,NA,NA,NA,NA,NA
"G15","X",NA,NA,NA,NA,NA,NA
"K16","K",NA,NA,NA,NA,NA,NA
"K16","X",NA,NA,NA,NA,NA,NA
"S17","S",NA,NA,NA,NA,NA,NA
"S17","X",NA,NA,NA,NA,NA,NA
"A18","A",NA,NA,NA,NA,NA,NA
"A18","X",NA,NA,NA,NA,NA,NA
"L19","L",NA,NA,NA,NA,NA,NA
"L19","X",NA,NA,NA,NA,NA,NA
"T20","T",NA,NA,NA,NA,NA,NA
"T20","X",NA,NA,NA,NA,NA,NA
"I21","I",NA,NA,NA,NA,NA,NA
"I21","X",NA,NA,NA,NA,NA,NA
"Q22","Q",NA,NA,NA,NA,NA,NA
"Q22","X",NA,NA,NA,NA,NA,NA
"L23","L",NA,NA,NA,NA,NA,NA
"L23","X",NA,NA,NA,NA,NA,NA
"I24","A",NA,NA,NA,NA,NA,NA
"I24","I",NA,NA,NA,NA,NA,NA
"I24","X",NA,NA,NA,NA,NA,NA
"Q25","Q",NA,NA,NA,NA,NA,NA
"Q25","X",NA,NA,NA,NA,NA,NA
"N26","N",NA,NA,NA,NA,NA,NA
"N26","X",NA,NA,NA,NA,NA,NA
"H27","H",NA,NA,NA,NA,NA,NA
"H27","X",NA,NA,NA,NA,NA,NA
"F28","F",NA,NA,NA,NA,NA,NA
"F28","M",NA,NA,NA,NA,NA,NA
"F28","X",NA,NA,NA,NA,NA,NA
"V29","V",NA,NA,NA,NA,NA,NA
"V29","X",NA,NA,NA,NA,NA,NA
"D30","D",NA,NA,NA,NA,NA,NA
"D30","X",NA,NA,NA,NA,NA,NA
"E31","E",NA,NA,NA,NA,NA,NA
"E31","X",NA,NA,NA,NA,NA,NA
"Y32","M",NA,NA,NA,NA,NA,NA
"Y32","W",NA,NA,NA,NA,NA,NA
"Y32","Y",NA,NA,NA,NA,NA,NA
"Y32","X",NA,NA,NA,NA,NA,NA
"D33","D",NA,NA,NA,NA,NA,NA
"D33","X",NA,NA,NA,NA,NA,NA
"P34","P",NA,NA,NA,NA,NA,NA
"P34","X",NA,NA,NA,NA,NA,NA
"T35","T",NA,NA,NA,NA,NA,NA
"T35","X",NA,NA,NA,NA,NA,NA
"I36","I",NA,NA,NA,NA,NA,NA
"I36","Y",NA,NA,NA,NA,NA,NA
"I36","X",NA,NA,NA,NA,NA,NA
"E37","E",NA,NA,NA,NA,NA,NA
"E37","X",NA,NA,NA,NA,NA,NA
"D38","D",NA,NA,NA,NA,NA,NA
"D38","X",NA,NA,NA,NA,NA,NA
"S39","P",NA,NA,NA,NA,NA,NA
"S39","S",NA,NA,NA,NA,NA,NA
"S39","X",NA,NA,NA,NA,NA,NA
"Y40","Y",NA,NA,NA,NA,NA,NA
"Y40","X",NA,NA,NA,NA,NA,NA
"R41","R",NA,NA,NA,NA,NA,NA
"R41","X",NA,NA,NA,NA,NA,NA
"K42","K",NA,NA,NA,NA,NA,NA
"K42","X",NA,NA,NA,NA,NA,NA
"Q43","Q",NA,NA,NA,NA,NA,NA
"Q43","X",NA,NA,NA,NA,NA,NA
"V44","V",NA,NA,NA,NA,NA,NA
"V44","X",NA,NA,NA,NA,NA,NA
"V45","V",NA,NA,NA,NA,NA,NA
"V45","X",NA,NA,NA,NA,NA,NA
"I46","I",NA,NA,NA,NA,NA,NA
"I46","X",NA,NA,NA,NA,NA,NA
"D47","D",NA,NA,NA,NA,NA,NA
"D47","X",NA,NA,NA,NA,NA,NA
"G48","G",NA,NA,NA,NA,NA,NA
"G48","X",NA,NA,NA,NA,NA,NA
"E49","E",NA,NA,NA,NA,NA,NA
"E49","X",NA,NA,NA,NA,NA,NA
"T50","T",NA,NA,NA,NA,NA,NA
"T50","X",NA,NA,NA,NA,NA,NA
"C51","C",NA,NA,NA,NA,NA,NA
"C51","X",NA,NA,NA,NA,NA,NA
"L52","L",NA,NA,NA,NA,NA,NA
"L52","X",NA,NA,NA,NA,NA,NA
"L53","L",NA,NA,NA,NA,NA,NA
"L53","X",NA,NA,NA,NA,NA,NA
"D54","D",NA,NA,NA,NA,NA,NA
"D54","X",NA,NA,NA,NA,NA,NA
"I55","I",NA,NA,NA,NA,NA,NA
"I55","P",NA,NA,NA,NA,NA,NA
"I55","X",NA,NA,NA,NA,NA,NA
"L56","L",NA,NA,NA,NA,NA,NA
"L56","X",NA,NA,NA,NA,NA,NA
"D57","D",NA,NA,NA,NA,NA,NA
"D57","X",NA,NA,NA,NA,NA,NA
"T58","T",NA,NA,NA,NA,NA,NA
"T58","X",NA,NA,NA,NA,NA,NA
"A59","A",NA,NA,NA,NA,NA,NA
"A59","X",NA,NA,NA,NA,NA,NA
"G60","G",NA,NA,NA,NA,NA,NA
"G60","X",NA,NA,NA,NA,NA,NA
"Q61","Q",NA,NA,NA,NA,NA,NA
"Q61","X",NA,NA,NA,NA,NA,NA
"E62","E",NA,NA,NA,NA,NA,NA
"E62","X",NA,NA,NA,NA,NA,NA
"E63","E",NA,NA,NA,NA,NA,NA
"E63","X",NA,NA,NA,NA,NA,NA
"Y64","Y",NA,NA,NA,NA,NA,NA
"Y64","X",NA,NA,NA,NA,NA,NA
"S65","S",NA,NA,NA,NA,NA,NA
"S65","X",NA,NA,NA,NA,NA,NA
"A66","A",NA,NA,NA,NA,NA,NA
"A66","H",NA,NA,NA,NA,NA,NA
"A66","X",NA,NA,NA,NA,NA,NA
"M67","M",NA,NA,NA,NA,NA,NA
"M67","X",NA,NA,NA,NA,NA,NA
"R68","R",NA,NA,NA,NA,NA,NA
"R68","X",NA,NA,NA,NA,NA,NA
"D69","D",NA,NA,NA,NA,NA,NA
"D69","X",NA,NA,NA,NA,NA,NA
"Q70","Q",NA,NA,NA,NA,NA,NA
"Q70","X",NA,NA,NA,NA,NA,NA
"Y71","Y",NA,NA,NA,NA,NA,NA
"Y71","X",NA,NA,NA,NA,NA,NA
"M72","M",NA,NA,NA,NA,NA,NA
"M72","X",NA,NA,NA,NA,NA,NA
"R73","R",NA,NA,NA,NA,NA,NA
"R73","X",NA,NA,NA,NA,NA,NA
"T74","T",NA,NA,NA,NA,NA,NA
"T74","X",NA,NA,NA,NA,NA,NA
"G75","G",NA,NA,NA,NA,NA,NA
"G75","X",NA,NA,NA,NA,NA,NA
"E76","E",NA,NA,NA,NA,NA,NA
"E76","X",NA,NA,NA,NA,NA,NA
"G77","G",NA,NA,NA,NA,NA,NA
"G77","X",NA,NA,NA,NA,NA,NA
"F78","F",NA,NA,NA,NA,NA,NA
"F78","X",NA,NA,NA,NA,NA,NA
"L79","L",NA,NA,NA,NA,NA,NA
"L79","X",NA,NA,NA,NA,NA,NA
"C80","C",NA,NA,NA,NA,NA,NA
"C80","X",NA,NA,NA,NA,NA,NA
"V81","V",NA,NA,NA,NA,NA,NA
"V81","X",NA,NA,NA,NA,NA,NA
"F82","F",NA,NA,NA,NA,NA,NA
"F82","X",NA,NA,NA,NA,NA,NA
"A83","A",NA,NA,NA,NA,NA,NA
"A83","X",NA,NA,NA,NA,NA,NA
"I84","I",NA,NA,NA,NA,NA,NA
"I84","X",NA,NA,NA,NA,NA,NA
"N85","C",NA,NA,NA,NA,NA,NA
"N85","N",NA,NA,NA,NA,NA,NA
"N85","W",NA,NA,NA,NA,NA,NA
"N85","X",NA,NA,NA,NA,NA,NA
"N86","N",NA,NA,NA,NA,NA,NA
"N86","X",NA,NA,NA,NA,NA,NA
"T87","T",NA,NA,NA,NA,NA,NA
"T87","X",NA,NA,NA,NA,NA,NA
"K88","K",NA,NA,NA,NA,NA,NA
"K88","X",NA,NA,NA,NA,NA,NA
"S89","S",NA,NA,NA,NA,NA,NA
"S89","X",NA,NA,NA,NA,NA,NA
"F90","F",NA,NA,NA,NA,NA,NA
"F90","X",NA,NA,NA,NA,NA,NA
"E91","E",NA,NA,NA,NA,NA,NA
"E91","X",NA,NA,NA,NA,NA,NA
"D92","D",NA,NA,NA,NA,NA,NA
"D92","X",NA,NA,NA,NA,NA,NA
"I93","I",NA,NA,NA,NA,NA,NA
"I93","X",NA,NA,NA,NA,NA,NA
"H94","H",NA,NA,NA,NA,NA,NA
"H94","X",NA,NA,NA,NA,NA,NA
"H95","H",NA,NA,NA,NA,NA,NA
"H95","X",NA,NA,NA,NA,NA,NA
"Y96","Y",NA,NA,NA,NA,NA,NA
"Y96","X",NA,NA,NA,NA,NA,NA
"R97","R",NA,NA,NA,NA,NA,NA
"R97","X",NA,NA,NA,NA,NA,NA
"E98","E",NA,NA,NA,NA,NA,NA
"E98","X",NA,NA,NA,NA,NA,NA
"Q99","Q",NA,NA,NA,NA,NA,NA
"Q99","X",NA,NA,NA,NA,NA,NA
"I100","I",NA,NA,NA,NA,NA,NA
"I100","X",NA,NA,NA,NA,NA,NA
"K101","K",NA,NA,NA,NA,NA,NA
"K101","X",NA,NA,NA,NA,NA,NA
"R102","R",NA,NA,NA,NA,NA,NA
"R102","X",NA,NA,NA,NA,NA,NA
"V103","V",NA,NA,NA,NA,NA,NA
"V103","X",NA,NA,NA,NA,NA,NA
"K104","K",NA,NA,NA,NA,NA,NA
"K104","X",NA,NA,NA,NA,NA,NA
"D105","D",NA,NA,NA,NA,NA,NA
"D105","X",NA,NA,NA,NA,NA,NA
"S106","S",NA,NA,NA,NA,NA,NA
"S106","X",NA,NA,NA,NA,NA,NA
"E107","E",NA,NA,NA,NA,NA,NA
"E107","X",NA,NA,NA,NA,NA,NA
"D108","D",NA,NA,NA,NA,NA,NA
"D108","X",NA,NA,NA,NA,NA,NA
"V109","V",NA,NA,NA,NA,NA,NA
"V109","X",NA,NA,NA,NA,NA,NA
"P110","P",NA,NA,NA,NA,NA,NA
"P110","X",NA,NA,NA,NA,NA,NA
"M111","M",NA,NA,NA,NA,NA,NA
"M111","X",NA,NA,NA,NA,NA,NA
"V112","V",NA,NA,NA,NA,NA,NA
"V112","X",NA,NA,NA,NA,NA,NA
"L113","L",NA,NA,NA,NA,NA,NA
"L113","X",NA,NA,NA,NA,NA,NA
"V114","V",NA,NA,NA,NA,NA,NA
"V114","X",NA,NA,NA,NA,NA,NA
"G115","G",NA,NA,NA,NA,NA,NA
"G115","X",NA,NA,NA,NA,NA,NA
"N116","N",NA,NA,NA,NA,NA,NA
"N116","X",NA,NA,NA,NA,NA,NA
"K117","K",NA,NA,NA,NA,NA,NA
"K117","X",NA,NA,NA,NA,NA,NA
"C118","C",NA,NA,NA,NA,NA,NA
"C118","X",NA,NA,NA,NA,NA,NA
"D119","D",NA,NA,NA,NA,NA,NA
"D119","X",NA,NA,NA,NA,NA,NA
"L120","L",NA,NA,NA,NA,NA,NA
"L120","X",NA,NA,NA,NA,NA,NA
"P121","P",NA,NA,NA,NA,NA,NA
"P121","X",NA,NA,NA,NA,NA,NA
"S122","S",NA,NA,NA,NA,NA,NA
"S122","X",NA,NA,NA,NA,NA,NA
"R123","R",NA,NA,NA,NA,NA,NA
"R123","X",NA,NA,NA,NA,NA,NA
"T124","T",NA,NA,NA,NA,NA,NA
"T124","X",NA,NA,NA,NA,NA,NA
"V125","V",NA,NA,NA,NA,NA,NA
"V125","Y",NA,NA,NA,NA,NA,NA
"V125","X",NA,NA,NA,NA,NA,NA
"D126","D",NA,NA,NA,NA,NA,NA
"D126","X",NA,NA,NA,NA,NA,NA
"T127","T",NA,NA,NA,NA,NA,NA
"T127","X",NA,NA,NA,NA,NA,NA
"K128","K",NA,NA,NA,NA,NA,NA
"K128","X",NA,NA,NA,NA,NA,NA
"Q129","Q",NA,NA,NA,NA,NA,NA
"Q129","X",NA,NA,NA,NA,NA,NA
"A130","A",NA,NA,NA,NA,NA,NA
"A130","X",NA,NA,NA,NA,NA,NA
"Q131","Q",NA,NA,NA,NA,NA,NA
"Q131","X",NA,NA,NA,NA,NA,NA
"D132","D",NA,NA,NA,NA,NA,NA
"D132","X",NA,NA,NA,NA,NA,NA
"L133","L",NA,NA,NA,NA,NA,NA
"L133","X",NA,NA,NA,NA,NA,NA
"A134","A",NA,NA,NA,NA,NA,NA
"A134","X",NA,NA,NA,NA,NA,NA
"R135","R",NA,NA,NA,NA,NA,NA
"R135","X",NA,NA,NA,NA,NA,NA
"S136","S",NA,NA,NA,NA,NA,NA
"S136","X",NA,NA,NA,NA,NA,NA
"Y137","Y",NA,NA,NA,NA,NA,NA
"Y137","X",NA,NA,NA,NA,NA,NA
"G138","G",NA,NA,NA,NA,NA,NA
"G138","X",NA,NA,NA,NA,NA,NA
"I139","I",NA,NA,NA,NA,NA,NA
"I139","X",NA,NA,NA,NA,NA,NA
"P140","P",NA,NA,NA,NA,NA,NA
"P140","X",NA,NA,NA,NA,NA,NA
"F141","F",NA,NA,NA,NA,NA,NA
"F141","X",NA,NA,NA,NA,NA,NA
"I142","I",NA,NA,NA,NA,NA,NA
"I142","X",NA,NA,NA,NA,NA,NA
"E143","E",NA,NA,NA,NA,NA,NA
"E143","X",NA,NA,NA,NA,NA,NA
"T144","T",NA,NA,NA,NA,NA,NA
"T144","X",NA,NA,NA,NA,NA,NA
"S145","S",NA,NA,NA,NA,NA,NA
"S145","Y",NA,NA,NA,NA,NA,NA
"S145","X",NA,NA,NA,NA,NA,NA
"A146","A",NA,NA,NA,NA,NA,NA
"A146","X",NA,NA,NA,NA,NA,NA
"K147","K",NA,NA,NA,NA,NA,NA
"K147","X",NA,NA,NA,NA,NA,NA
"T148","T",NA,NA,NA,NA,NA,NA
"T148","X",NA,NA,NA,NA,NA,NA
"R149","R",NA,NA,NA,NA,NA,NA
"R149","X",NA,NA,NA,NA,NA,NA
"Q150","Q",NA,NA,NA,NA,NA,NA
"Q150","X",NA,NA,NA,NA,NA,NA
"G151","G",NA,NA,NA,NA,NA,NA
"G151","X",NA,NA,NA,NA,NA,NA
"V152","V",NA,NA,NA,NA,NA,NA
"V152","X",NA,NA,NA,NA,NA,NA
"D153","D",NA,NA,NA,NA,NA,NA
"D153","X",NA,NA,NA,NA,NA,NA
"D154","D",NA,NA,NA,NA,NA,NA
"D154","X",NA,NA,NA,NA,NA,NA
"A155","A",NA,NA,NA,NA,NA,NA
"A155","X",NA,NA,NA,NA,NA,NA
"F156","F",NA,NA,NA,NA,NA,NA
"F156","X",NA,NA,NA,NA,NA,NA
"Y157","Y",NA,NA,NA,NA,NA,NA
"Y157","X",NA,NA,NA,NA,NA,NA
"T158","T",NA,NA,NA,NA,NA,NA
"T158","X",NA,NA,NA,NA,NA,NA
"L159","L",NA,NA,NA,NA,NA,NA
"L159","Y",NA,NA,NA,NA,NA,NA
"L159","X",NA,NA,NA,NA,NA,NA
"V160","V",NA,NA,NA,NA,NA,NA
"V160","X",NA,NA,NA,NA,NA,NA
"R161","R",NA,NA,NA,NA,NA,NA
"R161","X",NA,NA,NA,NA,NA,NA
"E162","E",NA,NA,NA,NA,NA,NA
"E162","X",NA,NA,NA,NA,NA,NA
"I163","I",NA,NA,NA,NA,NA,NA
"I163","X",NA,NA,NA,NA,NA,NA
"R164","R",NA,NA,NA,NA,NA,NA
"R164","X",NA,NA,NA,NA,NA,NA
"K165","K",NA,NA,NA,NA,NA,NA
"K165","X",NA,NA,NA,NA,NA,NA
"H166","H",NA,NA,NA,NA,NA,NA
"H166","X",NA,NA,NA,NA,NA,NA
"K167","K",NA,NA,NA,NA,NA,NA
"K167","M",NA,NA,NA,NA,NA,NA
"K167","X",NA,NA,NA,NA,NA,NA
"E168","E",NA,NA,NA,NA,NA,NA
"E168","X",NA,NA,NA,NA,NA,NA
"K169","H",NA,NA,NA,NA,NA,NA
"K169","K",NA,NA,NA,NA,NA,NA
"K169","X",NA,NA,NA,NA,NA,NA
"M170","M",NA,NA,NA,NA,NA,NA
"M170","X",NA,NA,NA,NA,NA,NA
"S171","S",NA,NA,NA,NA,NA,NA
"S171","X",NA,NA,NA,NA,NA,NA
"K172","K",NA,NA,NA,NA,NA,NA
"K172","X",NA,NA,NA,NA,NA,NA
"D173","D",NA,NA,NA,NA,NA,NA
"D173","X",NA,NA,NA,NA,NA,NA
"G174","G",NA,NA,NA,NA,NA,NA
"G174","X",NA,NA,NA,NA,NA,NA
"K175","K",NA,NA,NA,NA,NA,NA
"K175","X",NA,NA,NA,NA,NA,NA
"K176","K",NA,NA,NA,NA,NA,NA
"K176","X",NA,NA,NA,NA,NA,NA
"K177","K",NA,NA,NA,NA,NA,NA
"K177","X",NA,NA,NA,NA,NA,NA
"K178","K",NA,NA,NA,NA,NA,NA
"K178","X",NA,NA,NA,NA,NA,NA
"K179","K",NA,NA,NA,NA,NA,NA
"K179","X",NA,NA,NA,NA,NA,NA
"K180","K",NA,NA,NA,NA,NA,NA
"K180","X",NA,NA,NA,NA,NA,NA
"S181","S",NA,NA,NA,NA,NA,NA
"S181","X",NA,NA,NA,NA,NA,NA
"K182","K",NA,NA,NA,NA,NA,NA
"K182","X",NA,NA,NA,NA,NA,NA
"T183","T",NA,NA,NA,NA,NA,NA
"T183","X",NA,NA,NA,NA,NA,NA
"K184","K",NA,NA,NA,NA,NA,NA
"K184","X",NA,NA,NA,NA,NA,NA
"C185","C",NA,NA,NA,NA,NA,NA
"C185","X",NA,NA,NA,NA,NA,NA
"V186","V",NA,NA,NA,NA,NA,NA
"V186","X",NA,NA,NA,NA,NA,NA
"I187","H",NA,NA,NA,NA,NA,NA
"I187","I",NA,NA,NA,NA,NA,NA
"I187","X",NA,NA,NA,NA,NA,NA
"M188","M",NA,NA,NA,NA,NA,NA
"M188","X",NA,NA,NA,NA,NA,NA
